ISO-10303-21;
HEADER;
/* Generated by software containing ST-Developer
 * from STEP Tools, Inc. (www.steptools.com) 
 */

FILE_DESCRIPTION(
/* description */ (''),
/* implementation_level */ '2;1');

FILE_NAME(
/* name */ 'Prime pad Bracket.step',
/* time_stamp */ '2026-04-29T21:50:21-06:00',
/* author */ (''),
/* organization */ (''),
/* preprocessor_version */ 'ST-DEVELOPER v20.1',
/* originating_system */ 'Autodesk Translation Framework v14.24.0.0',
/* authorisation */ '');

FILE_SCHEMA (('AUTOMOTIVE_DESIGN { 1 0 10303 214 3 1 1 }'));
ENDSEC;

DATA;
#10=MECHANICAL_DESIGN_GEOMETRIC_PRESENTATION_REPRESENTATION('',(#13),#2962);
#11=SHAPE_REPRESENTATION_RELATIONSHIP('SRR','None',#2969,#12);
#12=ADVANCED_BREP_SHAPE_REPRESENTATION('',(#14),#2961);
#13=STYLED_ITEM('',(#2978),#14);
#14=MANIFOLD_SOLID_BREP('Body5',#1618);
#15=FACE_BOUND('',#117,.T.);
#16=FACE_BOUND('',#118,.T.);
#17=FACE_BOUND('',#119,.T.);
#18=FACE_BOUND('',#199,.T.);
#19=FACE_BOUND('',#200,.T.);
#20=FACE_BOUND('',#201,.T.);
#21=PLANE('',#1635);
#22=PLANE('',#1645);
#23=PLANE('',#1722);
#24=PLANE('',#1873);
#25=PLANE('',#1876);
#26=FACE_OUTER_BOUND('',#111,.T.);
#27=FACE_OUTER_BOUND('',#112,.T.);
#28=FACE_OUTER_BOUND('',#113,.T.);
#29=FACE_OUTER_BOUND('',#114,.T.);
#30=FACE_OUTER_BOUND('',#115,.T.);
#31=FACE_OUTER_BOUND('',#116,.T.);
#32=FACE_OUTER_BOUND('',#120,.T.);
#33=FACE_OUTER_BOUND('',#121,.T.);
#34=FACE_OUTER_BOUND('',#122,.T.);
#35=FACE_OUTER_BOUND('',#123,.T.);
#36=FACE_OUTER_BOUND('',#124,.T.);
#37=FACE_OUTER_BOUND('',#125,.T.);
#38=FACE_OUTER_BOUND('',#126,.T.);
#39=FACE_OUTER_BOUND('',#127,.T.);
#40=FACE_OUTER_BOUND('',#128,.T.);
#41=FACE_OUTER_BOUND('',#129,.T.);
#42=FACE_OUTER_BOUND('',#130,.T.);
#43=FACE_OUTER_BOUND('',#131,.T.);
#44=FACE_OUTER_BOUND('',#132,.T.);
#45=FACE_OUTER_BOUND('',#133,.T.);
#46=FACE_OUTER_BOUND('',#134,.T.);
#47=FACE_OUTER_BOUND('',#135,.T.);
#48=FACE_OUTER_BOUND('',#136,.T.);
#49=FACE_OUTER_BOUND('',#137,.T.);
#50=FACE_OUTER_BOUND('',#138,.T.);
#51=FACE_OUTER_BOUND('',#139,.T.);
#52=FACE_OUTER_BOUND('',#140,.T.);
#53=FACE_OUTER_BOUND('',#141,.T.);
#54=FACE_OUTER_BOUND('',#142,.T.);
#55=FACE_OUTER_BOUND('',#143,.T.);
#56=FACE_OUTER_BOUND('',#144,.T.);
#57=FACE_OUTER_BOUND('',#145,.T.);
#58=FACE_OUTER_BOUND('',#146,.T.);
#59=FACE_OUTER_BOUND('',#147,.T.);
#60=FACE_OUTER_BOUND('',#148,.T.);
#61=FACE_OUTER_BOUND('',#149,.T.);
#62=FACE_OUTER_BOUND('',#150,.T.);
#63=FACE_OUTER_BOUND('',#151,.T.);
#64=FACE_OUTER_BOUND('',#152,.T.);
#65=FACE_OUTER_BOUND('',#153,.T.);
#66=FACE_OUTER_BOUND('',#154,.T.);
#67=FACE_OUTER_BOUND('',#155,.T.);
#68=FACE_OUTER_BOUND('',#156,.T.);
#69=FACE_OUTER_BOUND('',#157,.T.);
#70=FACE_OUTER_BOUND('',#158,.T.);
#71=FACE_OUTER_BOUND('',#159,.T.);
#72=FACE_OUTER_BOUND('',#160,.T.);
#73=FACE_OUTER_BOUND('',#161,.T.);
#74=FACE_OUTER_BOUND('',#162,.T.);
#75=FACE_OUTER_BOUND('',#163,.T.);
#76=FACE_OUTER_BOUND('',#164,.T.);
#77=FACE_OUTER_BOUND('',#165,.T.);
#78=FACE_OUTER_BOUND('',#166,.T.);
#79=FACE_OUTER_BOUND('',#167,.T.);
#80=FACE_OUTER_BOUND('',#168,.T.);
#81=FACE_OUTER_BOUND('',#169,.T.);
#82=FACE_OUTER_BOUND('',#170,.T.);
#83=FACE_OUTER_BOUND('',#171,.T.);
#84=FACE_OUTER_BOUND('',#172,.T.);
#85=FACE_OUTER_BOUND('',#173,.T.);
#86=FACE_OUTER_BOUND('',#174,.T.);
#87=FACE_OUTER_BOUND('',#175,.T.);
#88=FACE_OUTER_BOUND('',#176,.T.);
#89=FACE_OUTER_BOUND('',#177,.T.);
#90=FACE_OUTER_BOUND('',#178,.T.);
#91=FACE_OUTER_BOUND('',#179,.T.);
#92=FACE_OUTER_BOUND('',#180,.T.);
#93=FACE_OUTER_BOUND('',#181,.T.);
#94=FACE_OUTER_BOUND('',#182,.T.);
#95=FACE_OUTER_BOUND('',#183,.T.);
#96=FACE_OUTER_BOUND('',#184,.T.);
#97=FACE_OUTER_BOUND('',#185,.T.);
#98=FACE_OUTER_BOUND('',#186,.T.);
#99=FACE_OUTER_BOUND('',#187,.T.);
#100=FACE_OUTER_BOUND('',#188,.T.);
#101=FACE_OUTER_BOUND('',#189,.T.);
#102=FACE_OUTER_BOUND('',#190,.T.);
#103=FACE_OUTER_BOUND('',#191,.T.);
#104=FACE_OUTER_BOUND('',#192,.T.);
#105=FACE_OUTER_BOUND('',#193,.T.);
#106=FACE_OUTER_BOUND('',#194,.T.);
#107=FACE_OUTER_BOUND('',#195,.T.);
#108=FACE_OUTER_BOUND('',#196,.T.);
#109=FACE_OUTER_BOUND('',#197,.T.);
#110=FACE_OUTER_BOUND('',#198,.T.);
#111=EDGE_LOOP('',(#955,#956,#957,#958));
#112=EDGE_LOOP('',(#959,#960,#961,#962));
#113=EDGE_LOOP('',(#963,#964,#965,#966));
#114=EDGE_LOOP('',(#967,#968,#969,#970));
#115=EDGE_LOOP('',(#971,#972,#973,#974));
#116=EDGE_LOOP('',(#975,#976,#977,#978,#979,#980,#981,#982,#983,#984,#985,
#986,#987,#988,#989,#990,#991,#992,#993,#994,#995,#996,#997,#998,#999,#1000,
#1001,#1002,#1003,#1004,#1005,#1006,#1007,#1008,#1009,#1010,#1011,#1012,
#1013,#1014,#1015,#1016,#1017,#1018,#1019,#1020,#1021,#1022,#1023,#1024,
#1025,#1026,#1027,#1028,#1029,#1030,#1031,#1032,#1033,#1034,#1035,#1036,
#1037,#1038,#1039,#1040,#1041,#1042,#1043,#1044,#1045,#1046,#1047,#1048,
#1049,#1050,#1051,#1052,#1053,#1054));
#117=EDGE_LOOP('',(#1055));
#118=EDGE_LOOP('',(#1056));
#119=EDGE_LOOP('',(#1057));
#120=EDGE_LOOP('',(#1058,#1059,#1060,#1061));
#121=EDGE_LOOP('',(#1062,#1063,#1064,#1065));
#122=EDGE_LOOP('',(#1066,#1067,#1068,#1069));
#123=EDGE_LOOP('',(#1070,#1071,#1072,#1073));
#124=EDGE_LOOP('',(#1074,#1075,#1076,#1077));
#125=EDGE_LOOP('',(#1078,#1079,#1080,#1081));
#126=EDGE_LOOP('',(#1082,#1083,#1084,#1085));
#127=EDGE_LOOP('',(#1086,#1087,#1088,#1089));
#128=EDGE_LOOP('',(#1090,#1091,#1092,#1093));
#129=EDGE_LOOP('',(#1094,#1095,#1096,#1097));
#130=EDGE_LOOP('',(#1098,#1099,#1100,#1101));
#131=EDGE_LOOP('',(#1102,#1103,#1104,#1105));
#132=EDGE_LOOP('',(#1106,#1107,#1108,#1109));
#133=EDGE_LOOP('',(#1110,#1111,#1112,#1113));
#134=EDGE_LOOP('',(#1114,#1115,#1116,#1117));
#135=EDGE_LOOP('',(#1118,#1119,#1120,#1121));
#136=EDGE_LOOP('',(#1122,#1123,#1124,#1125));
#137=EDGE_LOOP('',(#1126,#1127,#1128,#1129));
#138=EDGE_LOOP('',(#1130,#1131,#1132,#1133));
#139=EDGE_LOOP('',(#1134,#1135,#1136,#1137));
#140=EDGE_LOOP('',(#1138,#1139,#1140,#1141));
#141=EDGE_LOOP('',(#1142,#1143,#1144,#1145));
#142=EDGE_LOOP('',(#1146,#1147,#1148,#1149));
#143=EDGE_LOOP('',(#1150,#1151,#1152,#1153));
#144=EDGE_LOOP('',(#1154,#1155,#1156,#1157));
#145=EDGE_LOOP('',(#1158,#1159,#1160,#1161));
#146=EDGE_LOOP('',(#1162,#1163,#1164,#1165));
#147=EDGE_LOOP('',(#1166,#1167,#1168,#1169));
#148=EDGE_LOOP('',(#1170,#1171,#1172,#1173));
#149=EDGE_LOOP('',(#1174,#1175,#1176,#1177));
#150=EDGE_LOOP('',(#1178,#1179,#1180,#1181));
#151=EDGE_LOOP('',(#1182,#1183,#1184,#1185));
#152=EDGE_LOOP('',(#1186,#1187,#1188,#1189));
#153=EDGE_LOOP('',(#1190,#1191,#1192,#1193));
#154=EDGE_LOOP('',(#1194,#1195,#1196,#1197));
#155=EDGE_LOOP('',(#1198,#1199,#1200,#1201));
#156=EDGE_LOOP('',(#1202,#1203,#1204,#1205));
#157=EDGE_LOOP('',(#1206,#1207,#1208,#1209));
#158=EDGE_LOOP('',(#1210,#1211,#1212,#1213));
#159=EDGE_LOOP('',(#1214,#1215,#1216,#1217));
#160=EDGE_LOOP('',(#1218,#1219,#1220,#1221));
#161=EDGE_LOOP('',(#1222,#1223,#1224,#1225));
#162=EDGE_LOOP('',(#1226,#1227,#1228,#1229));
#163=EDGE_LOOP('',(#1230,#1231,#1232,#1233));
#164=EDGE_LOOP('',(#1234,#1235,#1236,#1237));
#165=EDGE_LOOP('',(#1238,#1239,#1240,#1241));
#166=EDGE_LOOP('',(#1242,#1243,#1244,#1245));
#167=EDGE_LOOP('',(#1246,#1247,#1248,#1249));
#168=EDGE_LOOP('',(#1250,#1251,#1252,#1253));
#169=EDGE_LOOP('',(#1254,#1255,#1256,#1257));
#170=EDGE_LOOP('',(#1258,#1259,#1260,#1261));
#171=EDGE_LOOP('',(#1262,#1263,#1264,#1265));
#172=EDGE_LOOP('',(#1266,#1267,#1268,#1269));
#173=EDGE_LOOP('',(#1270,#1271,#1272,#1273));
#174=EDGE_LOOP('',(#1274,#1275,#1276,#1277));
#175=EDGE_LOOP('',(#1278,#1279,#1280,#1281));
#176=EDGE_LOOP('',(#1282,#1283,#1284,#1285));
#177=EDGE_LOOP('',(#1286,#1287,#1288,#1289));
#178=EDGE_LOOP('',(#1290,#1291,#1292,#1293));
#179=EDGE_LOOP('',(#1294,#1295,#1296,#1297));
#180=EDGE_LOOP('',(#1298,#1299,#1300,#1301));
#181=EDGE_LOOP('',(#1302,#1303,#1304,#1305));
#182=EDGE_LOOP('',(#1306,#1307,#1308,#1309));
#183=EDGE_LOOP('',(#1310,#1311,#1312,#1313));
#184=EDGE_LOOP('',(#1314,#1315,#1316,#1317));
#185=EDGE_LOOP('',(#1318,#1319,#1320,#1321));
#186=EDGE_LOOP('',(#1322,#1323,#1324,#1325));
#187=EDGE_LOOP('',(#1326,#1327,#1328,#1329));
#188=EDGE_LOOP('',(#1330,#1331,#1332,#1333));
#189=EDGE_LOOP('',(#1334,#1335,#1336,#1337));
#190=EDGE_LOOP('',(#1338,#1339,#1340,#1341));
#191=EDGE_LOOP('',(#1342,#1343,#1344,#1345));
#192=EDGE_LOOP('',(#1346,#1347,#1348,#1349));
#193=EDGE_LOOP('',(#1350,#1351,#1352,#1353));
#194=EDGE_LOOP('',(#1354,#1355,#1356,#1357));
#195=EDGE_LOOP('',(#1358,#1359,#1360,#1361));
#196=EDGE_LOOP('',(#1362,#1363,#1364,#1365));
#197=EDGE_LOOP('',(#1366,#1367,#1368,#1369));
#198=EDGE_LOOP('',(#1370,#1371,#1372,#1373,#1374,#1375,#1376,#1377,#1378,
#1379,#1380,#1381,#1382,#1383,#1384,#1385,#1386,#1387,#1388,#1389,#1390,
#1391,#1392,#1393,#1394,#1395,#1396,#1397,#1398,#1399,#1400,#1401,#1402,
#1403,#1404,#1405,#1406,#1407,#1408,#1409,#1410,#1411,#1412,#1413,#1414,
#1415,#1416,#1417,#1418,#1419,#1420,#1421,#1422,#1423,#1424,#1425,#1426,
#1427,#1428,#1429,#1430,#1431,#1432,#1433,#1434,#1435,#1436,#1437,#1438,
#1439,#1440,#1441,#1442,#1443,#1444,#1445,#1446,#1447,#1448,#1449));
#199=EDGE_LOOP('',(#1450));
#200=EDGE_LOOP('',(#1451));
#201=EDGE_LOOP('',(#1452));
#202=LINE('',#2464,#291);
#203=LINE('',#2467,#292);
#204=LINE('',#2470,#293);
#205=LINE('',#2472,#294);
#206=LINE('',#2473,#295);
#207=LINE('',#2479,#296);
#208=LINE('',#2482,#297);
#209=LINE('',#2487,#298);
#210=LINE('',#2494,#299);
#211=LINE('',#2497,#300);
#212=LINE('',#2500,#301);
#213=LINE('',#2645,#302);
#214=LINE('',#2654,#303);
#215=LINE('',#2655,#304);
#216=LINE('',#2661,#305);
#217=LINE('',#2664,#306);
#218=LINE('',#2669,#307);
#219=LINE('',#2672,#308);
#220=LINE('',#2677,#309);
#221=LINE('',#2680,#310);
#222=LINE('',#2685,#311);
#223=LINE('',#2688,#312);
#224=LINE('',#2693,#313);
#225=LINE('',#2696,#314);
#226=LINE('',#2701,#315);
#227=LINE('',#2704,#316);
#228=LINE('',#2709,#317);
#229=LINE('',#2712,#318);
#230=LINE('',#2717,#319);
#231=LINE('',#2720,#320);
#232=LINE('',#2725,#321);
#233=LINE('',#2728,#322);
#234=LINE('',#2733,#323);
#235=LINE('',#2736,#324);
#236=LINE('',#2741,#325);
#237=LINE('',#2744,#326);
#238=LINE('',#2749,#327);
#239=LINE('',#2752,#328);
#240=LINE('',#2757,#329);
#241=LINE('',#2760,#330);
#242=LINE('',#2765,#331);
#243=LINE('',#2768,#332);
#244=LINE('',#2773,#333);
#245=LINE('',#2776,#334);
#246=LINE('',#2781,#335);
#247=LINE('',#2784,#336);
#248=LINE('',#2789,#337);
#249=LINE('',#2792,#338);
#250=LINE('',#2797,#339);
#251=LINE('',#2800,#340);
#252=LINE('',#2805,#341);
#253=LINE('',#2808,#342);
#254=LINE('',#2813,#343);
#255=LINE('',#2816,#344);
#256=LINE('',#2821,#345);
#257=LINE('',#2824,#346);
#258=LINE('',#2829,#347);
#259=LINE('',#2832,#348);
#260=LINE('',#2837,#349);
#261=LINE('',#2840,#350);
#262=LINE('',#2845,#351);
#263=LINE('',#2848,#352);
#264=LINE('',#2853,#353);
#265=LINE('',#2856,#354);
#266=LINE('',#2861,#355);
#267=LINE('',#2864,#356);
#268=LINE('',#2869,#357);
#269=LINE('',#2872,#358);
#270=LINE('',#2877,#359);
#271=LINE('',#2880,#360);
#272=LINE('',#2885,#361);
#273=LINE('',#2888,#362);
#274=LINE('',#2893,#363);
#275=LINE('',#2896,#364);
#276=LINE('',#2901,#365);
#277=LINE('',#2904,#366);
#278=LINE('',#2909,#367);
#279=LINE('',#2912,#368);
#280=LINE('',#2917,#369);
#281=LINE('',#2920,#370);
#282=LINE('',#2925,#371);
#283=LINE('',#2928,#372);
#284=LINE('',#2933,#373);
#285=LINE('',#2936,#374);
#286=LINE('',#2941,#375);
#287=LINE('',#2945,#376);
#288=LINE('',#2949,#377);
#289=LINE('',#2953,#378);
#290=LINE('',#2955,#379);
#291=VECTOR('',#1883,10.);
#292=VECTOR('',#1886,10.);
#293=VECTOR('',#1889,10.);
#294=VECTOR('',#1890,10.);
#295=VECTOR('',#1891,10.);
#296=VECTOR('',#1896,10.);
#297=VECTOR('',#1899,10.);
#298=VECTOR('',#1904,10.);
#299=VECTOR('',#1911,10.);
#300=VECTOR('',#1914,10.);
#301=VECTOR('',#1917,10.);
#302=VECTOR('',#2064,10.);
#303=VECTOR('',#2073,10.);
#304=VECTOR('',#2074,10.);
#305=VECTOR('',#2083,10.);
#306=VECTOR('',#2086,10.);
#307=VECTOR('',#2093,10.);
#308=VECTOR('',#2096,10.);
#309=VECTOR('',#2103,10.);
#310=VECTOR('',#2106,10.);
#311=VECTOR('',#2113,10.);
#312=VECTOR('',#2116,10.);
#313=VECTOR('',#2123,10.);
#314=VECTOR('',#2126,10.);
#315=VECTOR('',#2133,10.);
#316=VECTOR('',#2136,10.);
#317=VECTOR('',#2143,10.);
#318=VECTOR('',#2146,10.);
#319=VECTOR('',#2153,10.);
#320=VECTOR('',#2156,10.);
#321=VECTOR('',#2163,10.);
#322=VECTOR('',#2166,10.);
#323=VECTOR('',#2173,10.);
#324=VECTOR('',#2176,10.);
#325=VECTOR('',#2183,10.);
#326=VECTOR('',#2186,10.);
#327=VECTOR('',#2193,10.);
#328=VECTOR('',#2196,10.);
#329=VECTOR('',#2203,10.);
#330=VECTOR('',#2206,10.);
#331=VECTOR('',#2213,10.);
#332=VECTOR('',#2216,10.);
#333=VECTOR('',#2223,10.);
#334=VECTOR('',#2226,10.);
#335=VECTOR('',#2233,10.);
#336=VECTOR('',#2236,10.);
#337=VECTOR('',#2243,10.);
#338=VECTOR('',#2246,10.);
#339=VECTOR('',#2253,10.);
#340=VECTOR('',#2256,10.);
#341=VECTOR('',#2263,10.);
#342=VECTOR('',#2266,10.);
#343=VECTOR('',#2273,10.);
#344=VECTOR('',#2276,10.);
#345=VECTOR('',#2283,10.);
#346=VECTOR('',#2286,10.);
#347=VECTOR('',#2293,10.);
#348=VECTOR('',#2296,10.);
#349=VECTOR('',#2303,10.);
#350=VECTOR('',#2306,10.);
#351=VECTOR('',#2313,10.);
#352=VECTOR('',#2316,10.);
#353=VECTOR('',#2323,10.);
#354=VECTOR('',#2326,10.);
#355=VECTOR('',#2333,10.);
#356=VECTOR('',#2336,10.);
#357=VECTOR('',#2343,10.);
#358=VECTOR('',#2346,10.);
#359=VECTOR('',#2353,10.);
#360=VECTOR('',#2356,10.);
#361=VECTOR('',#2363,10.);
#362=VECTOR('',#2366,10.);
#363=VECTOR('',#2373,10.);
#364=VECTOR('',#2376,10.);
#365=VECTOR('',#2383,10.);
#366=VECTOR('',#2386,10.);
#367=VECTOR('',#2393,10.);
#368=VECTOR('',#2396,10.);
#369=VECTOR('',#2403,10.);
#370=VECTOR('',#2406,10.);
#371=VECTOR('',#2413,10.);
#372=VECTOR('',#2416,10.);
#373=VECTOR('',#2423,10.);
#374=VECTOR('',#2426,10.);
#375=VECTOR('',#2433,10.);
#376=VECTOR('',#2438,5.);
#377=VECTOR('',#2443,5.);
#378=VECTOR('',#2448,5.);
#379=VECTOR('',#2451,10.);
#380=CIRCLE('',#1633,5.);
#381=CIRCLE('',#1634,5.);
#382=CIRCLE('',#1637,5.);
#383=CIRCLE('',#1638,5.);
#384=CIRCLE('',#1640,14.8400441400295);
#385=CIRCLE('',#1641,14.8400441400295);
#386=CIRCLE('',#1643,10.);
#387=CIRCLE('',#1644,10.);
#388=CIRCLE('',#1646,10.);
#389=CIRCLE('',#1647,14.8400441400295);
#390=CIRCLE('',#1648,1.);
#391=CIRCLE('',#1649,76.2);
#392=CIRCLE('',#1650,1.);
#393=CIRCLE('',#1651,5.5);
#394=CIRCLE('',#1652,1.);
#395=CIRCLE('',#1653,76.2);
#396=CIRCLE('',#1654,1.);
#397=CIRCLE('',#1655,5.5);
#398=CIRCLE('',#1656,1.);
#399=CIRCLE('',#1657,76.2);
#400=CIRCLE('',#1658,1.);
#401=CIRCLE('',#1659,5.5);
#402=CIRCLE('',#1660,1.);
#403=CIRCLE('',#1661,76.2);
#404=CIRCLE('',#1662,1.);
#405=CIRCLE('',#1663,5.5);
#406=CIRCLE('',#1664,1.);
#407=CIRCLE('',#1665,76.2);
#408=CIRCLE('',#1666,1.);
#409=CIRCLE('',#1667,5.5);
#410=CIRCLE('',#1668,1.);
#411=CIRCLE('',#1669,76.2);
#412=CIRCLE('',#1670,1.);
#413=CIRCLE('',#1671,5.5);
#414=CIRCLE('',#1672,1.);
#415=CIRCLE('',#1673,76.2);
#416=CIRCLE('',#1674,1.);
#417=CIRCLE('',#1675,5.5);
#418=CIRCLE('',#1676,1.);
#419=CIRCLE('',#1677,76.2);
#420=CIRCLE('',#1678,1.);
#421=CIRCLE('',#1679,5.5);
#422=CIRCLE('',#1680,1.);
#423=CIRCLE('',#1681,76.2);
#424=CIRCLE('',#1682,1.);
#425=CIRCLE('',#1683,5.5);
#426=CIRCLE('',#1684,1.);
#427=CIRCLE('',#1685,76.2);
#428=CIRCLE('',#1686,1.);
#429=CIRCLE('',#1687,5.5);
#430=CIRCLE('',#1688,1.);
#431=CIRCLE('',#1689,76.2);
#432=CIRCLE('',#1690,1.);
#433=CIRCLE('',#1691,5.5);
#434=CIRCLE('',#1692,1.);
#435=CIRCLE('',#1693,76.2);
#436=CIRCLE('',#1694,1.);
#437=CIRCLE('',#1695,5.5);
#438=CIRCLE('',#1696,1.);
#439=CIRCLE('',#1697,76.2);
#440=CIRCLE('',#1698,1.);
#441=CIRCLE('',#1699,5.5);
#442=CIRCLE('',#1700,1.);
#443=CIRCLE('',#1701,76.2);
#444=CIRCLE('',#1702,1.);
#445=CIRCLE('',#1703,5.5);
#446=CIRCLE('',#1704,1.);
#447=CIRCLE('',#1705,76.2);
#448=CIRCLE('',#1706,1.);
#449=CIRCLE('',#1707,5.5);
#450=CIRCLE('',#1708,1.);
#451=CIRCLE('',#1709,76.2);
#452=CIRCLE('',#1710,1.);
#453=CIRCLE('',#1711,5.5);
#454=CIRCLE('',#1712,1.);
#455=CIRCLE('',#1713,76.2);
#456=CIRCLE('',#1714,1.);
#457=CIRCLE('',#1715,5.50000000000001);
#458=CIRCLE('',#1716,1.);
#459=CIRCLE('',#1717,76.2);
#460=CIRCLE('',#1718,1.);
#461=CIRCLE('',#1719,5.);
#462=CIRCLE('',#1720,5.);
#463=CIRCLE('',#1721,5.);
#464=CIRCLE('',#1724,10.);
#465=CIRCLE('',#1726,1.);
#466=CIRCLE('',#1728,76.2);
#467=CIRCLE('',#1730,1.);
#468=CIRCLE('',#1732,5.50000000000001);
#469=CIRCLE('',#1734,1.);
#470=CIRCLE('',#1736,76.2);
#471=CIRCLE('',#1738,1.);
#472=CIRCLE('',#1740,5.5);
#473=CIRCLE('',#1742,1.);
#474=CIRCLE('',#1744,76.2);
#475=CIRCLE('',#1746,1.);
#476=CIRCLE('',#1748,5.5);
#477=CIRCLE('',#1750,1.);
#478=CIRCLE('',#1752,76.2);
#479=CIRCLE('',#1754,1.);
#480=CIRCLE('',#1756,5.5);
#481=CIRCLE('',#1758,1.);
#482=CIRCLE('',#1760,76.2);
#483=CIRCLE('',#1762,1.);
#484=CIRCLE('',#1764,5.5);
#485=CIRCLE('',#1766,1.);
#486=CIRCLE('',#1768,76.2);
#487=CIRCLE('',#1770,1.);
#488=CIRCLE('',#1772,5.5);
#489=CIRCLE('',#1774,1.);
#490=CIRCLE('',#1776,76.2);
#491=CIRCLE('',#1778,1.);
#492=CIRCLE('',#1780,5.5);
#493=CIRCLE('',#1782,1.);
#494=CIRCLE('',#1784,76.2);
#495=CIRCLE('',#1786,1.);
#496=CIRCLE('',#1788,5.5);
#497=CIRCLE('',#1790,1.);
#498=CIRCLE('',#1792,76.2);
#499=CIRCLE('',#1794,1.);
#500=CIRCLE('',#1796,5.5);
#501=CIRCLE('',#1798,1.);
#502=CIRCLE('',#1800,76.2);
#503=CIRCLE('',#1802,1.);
#504=CIRCLE('',#1804,5.5);
#505=CIRCLE('',#1806,1.);
#506=CIRCLE('',#1808,76.2);
#507=CIRCLE('',#1810,1.);
#508=CIRCLE('',#1812,5.5);
#509=CIRCLE('',#1814,1.);
#510=CIRCLE('',#1816,76.2);
#511=CIRCLE('',#1818,1.);
#512=CIRCLE('',#1820,5.5);
#513=CIRCLE('',#1822,1.);
#514=CIRCLE('',#1824,76.2);
#515=CIRCLE('',#1826,1.);
#516=CIRCLE('',#1828,5.5);
#517=CIRCLE('',#1830,1.);
#518=CIRCLE('',#1832,76.2);
#519=CIRCLE('',#1834,1.);
#520=CIRCLE('',#1836,5.5);
#521=CIRCLE('',#1838,1.);
#522=CIRCLE('',#1840,76.2);
#523=CIRCLE('',#1842,1.);
#524=CIRCLE('',#1844,5.5);
#525=CIRCLE('',#1846,1.);
#526=CIRCLE('',#1848,76.2);
#527=CIRCLE('',#1850,1.);
#528=CIRCLE('',#1852,5.5);
#529=CIRCLE('',#1854,1.);
#530=CIRCLE('',#1856,76.2);
#531=CIRCLE('',#1858,1.);
#532=CIRCLE('',#1860,5.5);
#533=CIRCLE('',#1862,1.);
#534=CIRCLE('',#1864,76.2);
#535=CIRCLE('',#1866,1.);
#536=CIRCLE('',#1868,5.);
#537=CIRCLE('',#1870,5.);
#538=CIRCLE('',#1872,5.);
#539=CIRCLE('',#1875,14.8400441400295);
#540=VERTEX_POINT('',#2460);
#541=VERTEX_POINT('',#2461);
#542=VERTEX_POINT('',#2463);
#543=VERTEX_POINT('',#2465);
#544=VERTEX_POINT('',#2469);
#545=VERTEX_POINT('',#2471);
#546=VERTEX_POINT('',#2475);
#547=VERTEX_POINT('',#2476);
#548=VERTEX_POINT('',#2478);
#549=VERTEX_POINT('',#2480);
#550=VERTEX_POINT('',#2484);
#551=VERTEX_POINT('',#2486);
#552=VERTEX_POINT('',#2490);
#553=VERTEX_POINT('',#2491);
#554=VERTEX_POINT('',#2493);
#555=VERTEX_POINT('',#2495);
#556=VERTEX_POINT('',#2499);
#557=VERTEX_POINT('',#2502);
#558=VERTEX_POINT('',#2504);
#559=VERTEX_POINT('',#2506);
#560=VERTEX_POINT('',#2508);
#561=VERTEX_POINT('',#2510);
#562=VERTEX_POINT('',#2512);
#563=VERTEX_POINT('',#2514);
#564=VERTEX_POINT('',#2516);
#565=VERTEX_POINT('',#2518);
#566=VERTEX_POINT('',#2520);
#567=VERTEX_POINT('',#2522);
#568=VERTEX_POINT('',#2524);
#569=VERTEX_POINT('',#2526);
#570=VERTEX_POINT('',#2528);
#571=VERTEX_POINT('',#2530);
#572=VERTEX_POINT('',#2532);
#573=VERTEX_POINT('',#2534);
#574=VERTEX_POINT('',#2536);
#575=VERTEX_POINT('',#2538);
#576=VERTEX_POINT('',#2540);
#577=VERTEX_POINT('',#2542);
#578=VERTEX_POINT('',#2544);
#579=VERTEX_POINT('',#2546);
#580=VERTEX_POINT('',#2548);
#581=VERTEX_POINT('',#2550);
#582=VERTEX_POINT('',#2552);
#583=VERTEX_POINT('',#2554);
#584=VERTEX_POINT('',#2556);
#585=VERTEX_POINT('',#2558);
#586=VERTEX_POINT('',#2560);
#587=VERTEX_POINT('',#2562);
#588=VERTEX_POINT('',#2564);
#589=VERTEX_POINT('',#2566);
#590=VERTEX_POINT('',#2568);
#591=VERTEX_POINT('',#2570);
#592=VERTEX_POINT('',#2572);
#593=VERTEX_POINT('',#2574);
#594=VERTEX_POINT('',#2576);
#595=VERTEX_POINT('',#2578);
#596=VERTEX_POINT('',#2580);
#597=VERTEX_POINT('',#2582);
#598=VERTEX_POINT('',#2584);
#599=VERTEX_POINT('',#2586);
#600=VERTEX_POINT('',#2588);
#601=VERTEX_POINT('',#2590);
#602=VERTEX_POINT('',#2592);
#603=VERTEX_POINT('',#2594);
#604=VERTEX_POINT('',#2596);
#605=VERTEX_POINT('',#2598);
#606=VERTEX_POINT('',#2600);
#607=VERTEX_POINT('',#2602);
#608=VERTEX_POINT('',#2604);
#609=VERTEX_POINT('',#2606);
#610=VERTEX_POINT('',#2608);
#611=VERTEX_POINT('',#2610);
#612=VERTEX_POINT('',#2612);
#613=VERTEX_POINT('',#2614);
#614=VERTEX_POINT('',#2616);
#615=VERTEX_POINT('',#2618);
#616=VERTEX_POINT('',#2620);
#617=VERTEX_POINT('',#2622);
#618=VERTEX_POINT('',#2624);
#619=VERTEX_POINT('',#2626);
#620=VERTEX_POINT('',#2628);
#621=VERTEX_POINT('',#2630);
#622=VERTEX_POINT('',#2632);
#623=VERTEX_POINT('',#2634);
#624=VERTEX_POINT('',#2636);
#625=VERTEX_POINT('',#2638);
#626=VERTEX_POINT('',#2640);
#627=VERTEX_POINT('',#2642);
#628=VERTEX_POINT('',#2646);
#629=VERTEX_POINT('',#2648);
#630=VERTEX_POINT('',#2650);
#631=VERTEX_POINT('',#2653);
#632=VERTEX_POINT('',#2659);
#633=VERTEX_POINT('',#2663);
#634=VERTEX_POINT('',#2667);
#635=VERTEX_POINT('',#2671);
#636=VERTEX_POINT('',#2675);
#637=VERTEX_POINT('',#2679);
#638=VERTEX_POINT('',#2683);
#639=VERTEX_POINT('',#2687);
#640=VERTEX_POINT('',#2691);
#641=VERTEX_POINT('',#2695);
#642=VERTEX_POINT('',#2699);
#643=VERTEX_POINT('',#2703);
#644=VERTEX_POINT('',#2707);
#645=VERTEX_POINT('',#2711);
#646=VERTEX_POINT('',#2715);
#647=VERTEX_POINT('',#2719);
#648=VERTEX_POINT('',#2723);
#649=VERTEX_POINT('',#2727);
#650=VERTEX_POINT('',#2731);
#651=VERTEX_POINT('',#2735);
#652=VERTEX_POINT('',#2739);
#653=VERTEX_POINT('',#2743);
#654=VERTEX_POINT('',#2747);
#655=VERTEX_POINT('',#2751);
#656=VERTEX_POINT('',#2755);
#657=VERTEX_POINT('',#2759);
#658=VERTEX_POINT('',#2763);
#659=VERTEX_POINT('',#2767);
#660=VERTEX_POINT('',#2771);
#661=VERTEX_POINT('',#2775);
#662=VERTEX_POINT('',#2779);
#663=VERTEX_POINT('',#2783);
#664=VERTEX_POINT('',#2787);
#665=VERTEX_POINT('',#2791);
#666=VERTEX_POINT('',#2795);
#667=VERTEX_POINT('',#2799);
#668=VERTEX_POINT('',#2803);
#669=VERTEX_POINT('',#2807);
#670=VERTEX_POINT('',#2811);
#671=VERTEX_POINT('',#2815);
#672=VERTEX_POINT('',#2819);
#673=VERTEX_POINT('',#2823);
#674=VERTEX_POINT('',#2827);
#675=VERTEX_POINT('',#2831);
#676=VERTEX_POINT('',#2835);
#677=VERTEX_POINT('',#2839);
#678=VERTEX_POINT('',#2843);
#679=VERTEX_POINT('',#2847);
#680=VERTEX_POINT('',#2851);
#681=VERTEX_POINT('',#2855);
#682=VERTEX_POINT('',#2859);
#683=VERTEX_POINT('',#2863);
#684=VERTEX_POINT('',#2867);
#685=VERTEX_POINT('',#2871);
#686=VERTEX_POINT('',#2875);
#687=VERTEX_POINT('',#2879);
#688=VERTEX_POINT('',#2883);
#689=VERTEX_POINT('',#2887);
#690=VERTEX_POINT('',#2891);
#691=VERTEX_POINT('',#2895);
#692=VERTEX_POINT('',#2899);
#693=VERTEX_POINT('',#2903);
#694=VERTEX_POINT('',#2907);
#695=VERTEX_POINT('',#2911);
#696=VERTEX_POINT('',#2915);
#697=VERTEX_POINT('',#2919);
#698=VERTEX_POINT('',#2923);
#699=VERTEX_POINT('',#2927);
#700=VERTEX_POINT('',#2931);
#701=VERTEX_POINT('',#2935);
#702=VERTEX_POINT('',#2939);
#703=VERTEX_POINT('',#2943);
#704=VERTEX_POINT('',#2947);
#705=VERTEX_POINT('',#2951);
#706=EDGE_CURVE('',#540,#541,#380,.T.);
#707=EDGE_CURVE('',#541,#542,#202,.T.);
#708=EDGE_CURVE('',#542,#543,#381,.T.);
#709=EDGE_CURVE('',#543,#540,#203,.T.);
#710=EDGE_CURVE('',#544,#541,#204,.T.);
#711=EDGE_CURVE('',#545,#544,#205,.T.);
#712=EDGE_CURVE('',#542,#545,#206,.T.);
#713=EDGE_CURVE('',#546,#547,#382,.T.);
#714=EDGE_CURVE('',#547,#548,#207,.T.);
#715=EDGE_CURVE('',#548,#549,#383,.T.);
#716=EDGE_CURVE('',#549,#546,#208,.T.);
#717=EDGE_CURVE('',#550,#547,#384,.T.);
#718=EDGE_CURVE('',#551,#550,#209,.T.);
#719=EDGE_CURVE('',#548,#551,#385,.T.);
#720=EDGE_CURVE('',#552,#553,#386,.T.);
#721=EDGE_CURVE('',#553,#554,#210,.T.);
#722=EDGE_CURVE('',#554,#555,#387,.T.);
#723=EDGE_CURVE('',#555,#552,#211,.T.);
#724=EDGE_CURVE('',#554,#556,#212,.T.);
#725=EDGE_CURVE('',#544,#556,#388,.T.);
#726=EDGE_CURVE('',#540,#557,#389,.T.);
#727=EDGE_CURVE('',#558,#557,#390,.T.);
#728=EDGE_CURVE('',#559,#558,#391,.T.);
#729=EDGE_CURVE('',#560,#559,#392,.T.);
#730=EDGE_CURVE('',#560,#561,#393,.T.);
#731=EDGE_CURVE('',#562,#561,#394,.T.);
#732=EDGE_CURVE('',#563,#562,#395,.T.);
#733=EDGE_CURVE('',#564,#563,#396,.T.);
#734=EDGE_CURVE('',#564,#565,#397,.T.);
#735=EDGE_CURVE('',#566,#565,#398,.T.);
#736=EDGE_CURVE('',#567,#566,#399,.T.);
#737=EDGE_CURVE('',#568,#567,#400,.T.);
#738=EDGE_CURVE('',#568,#569,#401,.T.);
#739=EDGE_CURVE('',#570,#569,#402,.T.);
#740=EDGE_CURVE('',#571,#570,#403,.T.);
#741=EDGE_CURVE('',#572,#571,#404,.T.);
#742=EDGE_CURVE('',#572,#573,#405,.T.);
#743=EDGE_CURVE('',#574,#573,#406,.T.);
#744=EDGE_CURVE('',#575,#574,#407,.T.);
#745=EDGE_CURVE('',#576,#575,#408,.T.);
#746=EDGE_CURVE('',#576,#577,#409,.T.);
#747=EDGE_CURVE('',#578,#577,#410,.T.);
#748=EDGE_CURVE('',#579,#578,#411,.T.);
#749=EDGE_CURVE('',#580,#579,#412,.T.);
#750=EDGE_CURVE('',#580,#581,#413,.T.);
#751=EDGE_CURVE('',#582,#581,#414,.T.);
#752=EDGE_CURVE('',#583,#582,#415,.T.);
#753=EDGE_CURVE('',#584,#583,#416,.T.);
#754=EDGE_CURVE('',#584,#585,#417,.T.);
#755=EDGE_CURVE('',#586,#585,#418,.T.);
#756=EDGE_CURVE('',#587,#586,#419,.T.);
#757=EDGE_CURVE('',#588,#587,#420,.T.);
#758=EDGE_CURVE('',#588,#589,#421,.T.);
#759=EDGE_CURVE('',#590,#589,#422,.T.);
#760=EDGE_CURVE('',#591,#590,#423,.T.);
#761=EDGE_CURVE('',#592,#591,#424,.T.);
#762=EDGE_CURVE('',#592,#593,#425,.T.);
#763=EDGE_CURVE('',#594,#593,#426,.T.);
#764=EDGE_CURVE('',#595,#594,#427,.T.);
#765=EDGE_CURVE('',#596,#595,#428,.T.);
#766=EDGE_CURVE('',#596,#597,#429,.T.);
#767=EDGE_CURVE('',#598,#597,#430,.T.);
#768=EDGE_CURVE('',#599,#598,#431,.T.);
#769=EDGE_CURVE('',#600,#599,#432,.T.);
#770=EDGE_CURVE('',#600,#601,#433,.T.);
#771=EDGE_CURVE('',#602,#601,#434,.T.);
#772=EDGE_CURVE('',#603,#602,#435,.T.);
#773=EDGE_CURVE('',#604,#603,#436,.T.);
#774=EDGE_CURVE('',#604,#605,#437,.T.);
#775=EDGE_CURVE('',#606,#605,#438,.T.);
#776=EDGE_CURVE('',#607,#606,#439,.T.);
#777=EDGE_CURVE('',#608,#607,#440,.T.);
#778=EDGE_CURVE('',#608,#609,#441,.T.);
#779=EDGE_CURVE('',#610,#609,#442,.T.);
#780=EDGE_CURVE('',#611,#610,#443,.T.);
#781=EDGE_CURVE('',#612,#611,#444,.T.);
#782=EDGE_CURVE('',#612,#613,#445,.T.);
#783=EDGE_CURVE('',#614,#613,#446,.T.);
#784=EDGE_CURVE('',#615,#614,#447,.T.);
#785=EDGE_CURVE('',#616,#615,#448,.T.);
#786=EDGE_CURVE('',#616,#617,#449,.T.);
#787=EDGE_CURVE('',#618,#617,#450,.T.);
#788=EDGE_CURVE('',#619,#618,#451,.T.);
#789=EDGE_CURVE('',#620,#619,#452,.T.);
#790=EDGE_CURVE('',#620,#621,#453,.T.);
#791=EDGE_CURVE('',#622,#621,#454,.T.);
#792=EDGE_CURVE('',#623,#622,#455,.T.);
#793=EDGE_CURVE('',#624,#623,#456,.T.);
#794=EDGE_CURVE('',#624,#625,#457,.T.);
#795=EDGE_CURVE('',#626,#625,#458,.T.);
#796=EDGE_CURVE('',#627,#626,#459,.T.);
#797=EDGE_CURVE('',#550,#627,#460,.T.);
#798=EDGE_CURVE('',#555,#546,#213,.T.);
#799=EDGE_CURVE('',#628,#628,#461,.T.);
#800=EDGE_CURVE('',#629,#629,#462,.T.);
#801=EDGE_CURVE('',#630,#630,#463,.T.);
#802=EDGE_CURVE('',#631,#553,#214,.T.);
#803=EDGE_CURVE('',#556,#631,#215,.T.);
#804=EDGE_CURVE('',#631,#545,#464,.T.);
#805=EDGE_CURVE('',#632,#551,#465,.T.);
#806=EDGE_CURVE('',#627,#632,#216,.T.);
#807=EDGE_CURVE('',#633,#626,#217,.T.);
#808=EDGE_CURVE('',#632,#633,#466,.T.);
#809=EDGE_CURVE('',#634,#633,#467,.T.);
#810=EDGE_CURVE('',#625,#634,#218,.T.);
#811=EDGE_CURVE('',#635,#624,#219,.T.);
#812=EDGE_CURVE('',#634,#635,#468,.T.);
#813=EDGE_CURVE('',#636,#635,#469,.T.);
#814=EDGE_CURVE('',#623,#636,#220,.T.);
#815=EDGE_CURVE('',#637,#622,#221,.T.);
#816=EDGE_CURVE('',#636,#637,#470,.T.);
#817=EDGE_CURVE('',#638,#637,#471,.T.);
#818=EDGE_CURVE('',#621,#638,#222,.T.);
#819=EDGE_CURVE('',#639,#620,#223,.T.);
#820=EDGE_CURVE('',#638,#639,#472,.T.);
#821=EDGE_CURVE('',#640,#639,#473,.T.);
#822=EDGE_CURVE('',#619,#640,#224,.T.);
#823=EDGE_CURVE('',#641,#618,#225,.T.);
#824=EDGE_CURVE('',#640,#641,#474,.T.);
#825=EDGE_CURVE('',#642,#641,#475,.T.);
#826=EDGE_CURVE('',#617,#642,#226,.T.);
#827=EDGE_CURVE('',#643,#616,#227,.T.);
#828=EDGE_CURVE('',#642,#643,#476,.T.);
#829=EDGE_CURVE('',#644,#643,#477,.T.);
#830=EDGE_CURVE('',#615,#644,#228,.T.);
#831=EDGE_CURVE('',#645,#614,#229,.T.);
#832=EDGE_CURVE('',#644,#645,#478,.T.);
#833=EDGE_CURVE('',#646,#645,#479,.T.);
#834=EDGE_CURVE('',#613,#646,#230,.T.);
#835=EDGE_CURVE('',#647,#612,#231,.T.);
#836=EDGE_CURVE('',#646,#647,#480,.T.);
#837=EDGE_CURVE('',#648,#647,#481,.T.);
#838=EDGE_CURVE('',#611,#648,#232,.T.);
#839=EDGE_CURVE('',#649,#610,#233,.T.);
#840=EDGE_CURVE('',#648,#649,#482,.T.);
#841=EDGE_CURVE('',#650,#649,#483,.T.);
#842=EDGE_CURVE('',#609,#650,#234,.T.);
#843=EDGE_CURVE('',#651,#608,#235,.T.);
#844=EDGE_CURVE('',#650,#651,#484,.T.);
#845=EDGE_CURVE('',#652,#651,#485,.T.);
#846=EDGE_CURVE('',#607,#652,#236,.T.);
#847=EDGE_CURVE('',#653,#606,#237,.T.);
#848=EDGE_CURVE('',#652,#653,#486,.T.);
#849=EDGE_CURVE('',#654,#653,#487,.T.);
#850=EDGE_CURVE('',#605,#654,#238,.T.);
#851=EDGE_CURVE('',#655,#604,#239,.T.);
#852=EDGE_CURVE('',#654,#655,#488,.T.);
#853=EDGE_CURVE('',#656,#655,#489,.T.);
#854=EDGE_CURVE('',#603,#656,#240,.T.);
#855=EDGE_CURVE('',#657,#602,#241,.T.);
#856=EDGE_CURVE('',#656,#657,#490,.T.);
#857=EDGE_CURVE('',#658,#657,#491,.T.);
#858=EDGE_CURVE('',#601,#658,#242,.T.);
#859=EDGE_CURVE('',#659,#600,#243,.T.);
#860=EDGE_CURVE('',#658,#659,#492,.T.);
#861=EDGE_CURVE('',#660,#659,#493,.T.);
#862=EDGE_CURVE('',#599,#660,#244,.T.);
#863=EDGE_CURVE('',#661,#598,#245,.T.);
#864=EDGE_CURVE('',#660,#661,#494,.T.);
#865=EDGE_CURVE('',#662,#661,#495,.T.);
#866=EDGE_CURVE('',#597,#662,#246,.T.);
#867=EDGE_CURVE('',#663,#596,#247,.T.);
#868=EDGE_CURVE('',#662,#663,#496,.T.);
#869=EDGE_CURVE('',#664,#663,#497,.T.);
#870=EDGE_CURVE('',#595,#664,#248,.T.);
#871=EDGE_CURVE('',#665,#594,#249,.T.);
#872=EDGE_CURVE('',#664,#665,#498,.T.);
#873=EDGE_CURVE('',#666,#665,#499,.T.);
#874=EDGE_CURVE('',#593,#666,#250,.T.);
#875=EDGE_CURVE('',#667,#592,#251,.T.);
#876=EDGE_CURVE('',#666,#667,#500,.T.);
#877=EDGE_CURVE('',#668,#667,#501,.T.);
#878=EDGE_CURVE('',#591,#668,#252,.T.);
#879=EDGE_CURVE('',#669,#590,#253,.T.);
#880=EDGE_CURVE('',#668,#669,#502,.T.);
#881=EDGE_CURVE('',#670,#669,#503,.T.);
#882=EDGE_CURVE('',#589,#670,#254,.T.);
#883=EDGE_CURVE('',#671,#588,#255,.T.);
#884=EDGE_CURVE('',#670,#671,#504,.T.);
#885=EDGE_CURVE('',#672,#671,#505,.T.);
#886=EDGE_CURVE('',#587,#672,#256,.T.);
#887=EDGE_CURVE('',#673,#586,#257,.T.);
#888=EDGE_CURVE('',#672,#673,#506,.T.);
#889=EDGE_CURVE('',#674,#673,#507,.T.);
#890=EDGE_CURVE('',#585,#674,#258,.T.);
#891=EDGE_CURVE('',#675,#584,#259,.T.);
#892=EDGE_CURVE('',#674,#675,#508,.T.);
#893=EDGE_CURVE('',#676,#675,#509,.T.);
#894=EDGE_CURVE('',#583,#676,#260,.T.);
#895=EDGE_CURVE('',#677,#582,#261,.T.);
#896=EDGE_CURVE('',#676,#677,#510,.T.);
#897=EDGE_CURVE('',#678,#677,#511,.T.);
#898=EDGE_CURVE('',#581,#678,#262,.T.);
#899=EDGE_CURVE('',#679,#580,#263,.T.);
#900=EDGE_CURVE('',#678,#679,#512,.T.);
#901=EDGE_CURVE('',#680,#679,#513,.T.);
#902=EDGE_CURVE('',#579,#680,#264,.T.);
#903=EDGE_CURVE('',#681,#578,#265,.T.);
#904=EDGE_CURVE('',#680,#681,#514,.T.);
#905=EDGE_CURVE('',#682,#681,#515,.T.);
#906=EDGE_CURVE('',#577,#682,#266,.T.);
#907=EDGE_CURVE('',#683,#576,#267,.T.);
#908=EDGE_CURVE('',#682,#683,#516,.T.);
#909=EDGE_CURVE('',#684,#683,#517,.T.);
#910=EDGE_CURVE('',#575,#684,#268,.T.);
#911=EDGE_CURVE('',#685,#574,#269,.T.);
#912=EDGE_CURVE('',#684,#685,#518,.T.);
#913=EDGE_CURVE('',#686,#685,#519,.T.);
#914=EDGE_CURVE('',#573,#686,#270,.T.);
#915=EDGE_CURVE('',#687,#572,#271,.T.);
#916=EDGE_CURVE('',#686,#687,#520,.T.);
#917=EDGE_CURVE('',#688,#687,#521,.T.);
#918=EDGE_CURVE('',#571,#688,#272,.T.);
#919=EDGE_CURVE('',#689,#570,#273,.T.);
#920=EDGE_CURVE('',#688,#689,#522,.T.);
#921=EDGE_CURVE('',#690,#689,#523,.T.);
#922=EDGE_CURVE('',#569,#690,#274,.T.);
#923=EDGE_CURVE('',#691,#568,#275,.T.);
#924=EDGE_CURVE('',#690,#691,#524,.T.);
#925=EDGE_CURVE('',#692,#691,#525,.T.);
#926=EDGE_CURVE('',#567,#692,#276,.T.);
#927=EDGE_CURVE('',#693,#566,#277,.T.);
#928=EDGE_CURVE('',#692,#693,#526,.T.);
#929=EDGE_CURVE('',#694,#693,#527,.T.);
#930=EDGE_CURVE('',#565,#694,#278,.T.);
#931=EDGE_CURVE('',#695,#564,#279,.T.);
#932=EDGE_CURVE('',#694,#695,#528,.T.);
#933=EDGE_CURVE('',#696,#695,#529,.T.);
#934=EDGE_CURVE('',#563,#696,#280,.T.);
#935=EDGE_CURVE('',#697,#562,#281,.T.);
#936=EDGE_CURVE('',#696,#697,#530,.T.);
#937=EDGE_CURVE('',#698,#697,#531,.T.);
#938=EDGE_CURVE('',#561,#698,#282,.T.);
#939=EDGE_CURVE('',#699,#560,#283,.T.);
#940=EDGE_CURVE('',#698,#699,#532,.T.);
#941=EDGE_CURVE('',#700,#699,#533,.T.);
#942=EDGE_CURVE('',#559,#700,#284,.T.);
#943=EDGE_CURVE('',#701,#558,#285,.T.);
#944=EDGE_CURVE('',#700,#701,#534,.T.);
#945=EDGE_CURVE('',#702,#701,#535,.T.);
#946=EDGE_CURVE('',#557,#702,#286,.T.);
#947=EDGE_CURVE('',#703,#703,#536,.T.);
#948=EDGE_CURVE('',#703,#630,#287,.T.);
#949=EDGE_CURVE('',#704,#704,#537,.T.);
#950=EDGE_CURVE('',#704,#629,#288,.T.);
#951=EDGE_CURVE('',#705,#705,#538,.T.);
#952=EDGE_CURVE('',#705,#628,#289,.T.);
#953=EDGE_CURVE('',#552,#549,#290,.T.);
#954=EDGE_CURVE('',#702,#543,#539,.T.);
#955=ORIENTED_EDGE('',*,*,#706,.T.);
#956=ORIENTED_EDGE('',*,*,#707,.T.);
#957=ORIENTED_EDGE('',*,*,#708,.T.);
#958=ORIENTED_EDGE('',*,*,#709,.T.);
#959=ORIENTED_EDGE('',*,*,#707,.F.);
#960=ORIENTED_EDGE('',*,*,#710,.F.);
#961=ORIENTED_EDGE('',*,*,#711,.F.);
#962=ORIENTED_EDGE('',*,*,#712,.F.);
#963=ORIENTED_EDGE('',*,*,#713,.T.);
#964=ORIENTED_EDGE('',*,*,#714,.T.);
#965=ORIENTED_EDGE('',*,*,#715,.T.);
#966=ORIENTED_EDGE('',*,*,#716,.T.);
#967=ORIENTED_EDGE('',*,*,#714,.F.);
#968=ORIENTED_EDGE('',*,*,#717,.F.);
#969=ORIENTED_EDGE('',*,*,#718,.F.);
#970=ORIENTED_EDGE('',*,*,#719,.F.);
#971=ORIENTED_EDGE('',*,*,#720,.T.);
#972=ORIENTED_EDGE('',*,*,#721,.T.);
#973=ORIENTED_EDGE('',*,*,#722,.T.);
#974=ORIENTED_EDGE('',*,*,#723,.T.);
#975=ORIENTED_EDGE('',*,*,#722,.F.);
#976=ORIENTED_EDGE('',*,*,#724,.T.);
#977=ORIENTED_EDGE('',*,*,#725,.F.);
#978=ORIENTED_EDGE('',*,*,#710,.T.);
#979=ORIENTED_EDGE('',*,*,#706,.F.);
#980=ORIENTED_EDGE('',*,*,#726,.T.);
#981=ORIENTED_EDGE('',*,*,#727,.F.);
#982=ORIENTED_EDGE('',*,*,#728,.F.);
#983=ORIENTED_EDGE('',*,*,#729,.F.);
#984=ORIENTED_EDGE('',*,*,#730,.T.);
#985=ORIENTED_EDGE('',*,*,#731,.F.);
#986=ORIENTED_EDGE('',*,*,#732,.F.);
#987=ORIENTED_EDGE('',*,*,#733,.F.);
#988=ORIENTED_EDGE('',*,*,#734,.T.);
#989=ORIENTED_EDGE('',*,*,#735,.F.);
#990=ORIENTED_EDGE('',*,*,#736,.F.);
#991=ORIENTED_EDGE('',*,*,#737,.F.);
#992=ORIENTED_EDGE('',*,*,#738,.T.);
#993=ORIENTED_EDGE('',*,*,#739,.F.);
#994=ORIENTED_EDGE('',*,*,#740,.F.);
#995=ORIENTED_EDGE('',*,*,#741,.F.);
#996=ORIENTED_EDGE('',*,*,#742,.T.);
#997=ORIENTED_EDGE('',*,*,#743,.F.);
#998=ORIENTED_EDGE('',*,*,#744,.F.);
#999=ORIENTED_EDGE('',*,*,#745,.F.);
#1000=ORIENTED_EDGE('',*,*,#746,.T.);
#1001=ORIENTED_EDGE('',*,*,#747,.F.);
#1002=ORIENTED_EDGE('',*,*,#748,.F.);
#1003=ORIENTED_EDGE('',*,*,#749,.F.);
#1004=ORIENTED_EDGE('',*,*,#750,.T.);
#1005=ORIENTED_EDGE('',*,*,#751,.F.);
#1006=ORIENTED_EDGE('',*,*,#752,.F.);
#1007=ORIENTED_EDGE('',*,*,#753,.F.);
#1008=ORIENTED_EDGE('',*,*,#754,.T.);
#1009=ORIENTED_EDGE('',*,*,#755,.F.);
#1010=ORIENTED_EDGE('',*,*,#756,.F.);
#1011=ORIENTED_EDGE('',*,*,#757,.F.);
#1012=ORIENTED_EDGE('',*,*,#758,.T.);
#1013=ORIENTED_EDGE('',*,*,#759,.F.);
#1014=ORIENTED_EDGE('',*,*,#760,.F.);
#1015=ORIENTED_EDGE('',*,*,#761,.F.);
#1016=ORIENTED_EDGE('',*,*,#762,.T.);
#1017=ORIENTED_EDGE('',*,*,#763,.F.);
#1018=ORIENTED_EDGE('',*,*,#764,.F.);
#1019=ORIENTED_EDGE('',*,*,#765,.F.);
#1020=ORIENTED_EDGE('',*,*,#766,.T.);
#1021=ORIENTED_EDGE('',*,*,#767,.F.);
#1022=ORIENTED_EDGE('',*,*,#768,.F.);
#1023=ORIENTED_EDGE('',*,*,#769,.F.);
#1024=ORIENTED_EDGE('',*,*,#770,.T.);
#1025=ORIENTED_EDGE('',*,*,#771,.F.);
#1026=ORIENTED_EDGE('',*,*,#772,.F.);
#1027=ORIENTED_EDGE('',*,*,#773,.F.);
#1028=ORIENTED_EDGE('',*,*,#774,.T.);
#1029=ORIENTED_EDGE('',*,*,#775,.F.);
#1030=ORIENTED_EDGE('',*,*,#776,.F.);
#1031=ORIENTED_EDGE('',*,*,#777,.F.);
#1032=ORIENTED_EDGE('',*,*,#778,.T.);
#1033=ORIENTED_EDGE('',*,*,#779,.F.);
#1034=ORIENTED_EDGE('',*,*,#780,.F.);
#1035=ORIENTED_EDGE('',*,*,#781,.F.);
#1036=ORIENTED_EDGE('',*,*,#782,.T.);
#1037=ORIENTED_EDGE('',*,*,#783,.F.);
#1038=ORIENTED_EDGE('',*,*,#784,.F.);
#1039=ORIENTED_EDGE('',*,*,#785,.F.);
#1040=ORIENTED_EDGE('',*,*,#786,.T.);
#1041=ORIENTED_EDGE('',*,*,#787,.F.);
#1042=ORIENTED_EDGE('',*,*,#788,.F.);
#1043=ORIENTED_EDGE('',*,*,#789,.F.);
#1044=ORIENTED_EDGE('',*,*,#790,.T.);
#1045=ORIENTED_EDGE('',*,*,#791,.F.);
#1046=ORIENTED_EDGE('',*,*,#792,.F.);
#1047=ORIENTED_EDGE('',*,*,#793,.F.);
#1048=ORIENTED_EDGE('',*,*,#794,.T.);
#1049=ORIENTED_EDGE('',*,*,#795,.F.);
#1050=ORIENTED_EDGE('',*,*,#796,.F.);
#1051=ORIENTED_EDGE('',*,*,#797,.F.);
#1052=ORIENTED_EDGE('',*,*,#717,.T.);
#1053=ORIENTED_EDGE('',*,*,#713,.F.);
#1054=ORIENTED_EDGE('',*,*,#798,.F.);
#1055=ORIENTED_EDGE('',*,*,#799,.F.);
#1056=ORIENTED_EDGE('',*,*,#800,.F.);
#1057=ORIENTED_EDGE('',*,*,#801,.F.);
#1058=ORIENTED_EDGE('',*,*,#721,.F.);
#1059=ORIENTED_EDGE('',*,*,#802,.F.);
#1060=ORIENTED_EDGE('',*,*,#803,.F.);
#1061=ORIENTED_EDGE('',*,*,#724,.F.);
#1062=ORIENTED_EDGE('',*,*,#804,.T.);
#1063=ORIENTED_EDGE('',*,*,#711,.T.);
#1064=ORIENTED_EDGE('',*,*,#725,.T.);
#1065=ORIENTED_EDGE('',*,*,#803,.T.);
#1066=ORIENTED_EDGE('',*,*,#805,.T.);
#1067=ORIENTED_EDGE('',*,*,#718,.T.);
#1068=ORIENTED_EDGE('',*,*,#797,.T.);
#1069=ORIENTED_EDGE('',*,*,#806,.T.);
#1070=ORIENTED_EDGE('',*,*,#806,.F.);
#1071=ORIENTED_EDGE('',*,*,#796,.T.);
#1072=ORIENTED_EDGE('',*,*,#807,.F.);
#1073=ORIENTED_EDGE('',*,*,#808,.F.);
#1074=ORIENTED_EDGE('',*,*,#809,.T.);
#1075=ORIENTED_EDGE('',*,*,#807,.T.);
#1076=ORIENTED_EDGE('',*,*,#795,.T.);
#1077=ORIENTED_EDGE('',*,*,#810,.T.);
#1078=ORIENTED_EDGE('',*,*,#810,.F.);
#1079=ORIENTED_EDGE('',*,*,#794,.F.);
#1080=ORIENTED_EDGE('',*,*,#811,.F.);
#1081=ORIENTED_EDGE('',*,*,#812,.F.);
#1082=ORIENTED_EDGE('',*,*,#813,.T.);
#1083=ORIENTED_EDGE('',*,*,#811,.T.);
#1084=ORIENTED_EDGE('',*,*,#793,.T.);
#1085=ORIENTED_EDGE('',*,*,#814,.T.);
#1086=ORIENTED_EDGE('',*,*,#814,.F.);
#1087=ORIENTED_EDGE('',*,*,#792,.T.);
#1088=ORIENTED_EDGE('',*,*,#815,.F.);
#1089=ORIENTED_EDGE('',*,*,#816,.F.);
#1090=ORIENTED_EDGE('',*,*,#817,.T.);
#1091=ORIENTED_EDGE('',*,*,#815,.T.);
#1092=ORIENTED_EDGE('',*,*,#791,.T.);
#1093=ORIENTED_EDGE('',*,*,#818,.T.);
#1094=ORIENTED_EDGE('',*,*,#818,.F.);
#1095=ORIENTED_EDGE('',*,*,#790,.F.);
#1096=ORIENTED_EDGE('',*,*,#819,.F.);
#1097=ORIENTED_EDGE('',*,*,#820,.F.);
#1098=ORIENTED_EDGE('',*,*,#821,.T.);
#1099=ORIENTED_EDGE('',*,*,#819,.T.);
#1100=ORIENTED_EDGE('',*,*,#789,.T.);
#1101=ORIENTED_EDGE('',*,*,#822,.T.);
#1102=ORIENTED_EDGE('',*,*,#822,.F.);
#1103=ORIENTED_EDGE('',*,*,#788,.T.);
#1104=ORIENTED_EDGE('',*,*,#823,.F.);
#1105=ORIENTED_EDGE('',*,*,#824,.F.);
#1106=ORIENTED_EDGE('',*,*,#825,.T.);
#1107=ORIENTED_EDGE('',*,*,#823,.T.);
#1108=ORIENTED_EDGE('',*,*,#787,.T.);
#1109=ORIENTED_EDGE('',*,*,#826,.T.);
#1110=ORIENTED_EDGE('',*,*,#826,.F.);
#1111=ORIENTED_EDGE('',*,*,#786,.F.);
#1112=ORIENTED_EDGE('',*,*,#827,.F.);
#1113=ORIENTED_EDGE('',*,*,#828,.F.);
#1114=ORIENTED_EDGE('',*,*,#829,.T.);
#1115=ORIENTED_EDGE('',*,*,#827,.T.);
#1116=ORIENTED_EDGE('',*,*,#785,.T.);
#1117=ORIENTED_EDGE('',*,*,#830,.T.);
#1118=ORIENTED_EDGE('',*,*,#830,.F.);
#1119=ORIENTED_EDGE('',*,*,#784,.T.);
#1120=ORIENTED_EDGE('',*,*,#831,.F.);
#1121=ORIENTED_EDGE('',*,*,#832,.F.);
#1122=ORIENTED_EDGE('',*,*,#833,.T.);
#1123=ORIENTED_EDGE('',*,*,#831,.T.);
#1124=ORIENTED_EDGE('',*,*,#783,.T.);
#1125=ORIENTED_EDGE('',*,*,#834,.T.);
#1126=ORIENTED_EDGE('',*,*,#834,.F.);
#1127=ORIENTED_EDGE('',*,*,#782,.F.);
#1128=ORIENTED_EDGE('',*,*,#835,.F.);
#1129=ORIENTED_EDGE('',*,*,#836,.F.);
#1130=ORIENTED_EDGE('',*,*,#837,.T.);
#1131=ORIENTED_EDGE('',*,*,#835,.T.);
#1132=ORIENTED_EDGE('',*,*,#781,.T.);
#1133=ORIENTED_EDGE('',*,*,#838,.T.);
#1134=ORIENTED_EDGE('',*,*,#838,.F.);
#1135=ORIENTED_EDGE('',*,*,#780,.T.);
#1136=ORIENTED_EDGE('',*,*,#839,.F.);
#1137=ORIENTED_EDGE('',*,*,#840,.F.);
#1138=ORIENTED_EDGE('',*,*,#841,.T.);
#1139=ORIENTED_EDGE('',*,*,#839,.T.);
#1140=ORIENTED_EDGE('',*,*,#779,.T.);
#1141=ORIENTED_EDGE('',*,*,#842,.T.);
#1142=ORIENTED_EDGE('',*,*,#842,.F.);
#1143=ORIENTED_EDGE('',*,*,#778,.F.);
#1144=ORIENTED_EDGE('',*,*,#843,.F.);
#1145=ORIENTED_EDGE('',*,*,#844,.F.);
#1146=ORIENTED_EDGE('',*,*,#845,.T.);
#1147=ORIENTED_EDGE('',*,*,#843,.T.);
#1148=ORIENTED_EDGE('',*,*,#777,.T.);
#1149=ORIENTED_EDGE('',*,*,#846,.T.);
#1150=ORIENTED_EDGE('',*,*,#846,.F.);
#1151=ORIENTED_EDGE('',*,*,#776,.T.);
#1152=ORIENTED_EDGE('',*,*,#847,.F.);
#1153=ORIENTED_EDGE('',*,*,#848,.F.);
#1154=ORIENTED_EDGE('',*,*,#849,.T.);
#1155=ORIENTED_EDGE('',*,*,#847,.T.);
#1156=ORIENTED_EDGE('',*,*,#775,.T.);
#1157=ORIENTED_EDGE('',*,*,#850,.T.);
#1158=ORIENTED_EDGE('',*,*,#850,.F.);
#1159=ORIENTED_EDGE('',*,*,#774,.F.);
#1160=ORIENTED_EDGE('',*,*,#851,.F.);
#1161=ORIENTED_EDGE('',*,*,#852,.F.);
#1162=ORIENTED_EDGE('',*,*,#853,.T.);
#1163=ORIENTED_EDGE('',*,*,#851,.T.);
#1164=ORIENTED_EDGE('',*,*,#773,.T.);
#1165=ORIENTED_EDGE('',*,*,#854,.T.);
#1166=ORIENTED_EDGE('',*,*,#854,.F.);
#1167=ORIENTED_EDGE('',*,*,#772,.T.);
#1168=ORIENTED_EDGE('',*,*,#855,.F.);
#1169=ORIENTED_EDGE('',*,*,#856,.F.);
#1170=ORIENTED_EDGE('',*,*,#857,.T.);
#1171=ORIENTED_EDGE('',*,*,#855,.T.);
#1172=ORIENTED_EDGE('',*,*,#771,.T.);
#1173=ORIENTED_EDGE('',*,*,#858,.T.);
#1174=ORIENTED_EDGE('',*,*,#858,.F.);
#1175=ORIENTED_EDGE('',*,*,#770,.F.);
#1176=ORIENTED_EDGE('',*,*,#859,.F.);
#1177=ORIENTED_EDGE('',*,*,#860,.F.);
#1178=ORIENTED_EDGE('',*,*,#861,.T.);
#1179=ORIENTED_EDGE('',*,*,#859,.T.);
#1180=ORIENTED_EDGE('',*,*,#769,.T.);
#1181=ORIENTED_EDGE('',*,*,#862,.T.);
#1182=ORIENTED_EDGE('',*,*,#862,.F.);
#1183=ORIENTED_EDGE('',*,*,#768,.T.);
#1184=ORIENTED_EDGE('',*,*,#863,.F.);
#1185=ORIENTED_EDGE('',*,*,#864,.F.);
#1186=ORIENTED_EDGE('',*,*,#865,.T.);
#1187=ORIENTED_EDGE('',*,*,#863,.T.);
#1188=ORIENTED_EDGE('',*,*,#767,.T.);
#1189=ORIENTED_EDGE('',*,*,#866,.T.);
#1190=ORIENTED_EDGE('',*,*,#866,.F.);
#1191=ORIENTED_EDGE('',*,*,#766,.F.);
#1192=ORIENTED_EDGE('',*,*,#867,.F.);
#1193=ORIENTED_EDGE('',*,*,#868,.F.);
#1194=ORIENTED_EDGE('',*,*,#869,.T.);
#1195=ORIENTED_EDGE('',*,*,#867,.T.);
#1196=ORIENTED_EDGE('',*,*,#765,.T.);
#1197=ORIENTED_EDGE('',*,*,#870,.T.);
#1198=ORIENTED_EDGE('',*,*,#870,.F.);
#1199=ORIENTED_EDGE('',*,*,#764,.T.);
#1200=ORIENTED_EDGE('',*,*,#871,.F.);
#1201=ORIENTED_EDGE('',*,*,#872,.F.);
#1202=ORIENTED_EDGE('',*,*,#873,.T.);
#1203=ORIENTED_EDGE('',*,*,#871,.T.);
#1204=ORIENTED_EDGE('',*,*,#763,.T.);
#1205=ORIENTED_EDGE('',*,*,#874,.T.);
#1206=ORIENTED_EDGE('',*,*,#874,.F.);
#1207=ORIENTED_EDGE('',*,*,#762,.F.);
#1208=ORIENTED_EDGE('',*,*,#875,.F.);
#1209=ORIENTED_EDGE('',*,*,#876,.F.);
#1210=ORIENTED_EDGE('',*,*,#877,.T.);
#1211=ORIENTED_EDGE('',*,*,#875,.T.);
#1212=ORIENTED_EDGE('',*,*,#761,.T.);
#1213=ORIENTED_EDGE('',*,*,#878,.T.);
#1214=ORIENTED_EDGE('',*,*,#878,.F.);
#1215=ORIENTED_EDGE('',*,*,#760,.T.);
#1216=ORIENTED_EDGE('',*,*,#879,.F.);
#1217=ORIENTED_EDGE('',*,*,#880,.F.);
#1218=ORIENTED_EDGE('',*,*,#881,.T.);
#1219=ORIENTED_EDGE('',*,*,#879,.T.);
#1220=ORIENTED_EDGE('',*,*,#759,.T.);
#1221=ORIENTED_EDGE('',*,*,#882,.T.);
#1222=ORIENTED_EDGE('',*,*,#882,.F.);
#1223=ORIENTED_EDGE('',*,*,#758,.F.);
#1224=ORIENTED_EDGE('',*,*,#883,.F.);
#1225=ORIENTED_EDGE('',*,*,#884,.F.);
#1226=ORIENTED_EDGE('',*,*,#885,.T.);
#1227=ORIENTED_EDGE('',*,*,#883,.T.);
#1228=ORIENTED_EDGE('',*,*,#757,.T.);
#1229=ORIENTED_EDGE('',*,*,#886,.T.);
#1230=ORIENTED_EDGE('',*,*,#886,.F.);
#1231=ORIENTED_EDGE('',*,*,#756,.T.);
#1232=ORIENTED_EDGE('',*,*,#887,.F.);
#1233=ORIENTED_EDGE('',*,*,#888,.F.);
#1234=ORIENTED_EDGE('',*,*,#889,.T.);
#1235=ORIENTED_EDGE('',*,*,#887,.T.);
#1236=ORIENTED_EDGE('',*,*,#755,.T.);
#1237=ORIENTED_EDGE('',*,*,#890,.T.);
#1238=ORIENTED_EDGE('',*,*,#890,.F.);
#1239=ORIENTED_EDGE('',*,*,#754,.F.);
#1240=ORIENTED_EDGE('',*,*,#891,.F.);
#1241=ORIENTED_EDGE('',*,*,#892,.F.);
#1242=ORIENTED_EDGE('',*,*,#893,.T.);
#1243=ORIENTED_EDGE('',*,*,#891,.T.);
#1244=ORIENTED_EDGE('',*,*,#753,.T.);
#1245=ORIENTED_EDGE('',*,*,#894,.T.);
#1246=ORIENTED_EDGE('',*,*,#894,.F.);
#1247=ORIENTED_EDGE('',*,*,#752,.T.);
#1248=ORIENTED_EDGE('',*,*,#895,.F.);
#1249=ORIENTED_EDGE('',*,*,#896,.F.);
#1250=ORIENTED_EDGE('',*,*,#897,.T.);
#1251=ORIENTED_EDGE('',*,*,#895,.T.);
#1252=ORIENTED_EDGE('',*,*,#751,.T.);
#1253=ORIENTED_EDGE('',*,*,#898,.T.);
#1254=ORIENTED_EDGE('',*,*,#898,.F.);
#1255=ORIENTED_EDGE('',*,*,#750,.F.);
#1256=ORIENTED_EDGE('',*,*,#899,.F.);
#1257=ORIENTED_EDGE('',*,*,#900,.F.);
#1258=ORIENTED_EDGE('',*,*,#901,.T.);
#1259=ORIENTED_EDGE('',*,*,#899,.T.);
#1260=ORIENTED_EDGE('',*,*,#749,.T.);
#1261=ORIENTED_EDGE('',*,*,#902,.T.);
#1262=ORIENTED_EDGE('',*,*,#902,.F.);
#1263=ORIENTED_EDGE('',*,*,#748,.T.);
#1264=ORIENTED_EDGE('',*,*,#903,.F.);
#1265=ORIENTED_EDGE('',*,*,#904,.F.);
#1266=ORIENTED_EDGE('',*,*,#905,.T.);
#1267=ORIENTED_EDGE('',*,*,#903,.T.);
#1268=ORIENTED_EDGE('',*,*,#747,.T.);
#1269=ORIENTED_EDGE('',*,*,#906,.T.);
#1270=ORIENTED_EDGE('',*,*,#906,.F.);
#1271=ORIENTED_EDGE('',*,*,#746,.F.);
#1272=ORIENTED_EDGE('',*,*,#907,.F.);
#1273=ORIENTED_EDGE('',*,*,#908,.F.);
#1274=ORIENTED_EDGE('',*,*,#909,.T.);
#1275=ORIENTED_EDGE('',*,*,#907,.T.);
#1276=ORIENTED_EDGE('',*,*,#745,.T.);
#1277=ORIENTED_EDGE('',*,*,#910,.T.);
#1278=ORIENTED_EDGE('',*,*,#910,.F.);
#1279=ORIENTED_EDGE('',*,*,#744,.T.);
#1280=ORIENTED_EDGE('',*,*,#911,.F.);
#1281=ORIENTED_EDGE('',*,*,#912,.F.);
#1282=ORIENTED_EDGE('',*,*,#913,.T.);
#1283=ORIENTED_EDGE('',*,*,#911,.T.);
#1284=ORIENTED_EDGE('',*,*,#743,.T.);
#1285=ORIENTED_EDGE('',*,*,#914,.T.);
#1286=ORIENTED_EDGE('',*,*,#914,.F.);
#1287=ORIENTED_EDGE('',*,*,#742,.F.);
#1288=ORIENTED_EDGE('',*,*,#915,.F.);
#1289=ORIENTED_EDGE('',*,*,#916,.F.);
#1290=ORIENTED_EDGE('',*,*,#917,.T.);
#1291=ORIENTED_EDGE('',*,*,#915,.T.);
#1292=ORIENTED_EDGE('',*,*,#741,.T.);
#1293=ORIENTED_EDGE('',*,*,#918,.T.);
#1294=ORIENTED_EDGE('',*,*,#918,.F.);
#1295=ORIENTED_EDGE('',*,*,#740,.T.);
#1296=ORIENTED_EDGE('',*,*,#919,.F.);
#1297=ORIENTED_EDGE('',*,*,#920,.F.);
#1298=ORIENTED_EDGE('',*,*,#921,.T.);
#1299=ORIENTED_EDGE('',*,*,#919,.T.);
#1300=ORIENTED_EDGE('',*,*,#739,.T.);
#1301=ORIENTED_EDGE('',*,*,#922,.T.);
#1302=ORIENTED_EDGE('',*,*,#922,.F.);
#1303=ORIENTED_EDGE('',*,*,#738,.F.);
#1304=ORIENTED_EDGE('',*,*,#923,.F.);
#1305=ORIENTED_EDGE('',*,*,#924,.F.);
#1306=ORIENTED_EDGE('',*,*,#925,.T.);
#1307=ORIENTED_EDGE('',*,*,#923,.T.);
#1308=ORIENTED_EDGE('',*,*,#737,.T.);
#1309=ORIENTED_EDGE('',*,*,#926,.T.);
#1310=ORIENTED_EDGE('',*,*,#926,.F.);
#1311=ORIENTED_EDGE('',*,*,#736,.T.);
#1312=ORIENTED_EDGE('',*,*,#927,.F.);
#1313=ORIENTED_EDGE('',*,*,#928,.F.);
#1314=ORIENTED_EDGE('',*,*,#929,.T.);
#1315=ORIENTED_EDGE('',*,*,#927,.T.);
#1316=ORIENTED_EDGE('',*,*,#735,.T.);
#1317=ORIENTED_EDGE('',*,*,#930,.T.);
#1318=ORIENTED_EDGE('',*,*,#930,.F.);
#1319=ORIENTED_EDGE('',*,*,#734,.F.);
#1320=ORIENTED_EDGE('',*,*,#931,.F.);
#1321=ORIENTED_EDGE('',*,*,#932,.F.);
#1322=ORIENTED_EDGE('',*,*,#933,.T.);
#1323=ORIENTED_EDGE('',*,*,#931,.T.);
#1324=ORIENTED_EDGE('',*,*,#733,.T.);
#1325=ORIENTED_EDGE('',*,*,#934,.T.);
#1326=ORIENTED_EDGE('',*,*,#934,.F.);
#1327=ORIENTED_EDGE('',*,*,#732,.T.);
#1328=ORIENTED_EDGE('',*,*,#935,.F.);
#1329=ORIENTED_EDGE('',*,*,#936,.F.);
#1330=ORIENTED_EDGE('',*,*,#937,.T.);
#1331=ORIENTED_EDGE('',*,*,#935,.T.);
#1332=ORIENTED_EDGE('',*,*,#731,.T.);
#1333=ORIENTED_EDGE('',*,*,#938,.T.);
#1334=ORIENTED_EDGE('',*,*,#938,.F.);
#1335=ORIENTED_EDGE('',*,*,#730,.F.);
#1336=ORIENTED_EDGE('',*,*,#939,.F.);
#1337=ORIENTED_EDGE('',*,*,#940,.F.);
#1338=ORIENTED_EDGE('',*,*,#941,.T.);
#1339=ORIENTED_EDGE('',*,*,#939,.T.);
#1340=ORIENTED_EDGE('',*,*,#729,.T.);
#1341=ORIENTED_EDGE('',*,*,#942,.T.);
#1342=ORIENTED_EDGE('',*,*,#942,.F.);
#1343=ORIENTED_EDGE('',*,*,#728,.T.);
#1344=ORIENTED_EDGE('',*,*,#943,.F.);
#1345=ORIENTED_EDGE('',*,*,#944,.F.);
#1346=ORIENTED_EDGE('',*,*,#945,.T.);
#1347=ORIENTED_EDGE('',*,*,#943,.T.);
#1348=ORIENTED_EDGE('',*,*,#727,.T.);
#1349=ORIENTED_EDGE('',*,*,#946,.T.);
#1350=ORIENTED_EDGE('',*,*,#947,.F.);
#1351=ORIENTED_EDGE('',*,*,#948,.T.);
#1352=ORIENTED_EDGE('',*,*,#801,.T.);
#1353=ORIENTED_EDGE('',*,*,#948,.F.);
#1354=ORIENTED_EDGE('',*,*,#949,.F.);
#1355=ORIENTED_EDGE('',*,*,#950,.T.);
#1356=ORIENTED_EDGE('',*,*,#800,.T.);
#1357=ORIENTED_EDGE('',*,*,#950,.F.);
#1358=ORIENTED_EDGE('',*,*,#951,.F.);
#1359=ORIENTED_EDGE('',*,*,#952,.T.);
#1360=ORIENTED_EDGE('',*,*,#799,.T.);
#1361=ORIENTED_EDGE('',*,*,#952,.F.);
#1362=ORIENTED_EDGE('',*,*,#716,.F.);
#1363=ORIENTED_EDGE('',*,*,#953,.F.);
#1364=ORIENTED_EDGE('',*,*,#723,.F.);
#1365=ORIENTED_EDGE('',*,*,#798,.T.);
#1366=ORIENTED_EDGE('',*,*,#709,.F.);
#1367=ORIENTED_EDGE('',*,*,#954,.F.);
#1368=ORIENTED_EDGE('',*,*,#946,.F.);
#1369=ORIENTED_EDGE('',*,*,#726,.F.);
#1370=ORIENTED_EDGE('',*,*,#720,.F.);
#1371=ORIENTED_EDGE('',*,*,#953,.T.);
#1372=ORIENTED_EDGE('',*,*,#715,.F.);
#1373=ORIENTED_EDGE('',*,*,#719,.T.);
#1374=ORIENTED_EDGE('',*,*,#805,.F.);
#1375=ORIENTED_EDGE('',*,*,#808,.T.);
#1376=ORIENTED_EDGE('',*,*,#809,.F.);
#1377=ORIENTED_EDGE('',*,*,#812,.T.);
#1378=ORIENTED_EDGE('',*,*,#813,.F.);
#1379=ORIENTED_EDGE('',*,*,#816,.T.);
#1380=ORIENTED_EDGE('',*,*,#817,.F.);
#1381=ORIENTED_EDGE('',*,*,#820,.T.);
#1382=ORIENTED_EDGE('',*,*,#821,.F.);
#1383=ORIENTED_EDGE('',*,*,#824,.T.);
#1384=ORIENTED_EDGE('',*,*,#825,.F.);
#1385=ORIENTED_EDGE('',*,*,#828,.T.);
#1386=ORIENTED_EDGE('',*,*,#829,.F.);
#1387=ORIENTED_EDGE('',*,*,#832,.T.);
#1388=ORIENTED_EDGE('',*,*,#833,.F.);
#1389=ORIENTED_EDGE('',*,*,#836,.T.);
#1390=ORIENTED_EDGE('',*,*,#837,.F.);
#1391=ORIENTED_EDGE('',*,*,#840,.T.);
#1392=ORIENTED_EDGE('',*,*,#841,.F.);
#1393=ORIENTED_EDGE('',*,*,#844,.T.);
#1394=ORIENTED_EDGE('',*,*,#845,.F.);
#1395=ORIENTED_EDGE('',*,*,#848,.T.);
#1396=ORIENTED_EDGE('',*,*,#849,.F.);
#1397=ORIENTED_EDGE('',*,*,#852,.T.);
#1398=ORIENTED_EDGE('',*,*,#853,.F.);
#1399=ORIENTED_EDGE('',*,*,#856,.T.);
#1400=ORIENTED_EDGE('',*,*,#857,.F.);
#1401=ORIENTED_EDGE('',*,*,#860,.T.);
#1402=ORIENTED_EDGE('',*,*,#861,.F.);
#1403=ORIENTED_EDGE('',*,*,#864,.T.);
#1404=ORIENTED_EDGE('',*,*,#865,.F.);
#1405=ORIENTED_EDGE('',*,*,#868,.T.);
#1406=ORIENTED_EDGE('',*,*,#869,.F.);
#1407=ORIENTED_EDGE('',*,*,#872,.T.);
#1408=ORIENTED_EDGE('',*,*,#873,.F.);
#1409=ORIENTED_EDGE('',*,*,#876,.T.);
#1410=ORIENTED_EDGE('',*,*,#877,.F.);
#1411=ORIENTED_EDGE('',*,*,#880,.T.);
#1412=ORIENTED_EDGE('',*,*,#881,.F.);
#1413=ORIENTED_EDGE('',*,*,#884,.T.);
#1414=ORIENTED_EDGE('',*,*,#885,.F.);
#1415=ORIENTED_EDGE('',*,*,#888,.T.);
#1416=ORIENTED_EDGE('',*,*,#889,.F.);
#1417=ORIENTED_EDGE('',*,*,#892,.T.);
#1418=ORIENTED_EDGE('',*,*,#893,.F.);
#1419=ORIENTED_EDGE('',*,*,#896,.T.);
#1420=ORIENTED_EDGE('',*,*,#897,.F.);
#1421=ORIENTED_EDGE('',*,*,#900,.T.);
#1422=ORIENTED_EDGE('',*,*,#901,.F.);
#1423=ORIENTED_EDGE('',*,*,#904,.T.);
#1424=ORIENTED_EDGE('',*,*,#905,.F.);
#1425=ORIENTED_EDGE('',*,*,#908,.T.);
#1426=ORIENTED_EDGE('',*,*,#909,.F.);
#1427=ORIENTED_EDGE('',*,*,#912,.T.);
#1428=ORIENTED_EDGE('',*,*,#913,.F.);
#1429=ORIENTED_EDGE('',*,*,#916,.T.);
#1430=ORIENTED_EDGE('',*,*,#917,.F.);
#1431=ORIENTED_EDGE('',*,*,#920,.T.);
#1432=ORIENTED_EDGE('',*,*,#921,.F.);
#1433=ORIENTED_EDGE('',*,*,#924,.T.);
#1434=ORIENTED_EDGE('',*,*,#925,.F.);
#1435=ORIENTED_EDGE('',*,*,#928,.T.);
#1436=ORIENTED_EDGE('',*,*,#929,.F.);
#1437=ORIENTED_EDGE('',*,*,#932,.T.);
#1438=ORIENTED_EDGE('',*,*,#933,.F.);
#1439=ORIENTED_EDGE('',*,*,#936,.T.);
#1440=ORIENTED_EDGE('',*,*,#937,.F.);
#1441=ORIENTED_EDGE('',*,*,#940,.T.);
#1442=ORIENTED_EDGE('',*,*,#941,.F.);
#1443=ORIENTED_EDGE('',*,*,#944,.T.);
#1444=ORIENTED_EDGE('',*,*,#945,.F.);
#1445=ORIENTED_EDGE('',*,*,#954,.T.);
#1446=ORIENTED_EDGE('',*,*,#708,.F.);
#1447=ORIENTED_EDGE('',*,*,#712,.T.);
#1448=ORIENTED_EDGE('',*,*,#804,.F.);
#1449=ORIENTED_EDGE('',*,*,#802,.T.);
#1450=ORIENTED_EDGE('',*,*,#951,.T.);
#1451=ORIENTED_EDGE('',*,*,#949,.T.);
#1452=ORIENTED_EDGE('',*,*,#947,.T.);
#1453=CYLINDRICAL_SURFACE('',#1632,5.);
#1454=CYLINDRICAL_SURFACE('',#1636,5.);
#1455=CYLINDRICAL_SURFACE('',#1639,14.8400441400295);
#1456=CYLINDRICAL_SURFACE('',#1642,10.);
#1457=CYLINDRICAL_SURFACE('',#1723,10.);
#1458=CYLINDRICAL_SURFACE('',#1725,1.);
#1459=CYLINDRICAL_SURFACE('',#1727,76.2);
#1460=CYLINDRICAL_SURFACE('',#1729,1.);
#1461=CYLINDRICAL_SURFACE('',#1731,5.50000000000001);
#1462=CYLINDRICAL_SURFACE('',#1733,1.);
#1463=CYLINDRICAL_SURFACE('',#1735,76.2);
#1464=CYLINDRICAL_SURFACE('',#1737,1.);
#1465=CYLINDRICAL_SURFACE('',#1739,5.5);
#1466=CYLINDRICAL_SURFACE('',#1741,1.);
#1467=CYLINDRICAL_SURFACE('',#1743,76.2);
#1468=CYLINDRICAL_SURFACE('',#1745,1.);
#1469=CYLINDRICAL_SURFACE('',#1747,5.5);
#1470=CYLINDRICAL_SURFACE('',#1749,1.);
#1471=CYLINDRICAL_SURFACE('',#1751,76.2);
#1472=CYLINDRICAL_SURFACE('',#1753,1.);
#1473=CYLINDRICAL_SURFACE('',#1755,5.5);
#1474=CYLINDRICAL_SURFACE('',#1757,1.);
#1475=CYLINDRICAL_SURFACE('',#1759,76.2);
#1476=CYLINDRICAL_SURFACE('',#1761,1.);
#1477=CYLINDRICAL_SURFACE('',#1763,5.5);
#1478=CYLINDRICAL_SURFACE('',#1765,1.);
#1479=CYLINDRICAL_SURFACE('',#1767,76.2);
#1480=CYLINDRICAL_SURFACE('',#1769,1.);
#1481=CYLINDRICAL_SURFACE('',#1771,5.5);
#1482=CYLINDRICAL_SURFACE('',#1773,1.);
#1483=CYLINDRICAL_SURFACE('',#1775,76.2);
#1484=CYLINDRICAL_SURFACE('',#1777,1.);
#1485=CYLINDRICAL_SURFACE('',#1779,5.5);
#1486=CYLINDRICAL_SURFACE('',#1781,1.);
#1487=CYLINDRICAL_SURFACE('',#1783,76.2);
#1488=CYLINDRICAL_SURFACE('',#1785,1.);
#1489=CYLINDRICAL_SURFACE('',#1787,5.5);
#1490=CYLINDRICAL_SURFACE('',#1789,1.);
#1491=CYLINDRICAL_SURFACE('',#1791,76.2);
#1492=CYLINDRICAL_SURFACE('',#1793,1.);
#1493=CYLINDRICAL_SURFACE('',#1795,5.5);
#1494=CYLINDRICAL_SURFACE('',#1797,1.);
#1495=CYLINDRICAL_SURFACE('',#1799,76.2);
#1496=CYLINDRICAL_SURFACE('',#1801,1.);
#1497=CYLINDRICAL_SURFACE('',#1803,5.5);
#1498=CYLINDRICAL_SURFACE('',#1805,1.);
#1499=CYLINDRICAL_SURFACE('',#1807,76.2);
#1500=CYLINDRICAL_SURFACE('',#1809,1.);
#1501=CYLINDRICAL_SURFACE('',#1811,5.5);
#1502=CYLINDRICAL_SURFACE('',#1813,1.);
#1503=CYLINDRICAL_SURFACE('',#1815,76.2);
#1504=CYLINDRICAL_SURFACE('',#1817,1.);
#1505=CYLINDRICAL_SURFACE('',#1819,5.5);
#1506=CYLINDRICAL_SURFACE('',#1821,1.);
#1507=CYLINDRICAL_SURFACE('',#1823,76.2);
#1508=CYLINDRICAL_SURFACE('',#1825,1.);
#1509=CYLINDRICAL_SURFACE('',#1827,5.5);
#1510=CYLINDRICAL_SURFACE('',#1829,1.);
#1511=CYLINDRICAL_SURFACE('',#1831,76.2);
#1512=CYLINDRICAL_SURFACE('',#1833,1.);
#1513=CYLINDRICAL_SURFACE('',#1835,5.5);
#1514=CYLINDRICAL_SURFACE('',#1837,1.);
#1515=CYLINDRICAL_SURFACE('',#1839,76.2);
#1516=CYLINDRICAL_SURFACE('',#1841,1.);
#1517=CYLINDRICAL_SURFACE('',#1843,5.5);
#1518=CYLINDRICAL_SURFACE('',#1845,1.);
#1519=CYLINDRICAL_SURFACE('',#1847,76.2);
#1520=CYLINDRICAL_SURFACE('',#1849,1.);
#1521=CYLINDRICAL_SURFACE('',#1851,5.5);
#1522=CYLINDRICAL_SURFACE('',#1853,1.);
#1523=CYLINDRICAL_SURFACE('',#1855,76.2);
#1524=CYLINDRICAL_SURFACE('',#1857,1.);
#1525=CYLINDRICAL_SURFACE('',#1859,5.5);
#1526=CYLINDRICAL_SURFACE('',#1861,1.);
#1527=CYLINDRICAL_SURFACE('',#1863,76.2);
#1528=CYLINDRICAL_SURFACE('',#1865,1.);
#1529=CYLINDRICAL_SURFACE('',#1867,5.);
#1530=CYLINDRICAL_SURFACE('',#1869,5.);
#1531=CYLINDRICAL_SURFACE('',#1871,5.);
#1532=CYLINDRICAL_SURFACE('',#1874,14.8400441400295);
#1533=ADVANCED_FACE('',(#26),#1453,.F.);
#1534=ADVANCED_FACE('',(#27),#21,.T.);
#1535=ADVANCED_FACE('',(#28),#1454,.F.);
#1536=ADVANCED_FACE('',(#29),#1455,.F.);
#1537=ADVANCED_FACE('',(#30),#1456,.T.);
#1538=ADVANCED_FACE('',(#31,#15,#16,#17),#22,.F.);
#1539=ADVANCED_FACE('',(#32),#23,.T.);
#1540=ADVANCED_FACE('',(#33),#1457,.T.);
#1541=ADVANCED_FACE('',(#34),#1458,.T.);
#1542=ADVANCED_FACE('',(#35),#1459,.T.);
#1543=ADVANCED_FACE('',(#36),#1460,.T.);
#1544=ADVANCED_FACE('',(#37),#1461,.F.);
#1545=ADVANCED_FACE('',(#38),#1462,.T.);
#1546=ADVANCED_FACE('',(#39),#1463,.T.);
#1547=ADVANCED_FACE('',(#40),#1464,.T.);
#1548=ADVANCED_FACE('',(#41),#1465,.F.);
#1549=ADVANCED_FACE('',(#42),#1466,.T.);
#1550=ADVANCED_FACE('',(#43),#1467,.T.);
#1551=ADVANCED_FACE('',(#44),#1468,.T.);
#1552=ADVANCED_FACE('',(#45),#1469,.F.);
#1553=ADVANCED_FACE('',(#46),#1470,.T.);
#1554=ADVANCED_FACE('',(#47),#1471,.T.);
#1555=ADVANCED_FACE('',(#48),#1472,.T.);
#1556=ADVANCED_FACE('',(#49),#1473,.F.);
#1557=ADVANCED_FACE('',(#50),#1474,.T.);
#1558=ADVANCED_FACE('',(#51),#1475,.T.);
#1559=ADVANCED_FACE('',(#52),#1476,.T.);
#1560=ADVANCED_FACE('',(#53),#1477,.F.);
#1561=ADVANCED_FACE('',(#54),#1478,.T.);
#1562=ADVANCED_FACE('',(#55),#1479,.T.);
#1563=ADVANCED_FACE('',(#56),#1480,.T.);
#1564=ADVANCED_FACE('',(#57),#1481,.F.);
#1565=ADVANCED_FACE('',(#58),#1482,.T.);
#1566=ADVANCED_FACE('',(#59),#1483,.T.);
#1567=ADVANCED_FACE('',(#60),#1484,.T.);
#1568=ADVANCED_FACE('',(#61),#1485,.F.);
#1569=ADVANCED_FACE('',(#62),#1486,.T.);
#1570=ADVANCED_FACE('',(#63),#1487,.T.);
#1571=ADVANCED_FACE('',(#64),#1488,.T.);
#1572=ADVANCED_FACE('',(#65),#1489,.F.);
#1573=ADVANCED_FACE('',(#66),#1490,.T.);
#1574=ADVANCED_FACE('',(#67),#1491,.T.);
#1575=ADVANCED_FACE('',(#68),#1492,.T.);
#1576=ADVANCED_FACE('',(#69),#1493,.F.);
#1577=ADVANCED_FACE('',(#70),#1494,.T.);
#1578=ADVANCED_FACE('',(#71),#1495,.T.);
#1579=ADVANCED_FACE('',(#72),#1496,.T.);
#1580=ADVANCED_FACE('',(#73),#1497,.F.);
#1581=ADVANCED_FACE('',(#74),#1498,.T.);
#1582=ADVANCED_FACE('',(#75),#1499,.T.);
#1583=ADVANCED_FACE('',(#76),#1500,.T.);
#1584=ADVANCED_FACE('',(#77),#1501,.F.);
#1585=ADVANCED_FACE('',(#78),#1502,.T.);
#1586=ADVANCED_FACE('',(#79),#1503,.T.);
#1587=ADVANCED_FACE('',(#80),#1504,.T.);
#1588=ADVANCED_FACE('',(#81),#1505,.F.);
#1589=ADVANCED_FACE('',(#82),#1506,.T.);
#1590=ADVANCED_FACE('',(#83),#1507,.T.);
#1591=ADVANCED_FACE('',(#84),#1508,.T.);
#1592=ADVANCED_FACE('',(#85),#1509,.F.);
#1593=ADVANCED_FACE('',(#86),#1510,.T.);
#1594=ADVANCED_FACE('',(#87),#1511,.T.);
#1595=ADVANCED_FACE('',(#88),#1512,.T.);
#1596=ADVANCED_FACE('',(#89),#1513,.F.);
#1597=ADVANCED_FACE('',(#90),#1514,.T.);
#1598=ADVANCED_FACE('',(#91),#1515,.T.);
#1599=ADVANCED_FACE('',(#92),#1516,.T.);
#1600=ADVANCED_FACE('',(#93),#1517,.F.);
#1601=ADVANCED_FACE('',(#94),#1518,.T.);
#1602=ADVANCED_FACE('',(#95),#1519,.T.);
#1603=ADVANCED_FACE('',(#96),#1520,.T.);
#1604=ADVANCED_FACE('',(#97),#1521,.F.);
#1605=ADVANCED_FACE('',(#98),#1522,.T.);
#1606=ADVANCED_FACE('',(#99),#1523,.T.);
#1607=ADVANCED_FACE('',(#100),#1524,.T.);
#1608=ADVANCED_FACE('',(#101),#1525,.F.);
#1609=ADVANCED_FACE('',(#102),#1526,.T.);
#1610=ADVANCED_FACE('',(#103),#1527,.T.);
#1611=ADVANCED_FACE('',(#104),#1528,.T.);
#1612=ADVANCED_FACE('',(#105),#1529,.F.);
#1613=ADVANCED_FACE('',(#106),#1530,.F.);
#1614=ADVANCED_FACE('',(#107),#1531,.F.);
#1615=ADVANCED_FACE('',(#108),#24,.T.);
#1616=ADVANCED_FACE('',(#109),#1532,.F.);
#1617=ADVANCED_FACE('',(#110,#18,#19,#20),#25,.T.);
#1618=CLOSED_SHELL('',(#1533,#1534,#1535,#1536,#1537,#1538,#1539,#1540,
#1541,#1542,#1543,#1544,#1545,#1546,#1547,#1548,#1549,#1550,#1551,#1552,
#1553,#1554,#1555,#1556,#1557,#1558,#1559,#1560,#1561,#1562,#1563,#1564,
#1565,#1566,#1567,#1568,#1569,#1570,#1571,#1572,#1573,#1574,#1575,#1576,
#1577,#1578,#1579,#1580,#1581,#1582,#1583,#1584,#1585,#1586,#1587,#1588,
#1589,#1590,#1591,#1592,#1593,#1594,#1595,#1596,#1597,#1598,#1599,#1600,
#1601,#1602,#1603,#1604,#1605,#1606,#1607,#1608,#1609,#1610,#1611,#1612,
#1613,#1614,#1615,#1616,#1617));
#1619=DERIVED_UNIT_ELEMENT(#1621,1.);
#1620=DERIVED_UNIT_ELEMENT(#2964,-3.);
#1621=(
MASS_UNIT()
NAMED_UNIT(*)
SI_UNIT(.KILO.,.GRAM.)
);
#1622=DERIVED_UNIT((#1619,#1620));
#1623=MEASURE_REPRESENTATION_ITEM('density measure',
POSITIVE_RATIO_MEASURE(7850.),#1622);
#1624=PROPERTY_DEFINITION_REPRESENTATION(#1629,#1626);
#1625=PROPERTY_DEFINITION_REPRESENTATION(#1630,#1627);
#1626=REPRESENTATION('material name',(#1628),#2961);
#1627=REPRESENTATION('density',(#1623),#2961);
#1628=DESCRIPTIVE_REPRESENTATION_ITEM('Steel','Steel');
#1629=PROPERTY_DEFINITION('material property','material name',#2971);
#1630=PROPERTY_DEFINITION('material property','density of part',#2971);
#1631=AXIS2_PLACEMENT_3D('',#2458,#1877,#1878);
#1632=AXIS2_PLACEMENT_3D('',#2459,#1879,#1880);
#1633=AXIS2_PLACEMENT_3D('',#2462,#1881,#1882);
#1634=AXIS2_PLACEMENT_3D('',#2466,#1884,#1885);
#1635=AXIS2_PLACEMENT_3D('',#2468,#1887,#1888);
#1636=AXIS2_PLACEMENT_3D('',#2474,#1892,#1893);
#1637=AXIS2_PLACEMENT_3D('',#2477,#1894,#1895);
#1638=AXIS2_PLACEMENT_3D('',#2481,#1897,#1898);
#1639=AXIS2_PLACEMENT_3D('',#2483,#1900,#1901);
#1640=AXIS2_PLACEMENT_3D('',#2485,#1902,#1903);
#1641=AXIS2_PLACEMENT_3D('',#2488,#1905,#1906);
#1642=AXIS2_PLACEMENT_3D('',#2489,#1907,#1908);
#1643=AXIS2_PLACEMENT_3D('',#2492,#1909,#1910);
#1644=AXIS2_PLACEMENT_3D('',#2496,#1912,#1913);
#1645=AXIS2_PLACEMENT_3D('',#2498,#1915,#1916);
#1646=AXIS2_PLACEMENT_3D('',#2501,#1918,#1919);
#1647=AXIS2_PLACEMENT_3D('',#2503,#1920,#1921);
#1648=AXIS2_PLACEMENT_3D('',#2505,#1922,#1923);
#1649=AXIS2_PLACEMENT_3D('',#2507,#1924,#1925);
#1650=AXIS2_PLACEMENT_3D('',#2509,#1926,#1927);
#1651=AXIS2_PLACEMENT_3D('',#2511,#1928,#1929);
#1652=AXIS2_PLACEMENT_3D('',#2513,#1930,#1931);
#1653=AXIS2_PLACEMENT_3D('',#2515,#1932,#1933);
#1654=AXIS2_PLACEMENT_3D('',#2517,#1934,#1935);
#1655=AXIS2_PLACEMENT_3D('',#2519,#1936,#1937);
#1656=AXIS2_PLACEMENT_3D('',#2521,#1938,#1939);
#1657=AXIS2_PLACEMENT_3D('',#2523,#1940,#1941);
#1658=AXIS2_PLACEMENT_3D('',#2525,#1942,#1943);
#1659=AXIS2_PLACEMENT_3D('',#2527,#1944,#1945);
#1660=AXIS2_PLACEMENT_3D('',#2529,#1946,#1947);
#1661=AXIS2_PLACEMENT_3D('',#2531,#1948,#1949);
#1662=AXIS2_PLACEMENT_3D('',#2533,#1950,#1951);
#1663=AXIS2_PLACEMENT_3D('',#2535,#1952,#1953);
#1664=AXIS2_PLACEMENT_3D('',#2537,#1954,#1955);
#1665=AXIS2_PLACEMENT_3D('',#2539,#1956,#1957);
#1666=AXIS2_PLACEMENT_3D('',#2541,#1958,#1959);
#1667=AXIS2_PLACEMENT_3D('',#2543,#1960,#1961);
#1668=AXIS2_PLACEMENT_3D('',#2545,#1962,#1963);
#1669=AXIS2_PLACEMENT_3D('',#2547,#1964,#1965);
#1670=AXIS2_PLACEMENT_3D('',#2549,#1966,#1967);
#1671=AXIS2_PLACEMENT_3D('',#2551,#1968,#1969);
#1672=AXIS2_PLACEMENT_3D('',#2553,#1970,#1971);
#1673=AXIS2_PLACEMENT_3D('',#2555,#1972,#1973);
#1674=AXIS2_PLACEMENT_3D('',#2557,#1974,#1975);
#1675=AXIS2_PLACEMENT_3D('',#2559,#1976,#1977);
#1676=AXIS2_PLACEMENT_3D('',#2561,#1978,#1979);
#1677=AXIS2_PLACEMENT_3D('',#2563,#1980,#1981);
#1678=AXIS2_PLACEMENT_3D('',#2565,#1982,#1983);
#1679=AXIS2_PLACEMENT_3D('',#2567,#1984,#1985);
#1680=AXIS2_PLACEMENT_3D('',#2569,#1986,#1987);
#1681=AXIS2_PLACEMENT_3D('',#2571,#1988,#1989);
#1682=AXIS2_PLACEMENT_3D('',#2573,#1990,#1991);
#1683=AXIS2_PLACEMENT_3D('',#2575,#1992,#1993);
#1684=AXIS2_PLACEMENT_3D('',#2577,#1994,#1995);
#1685=AXIS2_PLACEMENT_3D('',#2579,#1996,#1997);
#1686=AXIS2_PLACEMENT_3D('',#2581,#1998,#1999);
#1687=AXIS2_PLACEMENT_3D('',#2583,#2000,#2001);
#1688=AXIS2_PLACEMENT_3D('',#2585,#2002,#2003);
#1689=AXIS2_PLACEMENT_3D('',#2587,#2004,#2005);
#1690=AXIS2_PLACEMENT_3D('',#2589,#2006,#2007);
#1691=AXIS2_PLACEMENT_3D('',#2591,#2008,#2009);
#1692=AXIS2_PLACEMENT_3D('',#2593,#2010,#2011);
#1693=AXIS2_PLACEMENT_3D('',#2595,#2012,#2013);
#1694=AXIS2_PLACEMENT_3D('',#2597,#2014,#2015);
#1695=AXIS2_PLACEMENT_3D('',#2599,#2016,#2017);
#1696=AXIS2_PLACEMENT_3D('',#2601,#2018,#2019);
#1697=AXIS2_PLACEMENT_3D('',#2603,#2020,#2021);
#1698=AXIS2_PLACEMENT_3D('',#2605,#2022,#2023);
#1699=AXIS2_PLACEMENT_3D('',#2607,#2024,#2025);
#1700=AXIS2_PLACEMENT_3D('',#2609,#2026,#2027);
#1701=AXIS2_PLACEMENT_3D('',#2611,#2028,#2029);
#1702=AXIS2_PLACEMENT_3D('',#2613,#2030,#2031);
#1703=AXIS2_PLACEMENT_3D('',#2615,#2032,#2033);
#1704=AXIS2_PLACEMENT_3D('',#2617,#2034,#2035);
#1705=AXIS2_PLACEMENT_3D('',#2619,#2036,#2037);
#1706=AXIS2_PLACEMENT_3D('',#2621,#2038,#2039);
#1707=AXIS2_PLACEMENT_3D('',#2623,#2040,#2041);
#1708=AXIS2_PLACEMENT_3D('',#2625,#2042,#2043);
#1709=AXIS2_PLACEMENT_3D('',#2627,#2044,#2045);
#1710=AXIS2_PLACEMENT_3D('',#2629,#2046,#2047);
#1711=AXIS2_PLACEMENT_3D('',#2631,#2048,#2049);
#1712=AXIS2_PLACEMENT_3D('',#2633,#2050,#2051);
#1713=AXIS2_PLACEMENT_3D('',#2635,#2052,#2053);
#1714=AXIS2_PLACEMENT_3D('',#2637,#2054,#2055);
#1715=AXIS2_PLACEMENT_3D('',#2639,#2056,#2057);
#1716=AXIS2_PLACEMENT_3D('',#2641,#2058,#2059);
#1717=AXIS2_PLACEMENT_3D('',#2643,#2060,#2061);
#1718=AXIS2_PLACEMENT_3D('',#2644,#2062,#2063);
#1719=AXIS2_PLACEMENT_3D('',#2647,#2065,#2066);
#1720=AXIS2_PLACEMENT_3D('',#2649,#2067,#2068);
#1721=AXIS2_PLACEMENT_3D('',#2651,#2069,#2070);
#1722=AXIS2_PLACEMENT_3D('',#2652,#2071,#2072);
#1723=AXIS2_PLACEMENT_3D('',#2656,#2075,#2076);
#1724=AXIS2_PLACEMENT_3D('',#2657,#2077,#2078);
#1725=AXIS2_PLACEMENT_3D('',#2658,#2079,#2080);
#1726=AXIS2_PLACEMENT_3D('',#2660,#2081,#2082);
#1727=AXIS2_PLACEMENT_3D('',#2662,#2084,#2085);
#1728=AXIS2_PLACEMENT_3D('',#2665,#2087,#2088);
#1729=AXIS2_PLACEMENT_3D('',#2666,#2089,#2090);
#1730=AXIS2_PLACEMENT_3D('',#2668,#2091,#2092);
#1731=AXIS2_PLACEMENT_3D('',#2670,#2094,#2095);
#1732=AXIS2_PLACEMENT_3D('',#2673,#2097,#2098);
#1733=AXIS2_PLACEMENT_3D('',#2674,#2099,#2100);
#1734=AXIS2_PLACEMENT_3D('',#2676,#2101,#2102);
#1735=AXIS2_PLACEMENT_3D('',#2678,#2104,#2105);
#1736=AXIS2_PLACEMENT_3D('',#2681,#2107,#2108);
#1737=AXIS2_PLACEMENT_3D('',#2682,#2109,#2110);
#1738=AXIS2_PLACEMENT_3D('',#2684,#2111,#2112);
#1739=AXIS2_PLACEMENT_3D('',#2686,#2114,#2115);
#1740=AXIS2_PLACEMENT_3D('',#2689,#2117,#2118);
#1741=AXIS2_PLACEMENT_3D('',#2690,#2119,#2120);
#1742=AXIS2_PLACEMENT_3D('',#2692,#2121,#2122);
#1743=AXIS2_PLACEMENT_3D('',#2694,#2124,#2125);
#1744=AXIS2_PLACEMENT_3D('',#2697,#2127,#2128);
#1745=AXIS2_PLACEMENT_3D('',#2698,#2129,#2130);
#1746=AXIS2_PLACEMENT_3D('',#2700,#2131,#2132);
#1747=AXIS2_PLACEMENT_3D('',#2702,#2134,#2135);
#1748=AXIS2_PLACEMENT_3D('',#2705,#2137,#2138);
#1749=AXIS2_PLACEMENT_3D('',#2706,#2139,#2140);
#1750=AXIS2_PLACEMENT_3D('',#2708,#2141,#2142);
#1751=AXIS2_PLACEMENT_3D('',#2710,#2144,#2145);
#1752=AXIS2_PLACEMENT_3D('',#2713,#2147,#2148);
#1753=AXIS2_PLACEMENT_3D('',#2714,#2149,#2150);
#1754=AXIS2_PLACEMENT_3D('',#2716,#2151,#2152);
#1755=AXIS2_PLACEMENT_3D('',#2718,#2154,#2155);
#1756=AXIS2_PLACEMENT_3D('',#2721,#2157,#2158);
#1757=AXIS2_PLACEMENT_3D('',#2722,#2159,#2160);
#1758=AXIS2_PLACEMENT_3D('',#2724,#2161,#2162);
#1759=AXIS2_PLACEMENT_3D('',#2726,#2164,#2165);
#1760=AXIS2_PLACEMENT_3D('',#2729,#2167,#2168);
#1761=AXIS2_PLACEMENT_3D('',#2730,#2169,#2170);
#1762=AXIS2_PLACEMENT_3D('',#2732,#2171,#2172);
#1763=AXIS2_PLACEMENT_3D('',#2734,#2174,#2175);
#1764=AXIS2_PLACEMENT_3D('',#2737,#2177,#2178);
#1765=AXIS2_PLACEMENT_3D('',#2738,#2179,#2180);
#1766=AXIS2_PLACEMENT_3D('',#2740,#2181,#2182);
#1767=AXIS2_PLACEMENT_3D('',#2742,#2184,#2185);
#1768=AXIS2_PLACEMENT_3D('',#2745,#2187,#2188);
#1769=AXIS2_PLACEMENT_3D('',#2746,#2189,#2190);
#1770=AXIS2_PLACEMENT_3D('',#2748,#2191,#2192);
#1771=AXIS2_PLACEMENT_3D('',#2750,#2194,#2195);
#1772=AXIS2_PLACEMENT_3D('',#2753,#2197,#2198);
#1773=AXIS2_PLACEMENT_3D('',#2754,#2199,#2200);
#1774=AXIS2_PLACEMENT_3D('',#2756,#2201,#2202);
#1775=AXIS2_PLACEMENT_3D('',#2758,#2204,#2205);
#1776=AXIS2_PLACEMENT_3D('',#2761,#2207,#2208);
#1777=AXIS2_PLACEMENT_3D('',#2762,#2209,#2210);
#1778=AXIS2_PLACEMENT_3D('',#2764,#2211,#2212);
#1779=AXIS2_PLACEMENT_3D('',#2766,#2214,#2215);
#1780=AXIS2_PLACEMENT_3D('',#2769,#2217,#2218);
#1781=AXIS2_PLACEMENT_3D('',#2770,#2219,#2220);
#1782=AXIS2_PLACEMENT_3D('',#2772,#2221,#2222);
#1783=AXIS2_PLACEMENT_3D('',#2774,#2224,#2225);
#1784=AXIS2_PLACEMENT_3D('',#2777,#2227,#2228);
#1785=AXIS2_PLACEMENT_3D('',#2778,#2229,#2230);
#1786=AXIS2_PLACEMENT_3D('',#2780,#2231,#2232);
#1787=AXIS2_PLACEMENT_3D('',#2782,#2234,#2235);
#1788=AXIS2_PLACEMENT_3D('',#2785,#2237,#2238);
#1789=AXIS2_PLACEMENT_3D('',#2786,#2239,#2240);
#1790=AXIS2_PLACEMENT_3D('',#2788,#2241,#2242);
#1791=AXIS2_PLACEMENT_3D('',#2790,#2244,#2245);
#1792=AXIS2_PLACEMENT_3D('',#2793,#2247,#2248);
#1793=AXIS2_PLACEMENT_3D('',#2794,#2249,#2250);
#1794=AXIS2_PLACEMENT_3D('',#2796,#2251,#2252);
#1795=AXIS2_PLACEMENT_3D('',#2798,#2254,#2255);
#1796=AXIS2_PLACEMENT_3D('',#2801,#2257,#2258);
#1797=AXIS2_PLACEMENT_3D('',#2802,#2259,#2260);
#1798=AXIS2_PLACEMENT_3D('',#2804,#2261,#2262);
#1799=AXIS2_PLACEMENT_3D('',#2806,#2264,#2265);
#1800=AXIS2_PLACEMENT_3D('',#2809,#2267,#2268);
#1801=AXIS2_PLACEMENT_3D('',#2810,#2269,#2270);
#1802=AXIS2_PLACEMENT_3D('',#2812,#2271,#2272);
#1803=AXIS2_PLACEMENT_3D('',#2814,#2274,#2275);
#1804=AXIS2_PLACEMENT_3D('',#2817,#2277,#2278);
#1805=AXIS2_PLACEMENT_3D('',#2818,#2279,#2280);
#1806=AXIS2_PLACEMENT_3D('',#2820,#2281,#2282);
#1807=AXIS2_PLACEMENT_3D('',#2822,#2284,#2285);
#1808=AXIS2_PLACEMENT_3D('',#2825,#2287,#2288);
#1809=AXIS2_PLACEMENT_3D('',#2826,#2289,#2290);
#1810=AXIS2_PLACEMENT_3D('',#2828,#2291,#2292);
#1811=AXIS2_PLACEMENT_3D('',#2830,#2294,#2295);
#1812=AXIS2_PLACEMENT_3D('',#2833,#2297,#2298);
#1813=AXIS2_PLACEMENT_3D('',#2834,#2299,#2300);
#1814=AXIS2_PLACEMENT_3D('',#2836,#2301,#2302);
#1815=AXIS2_PLACEMENT_3D('',#2838,#2304,#2305);
#1816=AXIS2_PLACEMENT_3D('',#2841,#2307,#2308);
#1817=AXIS2_PLACEMENT_3D('',#2842,#2309,#2310);
#1818=AXIS2_PLACEMENT_3D('',#2844,#2311,#2312);
#1819=AXIS2_PLACEMENT_3D('',#2846,#2314,#2315);
#1820=AXIS2_PLACEMENT_3D('',#2849,#2317,#2318);
#1821=AXIS2_PLACEMENT_3D('',#2850,#2319,#2320);
#1822=AXIS2_PLACEMENT_3D('',#2852,#2321,#2322);
#1823=AXIS2_PLACEMENT_3D('',#2854,#2324,#2325);
#1824=AXIS2_PLACEMENT_3D('',#2857,#2327,#2328);
#1825=AXIS2_PLACEMENT_3D('',#2858,#2329,#2330);
#1826=AXIS2_PLACEMENT_3D('',#2860,#2331,#2332);
#1827=AXIS2_PLACEMENT_3D('',#2862,#2334,#2335);
#1828=AXIS2_PLACEMENT_3D('',#2865,#2337,#2338);
#1829=AXIS2_PLACEMENT_3D('',#2866,#2339,#2340);
#1830=AXIS2_PLACEMENT_3D('',#2868,#2341,#2342);
#1831=AXIS2_PLACEMENT_3D('',#2870,#2344,#2345);
#1832=AXIS2_PLACEMENT_3D('',#2873,#2347,#2348);
#1833=AXIS2_PLACEMENT_3D('',#2874,#2349,#2350);
#1834=AXIS2_PLACEMENT_3D('',#2876,#2351,#2352);
#1835=AXIS2_PLACEMENT_3D('',#2878,#2354,#2355);
#1836=AXIS2_PLACEMENT_3D('',#2881,#2357,#2358);
#1837=AXIS2_PLACEMENT_3D('',#2882,#2359,#2360);
#1838=AXIS2_PLACEMENT_3D('',#2884,#2361,#2362);
#1839=AXIS2_PLACEMENT_3D('',#2886,#2364,#2365);
#1840=AXIS2_PLACEMENT_3D('',#2889,#2367,#2368);
#1841=AXIS2_PLACEMENT_3D('',#2890,#2369,#2370);
#1842=AXIS2_PLACEMENT_3D('',#2892,#2371,#2372);
#1843=AXIS2_PLACEMENT_3D('',#2894,#2374,#2375);
#1844=AXIS2_PLACEMENT_3D('',#2897,#2377,#2378);
#1845=AXIS2_PLACEMENT_3D('',#2898,#2379,#2380);
#1846=AXIS2_PLACEMENT_3D('',#2900,#2381,#2382);
#1847=AXIS2_PLACEMENT_3D('',#2902,#2384,#2385);
#1848=AXIS2_PLACEMENT_3D('',#2905,#2387,#2388);
#1849=AXIS2_PLACEMENT_3D('',#2906,#2389,#2390);
#1850=AXIS2_PLACEMENT_3D('',#2908,#2391,#2392);
#1851=AXIS2_PLACEMENT_3D('',#2910,#2394,#2395);
#1852=AXIS2_PLACEMENT_3D('',#2913,#2397,#2398);
#1853=AXIS2_PLACEMENT_3D('',#2914,#2399,#2400);
#1854=AXIS2_PLACEMENT_3D('',#2916,#2401,#2402);
#1855=AXIS2_PLACEMENT_3D('',#2918,#2404,#2405);
#1856=AXIS2_PLACEMENT_3D('',#2921,#2407,#2408);
#1857=AXIS2_PLACEMENT_3D('',#2922,#2409,#2410);
#1858=AXIS2_PLACEMENT_3D('',#2924,#2411,#2412);
#1859=AXIS2_PLACEMENT_3D('',#2926,#2414,#2415);
#1860=AXIS2_PLACEMENT_3D('',#2929,#2417,#2418);
#1861=AXIS2_PLACEMENT_3D('',#2930,#2419,#2420);
#1862=AXIS2_PLACEMENT_3D('',#2932,#2421,#2422);
#1863=AXIS2_PLACEMENT_3D('',#2934,#2424,#2425);
#1864=AXIS2_PLACEMENT_3D('',#2937,#2427,#2428);
#1865=AXIS2_PLACEMENT_3D('',#2938,#2429,#2430);
#1866=AXIS2_PLACEMENT_3D('',#2940,#2431,#2432);
#1867=AXIS2_PLACEMENT_3D('',#2942,#2434,#2435);
#1868=AXIS2_PLACEMENT_3D('',#2944,#2436,#2437);
#1869=AXIS2_PLACEMENT_3D('',#2946,#2439,#2440);
#1870=AXIS2_PLACEMENT_3D('',#2948,#2441,#2442);
#1871=AXIS2_PLACEMENT_3D('',#2950,#2444,#2445);
#1872=AXIS2_PLACEMENT_3D('',#2952,#2446,#2447);
#1873=AXIS2_PLACEMENT_3D('',#2954,#2449,#2450);
#1874=AXIS2_PLACEMENT_3D('',#2956,#2452,#2453);
#1875=AXIS2_PLACEMENT_3D('',#2957,#2454,#2455);
#1876=AXIS2_PLACEMENT_3D('',#2958,#2456,#2457);
#1877=DIRECTION('axis',(0.,0.,1.));
#1878=DIRECTION('refdir',(1.,0.,0.));
#1879=DIRECTION('center_axis',(0.,0.,1.));
#1880=DIRECTION('ref_axis',(0.912231860693013,0.409674300312533,0.));
#1881=DIRECTION('center_axis',(0.,0.,-1.));
#1882=DIRECTION('ref_axis',(0.912231860693013,0.409674300312533,0.));
#1883=DIRECTION('',(0.,0.,1.));
#1884=DIRECTION('center_axis',(0.,0.,1.));
#1885=DIRECTION('ref_axis',(0.912231860693013,0.409674300312533,0.));
#1886=DIRECTION('',(0.,0.,-1.));
#1887=DIRECTION('center_axis',(-1.,0.,0.));
#1888=DIRECTION('ref_axis',(0.,-1.,0.));
#1889=DIRECTION('',(0.,1.,0.));
#1890=DIRECTION('',(0.,0.,-1.));
#1891=DIRECTION('',(0.,-1.,0.));
#1892=DIRECTION('center_axis',(0.,0.,1.));
#1893=DIRECTION('ref_axis',(-0.912231860693013,0.409674300312532,0.));
#1894=DIRECTION('center_axis',(0.,0.,-1.));
#1895=DIRECTION('ref_axis',(-0.912231860693013,0.409674300312532,0.));
#1896=DIRECTION('',(0.,0.,1.));
#1897=DIRECTION('center_axis',(0.,0.,1.));
#1898=DIRECTION('ref_axis',(-0.912231860693013,0.409674300312532,0.));
#1899=DIRECTION('',(0.,0.,-1.));
#1900=DIRECTION('center_axis',(0.,0.,1.));
#1901=DIRECTION('ref_axis',(-0.0360892498654765,0.9993485708421,0.));
#1902=DIRECTION('center_axis',(0.,0.,1.));
#1903=DIRECTION('ref_axis',(-0.0360892498654765,0.9993485708421,0.));
#1904=DIRECTION('',(0.,0.,-1.));
#1905=DIRECTION('center_axis',(0.,0.,-1.));
#1906=DIRECTION('ref_axis',(-0.0360892498654765,0.9993485708421,0.));
#1907=DIRECTION('center_axis',(0.,0.,1.));
#1908=DIRECTION('ref_axis',(0.707106781186547,-0.707106781186547,0.));
#1909=DIRECTION('center_axis',(0.,0.,-1.));
#1910=DIRECTION('ref_axis',(0.707106781186547,-0.707106781186547,0.));
#1911=DIRECTION('',(0.,0.,-1.));
#1912=DIRECTION('center_axis',(0.,0.,1.));
#1913=DIRECTION('ref_axis',(0.707106781186547,-0.707106781186547,0.));
#1914=DIRECTION('',(0.,0.,1.));
#1915=DIRECTION('center_axis',(0.,0.,1.));
#1916=DIRECTION('ref_axis',(1.,0.,0.));
#1917=DIRECTION('',(-1.,0.,0.));
#1918=DIRECTION('center_axis',(0.,0.,1.));
#1919=DIRECTION('ref_axis',(-0.707106781186547,-0.707106781186547,0.));
#1920=DIRECTION('center_axis',(0.,0.,1.));
#1921=DIRECTION('ref_axis',(0.777428634205733,0.628971158891256,0.));
#1922=DIRECTION('center_axis',(0.,0.,1.));
#1923=DIRECTION('ref_axis',(-0.770185838154762,-0.637819547133707,0.));
#1924=DIRECTION('center_axis',(0.,0.,1.));
#1925=DIRECTION('ref_axis',(1.,2.22044604925031E-16,0.));
#1926=DIRECTION('center_axis',(0.,0.,1.));
#1927=DIRECTION('ref_axis',(-0.682865359475023,0.730544249740595,0.));
#1928=DIRECTION('center_axis',(0.,0.,1.));
#1929=DIRECTION('ref_axis',(1.,0.,0.));
#1930=DIRECTION('center_axis',(0.,0.,1.));
#1931=DIRECTION('ref_axis',(-0.891544388291023,-0.45293333251902,0.));
#1932=DIRECTION('center_axis',(0.,0.,1.));
#1933=DIRECTION('ref_axis',(1.,2.22044604925031E-16,0.));
#1934=DIRECTION('center_axis',(0.,0.,1.));
#1935=DIRECTION('ref_axis',(-0.545633422601963,0.838023966327735,0.));
#1936=DIRECTION('center_axis',(0.,0.,1.));
#1937=DIRECTION('ref_axis',(1.,0.,0.));
#1938=DIRECTION('center_axis',(0.,0.,1.));
#1939=DIRECTION('ref_axis',(-0.956650873540059,-0.29123719912649,0.));
#1940=DIRECTION('center_axis',(0.,0.,1.));
#1941=DIRECTION('ref_axis',(1.,2.22044604925031E-16,0.));
#1942=DIRECTION('center_axis',(0.,0.,1.));
#1943=DIRECTION('ref_axis',(-0.391822690286982,0.920040748758593,0.));
#1944=DIRECTION('center_axis',(0.,0.,1.));
#1945=DIRECTION('ref_axis',(1.,0.,0.));
#1946=DIRECTION('center_axis',(0.,0.,1.));
#1947=DIRECTION('ref_axis',(-0.992690006085289,-0.120691970811603,0.));
#1948=DIRECTION('center_axis',(0.,0.,1.));
#1949=DIRECTION('ref_axis',(1.,2.22044604925031E-16,0.));
#1950=DIRECTION('center_axis',(0.,0.,1.));
#1951=DIRECTION('ref_axis',(-0.226106623799482,0.974102558601506,0.));
#1952=DIRECTION('center_axis',(0.,0.,1.));
#1953=DIRECTION('ref_axis',(1.,0.,0.));
#1954=DIRECTION('center_axis',(0.,0.,1.));
#1955=DIRECTION('ref_axis',(-0.998566755120994,0.0535204219632945,0.));
#1956=DIRECTION('center_axis',(0.,0.,1.));
#1957=DIRECTION('ref_axis',(1.,2.22044604925031E-16,0.));
#1958=DIRECTION('center_axis',(0.,0.,1.));
#1959=DIRECTION('ref_axis',(-0.0535204219632833,0.998566755120994,0.));
#1960=DIRECTION('center_axis',(0.,0.,1.));
#1961=DIRECTION('ref_axis',(1.,0.,0.));
#1962=DIRECTION('center_axis',(0.,0.,1.));
#1963=DIRECTION('ref_axis',(-0.974102558601508,0.226106623799471,0.));
#1964=DIRECTION('center_axis',(0.,0.,1.));
#1965=DIRECTION('ref_axis',(1.,2.22044604925031E-16,0.));
#1966=DIRECTION('center_axis',(0.,0.,1.));
#1967=DIRECTION('ref_axis',(0.120691970811616,0.992690006085287,0.));
#1968=DIRECTION('center_axis',(0.,0.,1.));
#1969=DIRECTION('ref_axis',(1.,0.,0.));
#1970=DIRECTION('center_axis',(0.,0.,1.));
#1971=DIRECTION('ref_axis',(-0.920040748758591,0.391822690286986,0.));
#1972=DIRECTION('center_axis',(0.,0.,1.));
#1973=DIRECTION('ref_axis',(1.,2.22044604925031E-16,0.));
#1974=DIRECTION('center_axis',(0.,0.,1.));
#1975=DIRECTION('ref_axis',(0.291237199126476,0.956650873540063,0.));
#1976=DIRECTION('center_axis',(0.,0.,1.));
#1977=DIRECTION('ref_axis',(1.,0.,0.));
#1978=DIRECTION('center_axis',(0.,0.,1.));
#1979=DIRECTION('ref_axis',(-0.838023966327735,0.545633422601963,0.));
#1980=DIRECTION('center_axis',(0.,0.,1.));
#1981=DIRECTION('ref_axis',(1.,2.22044604925031E-16,0.));
#1982=DIRECTION('center_axis',(0.,0.,1.));
#1983=DIRECTION('ref_axis',(0.452933332519025,0.891544388291021,0.));
#1984=DIRECTION('center_axis',(0.,0.,1.));
#1985=DIRECTION('ref_axis',(1.,0.,0.));
#1986=DIRECTION('center_axis',(0.,0.,1.));
#1987=DIRECTION('ref_axis',(-0.730544249740592,0.682865359475026,0.));
#1988=DIRECTION('center_axis',(0.,0.,1.));
#1989=DIRECTION('ref_axis',(1.,2.22044604925031E-16,0.));
#1990=DIRECTION('center_axis',(0.,0.,1.));
#1991=DIRECTION('ref_axis',(0.600867315798308,0.799348777946984,0.));
#1992=DIRECTION('center_axis',(0.,0.,1.));
#1993=DIRECTION('ref_axis',(1.,0.,0.));
#1994=DIRECTION('center_axis',(0.,0.,1.));
#1995=DIRECTION('ref_axis',(-0.6008673157983,0.79934877794699,0.));
#1996=DIRECTION('center_axis',(0.,0.,1.));
#1997=DIRECTION('ref_axis',(1.,2.22044604925031E-16,0.));
#1998=DIRECTION('center_axis',(0.,0.,1.));
#1999=DIRECTION('ref_axis',(0.730544249740594,0.682865359475024,0.));
#2000=DIRECTION('center_axis',(0.,0.,1.));
#2001=DIRECTION('ref_axis',(1.,0.,0.));
#2002=DIRECTION('center_axis',(0.,0.,1.));
#2003=DIRECTION('ref_axis',(-0.452933332519025,0.891544388291021,0.));
#2004=DIRECTION('center_axis',(0.,0.,1.));
#2005=DIRECTION('ref_axis',(1.,2.22044604925031E-16,0.));
#2006=DIRECTION('center_axis',(0.,0.,1.));
#2007=DIRECTION('ref_axis',(0.83802396632773,0.54563342260197,0.));
#2008=DIRECTION('center_axis',(0.,0.,1.));
#2009=DIRECTION('ref_axis',(1.,0.,0.));
#2010=DIRECTION('center_axis',(0.,0.,1.));
#2011=DIRECTION('ref_axis',(-0.291237199126487,0.95665087354006,0.));
#2012=DIRECTION('center_axis',(0.,0.,1.));
#2013=DIRECTION('ref_axis',(1.,2.22044604925031E-16,0.));
#2014=DIRECTION('center_axis',(0.,0.,1.));
#2015=DIRECTION('ref_axis',(0.920040748758597,0.391822690286971,0.));
#2016=DIRECTION('center_axis',(0.,0.,1.));
#2017=DIRECTION('ref_axis',(1.,0.,0.));
#2018=DIRECTION('center_axis',(0.,0.,1.));
#2019=DIRECTION('ref_axis',(-0.120691970811614,0.992690006085288,0.));
#2020=DIRECTION('center_axis',(0.,0.,1.));
#2021=DIRECTION('ref_axis',(1.,2.22044604925031E-16,0.));
#2022=DIRECTION('center_axis',(0.,0.,1.));
#2023=DIRECTION('ref_axis',(0.974102558601506,0.226106623799479,0.));
#2024=DIRECTION('center_axis',(0.,0.,1.));
#2025=DIRECTION('ref_axis',(1.,0.,0.));
#2026=DIRECTION('center_axis',(0.,0.,1.));
#2027=DIRECTION('ref_axis',(0.0535204219632945,0.998566755120994,0.));
#2028=DIRECTION('center_axis',(0.,0.,1.));
#2029=DIRECTION('ref_axis',(1.,2.22044604925031E-16,0.));
#2030=DIRECTION('center_axis',(0.,0.,1.));
#2031=DIRECTION('ref_axis',(0.998566755120994,0.0535204219632833,0.));
#2032=DIRECTION('center_axis',(0.,0.,1.));
#2033=DIRECTION('ref_axis',(1.,0.,0.));
#2034=DIRECTION('center_axis',(0.,0.,1.));
#2035=DIRECTION('ref_axis',(0.226106623799471,0.974102558601508,0.));
#2036=DIRECTION('center_axis',(0.,0.,1.));
#2037=DIRECTION('ref_axis',(1.,2.22044604925031E-16,0.));
#2038=DIRECTION('center_axis',(0.,0.,1.));
#2039=DIRECTION('ref_axis',(0.992690006085289,-0.120691970811603,0.));
#2040=DIRECTION('center_axis',(0.,0.,1.));
#2041=DIRECTION('ref_axis',(1.,0.,0.));
#2042=DIRECTION('center_axis',(0.,0.,1.));
#2043=DIRECTION('ref_axis',(0.391822690286982,0.920040748758593,0.));
#2044=DIRECTION('center_axis',(0.,0.,1.));
#2045=DIRECTION('ref_axis',(1.,2.22044604925031E-16,0.));
#2046=DIRECTION('center_axis',(0.,0.,1.));
#2047=DIRECTION('ref_axis',(0.956650873540062,-0.291237199126478,0.));
#2048=DIRECTION('center_axis',(0.,0.,1.));
#2049=DIRECTION('ref_axis',(1.,0.,0.));
#2050=DIRECTION('center_axis',(0.,0.,1.));
#2051=DIRECTION('ref_axis',(0.545633422601963,0.838023966327735,0.));
#2052=DIRECTION('center_axis',(0.,0.,1.));
#2053=DIRECTION('ref_axis',(1.,2.22044604925031E-16,0.));
#2054=DIRECTION('center_axis',(0.,0.,1.));
#2055=DIRECTION('ref_axis',(0.891544388291021,-0.452933332519025,0.));
#2056=DIRECTION('center_axis',(0.,0.,1.));
#2057=DIRECTION('ref_axis',(1.,0.,0.));
#2058=DIRECTION('center_axis',(0.,0.,1.));
#2059=DIRECTION('ref_axis',(0.682865359475024,0.730544249740594,0.));
#2060=DIRECTION('center_axis',(0.,0.,1.));
#2061=DIRECTION('ref_axis',(1.,2.22044604925031E-16,0.));
#2062=DIRECTION('center_axis',(0.,0.,1.));
#2063=DIRECTION('ref_axis',(0.770185838154761,-0.637819547133708,0.));
#2064=DIRECTION('',(0.,1.,0.));
#2065=DIRECTION('center_axis',(0.,0.,-1.));
#2066=DIRECTION('ref_axis',(1.,0.,0.));
#2067=DIRECTION('center_axis',(0.,0.,-1.));
#2068=DIRECTION('ref_axis',(1.,0.,0.));
#2069=DIRECTION('center_axis',(0.,0.,-1.));
#2070=DIRECTION('ref_axis',(1.,0.,0.));
#2071=DIRECTION('center_axis',(0.,-1.,0.));
#2072=DIRECTION('ref_axis',(1.,0.,0.));
#2073=DIRECTION('',(1.,0.,0.));
#2074=DIRECTION('',(0.,0.,1.));
#2075=DIRECTION('center_axis',(0.,0.,1.));
#2076=DIRECTION('ref_axis',(-0.707106781186547,-0.707106781186547,0.));
#2077=DIRECTION('center_axis',(0.,0.,-1.));
#2078=DIRECTION('ref_axis',(-0.707106781186547,-0.707106781186547,0.));
#2079=DIRECTION('center_axis',(0.,0.,1.));
#2080=DIRECTION('ref_axis',(0.770185838154761,-0.637819547133708,0.));
#2081=DIRECTION('center_axis',(0.,0.,-1.));
#2082=DIRECTION('ref_axis',(0.770185838154761,-0.637819547133708,0.));
#2083=DIRECTION('',(0.,0.,1.));
#2084=DIRECTION('center_axis',(0.,0.,1.));
#2085=DIRECTION('ref_axis',(1.,2.22044604925031E-16,0.));
#2086=DIRECTION('',(0.,0.,-1.));
#2087=DIRECTION('center_axis',(0.,0.,1.));
#2088=DIRECTION('ref_axis',(1.,2.22044604925031E-16,0.));
#2089=DIRECTION('center_axis',(0.,0.,1.));
#2090=DIRECTION('ref_axis',(0.682865359475024,0.730544249740594,0.));
#2091=DIRECTION('center_axis',(0.,0.,-1.));
#2092=DIRECTION('ref_axis',(0.682865359475024,0.730544249740594,0.));
#2093=DIRECTION('',(0.,0.,1.));
#2094=DIRECTION('center_axis',(0.,0.,1.));
#2095=DIRECTION('ref_axis',(-0.984807753012208,-0.173648177666932,0.));
#2096=DIRECTION('',(0.,0.,-1.));
#2097=DIRECTION('center_axis',(0.,0.,-1.));
#2098=DIRECTION('ref_axis',(1.,0.,0.));
#2099=DIRECTION('center_axis',(0.,0.,1.));
#2100=DIRECTION('ref_axis',(0.891544388291021,-0.452933332519025,0.));
#2101=DIRECTION('center_axis',(0.,0.,-1.));
#2102=DIRECTION('ref_axis',(0.891544388291021,-0.452933332519025,0.));
#2103=DIRECTION('',(0.,0.,1.));
#2104=DIRECTION('center_axis',(0.,0.,1.));
#2105=DIRECTION('ref_axis',(1.,2.22044604925031E-16,0.));
#2106=DIRECTION('',(0.,0.,-1.));
#2107=DIRECTION('center_axis',(0.,0.,1.));
#2108=DIRECTION('ref_axis',(1.,2.22044604925031E-16,0.));
#2109=DIRECTION('center_axis',(0.,0.,1.));
#2110=DIRECTION('ref_axis',(0.545633422601963,0.838023966327735,0.));
#2111=DIRECTION('center_axis',(0.,0.,-1.));
#2112=DIRECTION('ref_axis',(0.545633422601963,0.838023966327735,0.));
#2113=DIRECTION('',(0.,0.,1.));
#2114=DIRECTION('center_axis',(0.,0.,1.));
#2115=DIRECTION('ref_axis',(-0.939692620785908,-0.342020143325668,0.));
#2116=DIRECTION('',(0.,0.,-1.));
#2117=DIRECTION('center_axis',(0.,0.,-1.));
#2118=DIRECTION('ref_axis',(1.,0.,0.));
#2119=DIRECTION('center_axis',(0.,0.,1.));
#2120=DIRECTION('ref_axis',(0.956650873540062,-0.291237199126478,0.));
#2121=DIRECTION('center_axis',(0.,0.,-1.));
#2122=DIRECTION('ref_axis',(0.956650873540062,-0.291237199126478,0.));
#2123=DIRECTION('',(0.,0.,1.));
#2124=DIRECTION('center_axis',(0.,0.,1.));
#2125=DIRECTION('ref_axis',(1.,2.22044604925031E-16,0.));
#2126=DIRECTION('',(0.,0.,-1.));
#2127=DIRECTION('center_axis',(0.,0.,1.));
#2128=DIRECTION('ref_axis',(1.,2.22044604925031E-16,0.));
#2129=DIRECTION('center_axis',(0.,0.,1.));
#2130=DIRECTION('ref_axis',(0.391822690286982,0.920040748758593,0.));
#2131=DIRECTION('center_axis',(0.,0.,-1.));
#2132=DIRECTION('ref_axis',(0.391822690286982,0.920040748758593,0.));
#2133=DIRECTION('',(0.,0.,1.));
#2134=DIRECTION('center_axis',(0.,0.,1.));
#2135=DIRECTION('ref_axis',(-0.866025403784438,-0.5,0.));
#2136=DIRECTION('',(0.,0.,-1.));
#2137=DIRECTION('center_axis',(0.,0.,-1.));
#2138=DIRECTION('ref_axis',(1.,0.,0.));
#2139=DIRECTION('center_axis',(0.,0.,1.));
#2140=DIRECTION('ref_axis',(0.992690006085289,-0.120691970811603,0.));
#2141=DIRECTION('center_axis',(0.,0.,-1.));
#2142=DIRECTION('ref_axis',(0.992690006085289,-0.120691970811603,0.));
#2143=DIRECTION('',(0.,0.,1.));
#2144=DIRECTION('center_axis',(0.,0.,1.));
#2145=DIRECTION('ref_axis',(1.,2.22044604925031E-16,0.));
#2146=DIRECTION('',(0.,0.,-1.));
#2147=DIRECTION('center_axis',(0.,0.,1.));
#2148=DIRECTION('ref_axis',(1.,2.22044604925031E-16,0.));
#2149=DIRECTION('center_axis',(0.,0.,1.));
#2150=DIRECTION('ref_axis',(0.226106623799471,0.974102558601508,0.));
#2151=DIRECTION('center_axis',(0.,0.,-1.));
#2152=DIRECTION('ref_axis',(0.226106623799471,0.974102558601508,0.));
#2153=DIRECTION('',(0.,0.,1.));
#2154=DIRECTION('center_axis',(0.,0.,1.));
#2155=DIRECTION('ref_axis',(-0.766044443118977,-0.64278760968654,0.));
#2156=DIRECTION('',(0.,0.,-1.));
#2157=DIRECTION('center_axis',(0.,0.,-1.));
#2158=DIRECTION('ref_axis',(1.,0.,0.));
#2159=DIRECTION('center_axis',(0.,0.,1.));
#2160=DIRECTION('ref_axis',(0.998566755120994,0.0535204219632833,0.));
#2161=DIRECTION('center_axis',(0.,0.,-1.));
#2162=DIRECTION('ref_axis',(0.998566755120994,0.0535204219632833,0.));
#2163=DIRECTION('',(0.,0.,1.));
#2164=DIRECTION('center_axis',(0.,0.,1.));
#2165=DIRECTION('ref_axis',(1.,2.22044604925031E-16,0.));
#2166=DIRECTION('',(0.,0.,-1.));
#2167=DIRECTION('center_axis',(0.,0.,1.));
#2168=DIRECTION('ref_axis',(1.,2.22044604925031E-16,0.));
#2169=DIRECTION('center_axis',(0.,0.,1.));
#2170=DIRECTION('ref_axis',(0.0535204219632945,0.998566755120994,0.));
#2171=DIRECTION('center_axis',(0.,0.,-1.));
#2172=DIRECTION('ref_axis',(0.0535204219632945,0.998566755120994,0.));
#2173=DIRECTION('',(0.,0.,1.));
#2174=DIRECTION('center_axis',(0.,0.,1.));
#2175=DIRECTION('ref_axis',(-0.642787609686539,-0.766044443118979,0.));
#2176=DIRECTION('',(0.,0.,-1.));
#2177=DIRECTION('center_axis',(0.,0.,-1.));
#2178=DIRECTION('ref_axis',(1.,0.,0.));
#2179=DIRECTION('center_axis',(0.,0.,1.));
#2180=DIRECTION('ref_axis',(0.974102558601506,0.226106623799479,0.));
#2181=DIRECTION('center_axis',(0.,0.,-1.));
#2182=DIRECTION('ref_axis',(0.974102558601506,0.226106623799479,0.));
#2183=DIRECTION('',(0.,0.,1.));
#2184=DIRECTION('center_axis',(0.,0.,1.));
#2185=DIRECTION('ref_axis',(1.,2.22044604925031E-16,0.));
#2186=DIRECTION('',(0.,0.,-1.));
#2187=DIRECTION('center_axis',(0.,0.,1.));
#2188=DIRECTION('ref_axis',(1.,2.22044604925031E-16,0.));
#2189=DIRECTION('center_axis',(0.,0.,1.));
#2190=DIRECTION('ref_axis',(-0.120691970811614,0.992690006085288,0.));
#2191=DIRECTION('center_axis',(0.,0.,-1.));
#2192=DIRECTION('ref_axis',(-0.120691970811614,0.992690006085288,0.));
#2193=DIRECTION('',(0.,0.,1.));
#2194=DIRECTION('center_axis',(0.,0.,1.));
#2195=DIRECTION('ref_axis',(-0.500000000000001,-0.866025403784438,0.));
#2196=DIRECTION('',(0.,0.,-1.));
#2197=DIRECTION('center_axis',(0.,0.,-1.));
#2198=DIRECTION('ref_axis',(1.,0.,0.));
#2199=DIRECTION('center_axis',(0.,0.,1.));
#2200=DIRECTION('ref_axis',(0.920040748758597,0.391822690286971,0.));
#2201=DIRECTION('center_axis',(0.,0.,-1.));
#2202=DIRECTION('ref_axis',(0.920040748758597,0.391822690286971,0.));
#2203=DIRECTION('',(0.,0.,1.));
#2204=DIRECTION('center_axis',(0.,0.,1.));
#2205=DIRECTION('ref_axis',(1.,2.22044604925031E-16,0.));
#2206=DIRECTION('',(0.,0.,-1.));
#2207=DIRECTION('center_axis',(0.,0.,1.));
#2208=DIRECTION('ref_axis',(1.,2.22044604925031E-16,0.));
#2209=DIRECTION('center_axis',(0.,0.,1.));
#2210=DIRECTION('ref_axis',(-0.291237199126487,0.95665087354006,0.));
#2211=DIRECTION('center_axis',(0.,0.,-1.));
#2212=DIRECTION('ref_axis',(-0.291237199126487,0.95665087354006,0.));
#2213=DIRECTION('',(0.,0.,1.));
#2214=DIRECTION('center_axis',(0.,0.,1.));
#2215=DIRECTION('ref_axis',(-0.342020143325668,-0.939692620785909,0.));
#2216=DIRECTION('',(0.,0.,-1.));
#2217=DIRECTION('center_axis',(0.,0.,-1.));
#2218=DIRECTION('ref_axis',(1.,0.,0.));
#2219=DIRECTION('center_axis',(0.,0.,1.));
#2220=DIRECTION('ref_axis',(0.83802396632773,0.54563342260197,0.));
#2221=DIRECTION('center_axis',(0.,0.,-1.));
#2222=DIRECTION('ref_axis',(0.83802396632773,0.54563342260197,0.));
#2223=DIRECTION('',(0.,0.,1.));
#2224=DIRECTION('center_axis',(0.,0.,1.));
#2225=DIRECTION('ref_axis',(1.,2.22044604925031E-16,0.));
#2226=DIRECTION('',(0.,0.,-1.));
#2227=DIRECTION('center_axis',(0.,0.,1.));
#2228=DIRECTION('ref_axis',(1.,2.22044604925031E-16,0.));
#2229=DIRECTION('center_axis',(0.,0.,1.));
#2230=DIRECTION('ref_axis',(-0.452933332519025,0.891544388291021,0.));
#2231=DIRECTION('center_axis',(0.,0.,-1.));
#2232=DIRECTION('ref_axis',(-0.452933332519025,0.891544388291021,0.));
#2233=DIRECTION('',(0.,0.,1.));
#2234=DIRECTION('center_axis',(0.,0.,1.));
#2235=DIRECTION('ref_axis',(1.,0.,0.));
#2236=DIRECTION('',(0.,0.,-1.));
#2237=DIRECTION('center_axis',(0.,0.,-1.));
#2238=DIRECTION('ref_axis',(1.,0.,0.));
#2239=DIRECTION('center_axis',(0.,0.,1.));
#2240=DIRECTION('ref_axis',(0.730544249740594,0.682865359475024,0.));
#2241=DIRECTION('center_axis',(0.,0.,-1.));
#2242=DIRECTION('ref_axis',(0.730544249740594,0.682865359475024,0.));
#2243=DIRECTION('',(0.,0.,1.));
#2244=DIRECTION('center_axis',(0.,0.,1.));
#2245=DIRECTION('ref_axis',(1.,2.22044604925031E-16,0.));
#2246=DIRECTION('',(0.,0.,-1.));
#2247=DIRECTION('center_axis',(0.,0.,1.));
#2248=DIRECTION('ref_axis',(1.,2.22044604925031E-16,0.));
#2249=DIRECTION('center_axis',(0.,0.,1.));
#2250=DIRECTION('ref_axis',(-0.6008673157983,0.79934877794699,0.));
#2251=DIRECTION('center_axis',(0.,0.,-1.));
#2252=DIRECTION('ref_axis',(-0.6008673157983,0.79934877794699,0.));
#2253=DIRECTION('',(0.,0.,1.));
#2254=DIRECTION('center_axis',(0.,0.,1.));
#2255=DIRECTION('ref_axis',(1.,0.,0.));
#2256=DIRECTION('',(0.,0.,-1.));
#2257=DIRECTION('center_axis',(0.,0.,-1.));
#2258=DIRECTION('ref_axis',(1.,0.,0.));
#2259=DIRECTION('center_axis',(0.,0.,1.));
#2260=DIRECTION('ref_axis',(0.600867315798308,0.799348777946984,0.));
#2261=DIRECTION('center_axis',(0.,0.,-1.));
#2262=DIRECTION('ref_axis',(0.600867315798308,0.799348777946984,0.));
#2263=DIRECTION('',(0.,0.,1.));
#2264=DIRECTION('center_axis',(0.,0.,1.));
#2265=DIRECTION('ref_axis',(1.,2.22044604925031E-16,0.));
#2266=DIRECTION('',(0.,0.,-1.));
#2267=DIRECTION('center_axis',(0.,0.,1.));
#2268=DIRECTION('ref_axis',(1.,2.22044604925031E-16,0.));
#2269=DIRECTION('center_axis',(0.,0.,1.));
#2270=DIRECTION('ref_axis',(-0.730544249740592,0.682865359475026,0.));
#2271=DIRECTION('center_axis',(0.,0.,-1.));
#2272=DIRECTION('ref_axis',(-0.730544249740592,0.682865359475026,0.));
#2273=DIRECTION('',(0.,0.,1.));
#2274=DIRECTION('center_axis',(0.,0.,1.));
#2275=DIRECTION('ref_axis',(1.,0.,0.));
#2276=DIRECTION('',(0.,0.,-1.));
#2277=DIRECTION('center_axis',(0.,0.,-1.));
#2278=DIRECTION('ref_axis',(1.,0.,0.));
#2279=DIRECTION('center_axis',(0.,0.,1.));
#2280=DIRECTION('ref_axis',(0.452933332519025,0.891544388291021,0.));
#2281=DIRECTION('center_axis',(0.,0.,-1.));
#2282=DIRECTION('ref_axis',(0.452933332519025,0.891544388291021,0.));
#2283=DIRECTION('',(0.,0.,1.));
#2284=DIRECTION('center_axis',(0.,0.,1.));
#2285=DIRECTION('ref_axis',(1.,2.22044604925031E-16,0.));
#2286=DIRECTION('',(0.,0.,-1.));
#2287=DIRECTION('center_axis',(0.,0.,1.));
#2288=DIRECTION('ref_axis',(1.,2.22044604925031E-16,0.));
#2289=DIRECTION('center_axis',(0.,0.,1.));
#2290=DIRECTION('ref_axis',(-0.838023966327735,0.545633422601963,0.));
#2291=DIRECTION('center_axis',(0.,0.,-1.));
#2292=DIRECTION('ref_axis',(-0.838023966327735,0.545633422601963,0.));
#2293=DIRECTION('',(0.,0.,1.));
#2294=DIRECTION('center_axis',(0.,0.,1.));
#2295=DIRECTION('ref_axis',(1.,0.,0.));
#2296=DIRECTION('',(0.,0.,-1.));
#2297=DIRECTION('center_axis',(0.,0.,-1.));
#2298=DIRECTION('ref_axis',(1.,0.,0.));
#2299=DIRECTION('center_axis',(0.,0.,1.));
#2300=DIRECTION('ref_axis',(0.291237199126476,0.956650873540063,0.));
#2301=DIRECTION('center_axis',(0.,0.,-1.));
#2302=DIRECTION('ref_axis',(0.291237199126476,0.956650873540063,0.));
#2303=DIRECTION('',(0.,0.,1.));
#2304=DIRECTION('center_axis',(0.,0.,1.));
#2305=DIRECTION('ref_axis',(1.,2.22044604925031E-16,0.));
#2306=DIRECTION('',(0.,0.,-1.));
#2307=DIRECTION('center_axis',(0.,0.,1.));
#2308=DIRECTION('ref_axis',(1.,2.22044604925031E-16,0.));
#2309=DIRECTION('center_axis',(0.,0.,1.));
#2310=DIRECTION('ref_axis',(-0.920040748758591,0.391822690286986,0.));
#2311=DIRECTION('center_axis',(0.,0.,-1.));
#2312=DIRECTION('ref_axis',(-0.920040748758591,0.391822690286986,0.));
#2313=DIRECTION('',(0.,0.,1.));
#2314=DIRECTION('center_axis',(0.,0.,1.));
#2315=DIRECTION('ref_axis',(1.,0.,0.));
#2316=DIRECTION('',(0.,0.,-1.));
#2317=DIRECTION('center_axis',(0.,0.,-1.));
#2318=DIRECTION('ref_axis',(1.,0.,0.));
#2319=DIRECTION('center_axis',(0.,0.,1.));
#2320=DIRECTION('ref_axis',(0.120691970811616,0.992690006085287,0.));
#2321=DIRECTION('center_axis',(0.,0.,-1.));
#2322=DIRECTION('ref_axis',(0.120691970811616,0.992690006085287,0.));
#2323=DIRECTION('',(0.,0.,1.));
#2324=DIRECTION('center_axis',(0.,0.,1.));
#2325=DIRECTION('ref_axis',(1.,2.22044604925031E-16,0.));
#2326=DIRECTION('',(0.,0.,-1.));
#2327=DIRECTION('center_axis',(0.,0.,1.));
#2328=DIRECTION('ref_axis',(1.,2.22044604925031E-16,0.));
#2329=DIRECTION('center_axis',(0.,0.,1.));
#2330=DIRECTION('ref_axis',(-0.974102558601508,0.226106623799471,0.));
#2331=DIRECTION('center_axis',(0.,0.,-1.));
#2332=DIRECTION('ref_axis',(-0.974102558601508,0.226106623799471,0.));
#2333=DIRECTION('',(0.,0.,1.));
#2334=DIRECTION('center_axis',(0.,0.,1.));
#2335=DIRECTION('ref_axis',(1.,0.,0.));
#2336=DIRECTION('',(0.,0.,-1.));
#2337=DIRECTION('center_axis',(0.,0.,-1.));
#2338=DIRECTION('ref_axis',(1.,0.,0.));
#2339=DIRECTION('center_axis',(0.,0.,1.));
#2340=DIRECTION('ref_axis',(-0.0535204219632833,0.998566755120994,0.));
#2341=DIRECTION('center_axis',(0.,0.,-1.));
#2342=DIRECTION('ref_axis',(-0.0535204219632833,0.998566755120994,0.));
#2343=DIRECTION('',(0.,0.,1.));
#2344=DIRECTION('center_axis',(0.,0.,1.));
#2345=DIRECTION('ref_axis',(1.,2.22044604925031E-16,0.));
#2346=DIRECTION('',(0.,0.,-1.));
#2347=DIRECTION('center_axis',(0.,0.,1.));
#2348=DIRECTION('ref_axis',(1.,2.22044604925031E-16,0.));
#2349=DIRECTION('center_axis',(0.,0.,1.));
#2350=DIRECTION('ref_axis',(-0.998566755120994,0.0535204219632945,0.));
#2351=DIRECTION('center_axis',(0.,0.,-1.));
#2352=DIRECTION('ref_axis',(-0.998566755120994,0.0535204219632945,0.));
#2353=DIRECTION('',(0.,0.,1.));
#2354=DIRECTION('center_axis',(0.,0.,1.));
#2355=DIRECTION('ref_axis',(1.,0.,0.));
#2356=DIRECTION('',(0.,0.,-1.));
#2357=DIRECTION('center_axis',(0.,0.,-1.));
#2358=DIRECTION('ref_axis',(1.,0.,0.));
#2359=DIRECTION('center_axis',(0.,0.,1.));
#2360=DIRECTION('ref_axis',(-0.226106623799482,0.974102558601506,0.));
#2361=DIRECTION('center_axis',(0.,0.,-1.));
#2362=DIRECTION('ref_axis',(-0.226106623799482,0.974102558601506,0.));
#2363=DIRECTION('',(0.,0.,1.));
#2364=DIRECTION('center_axis',(0.,0.,1.));
#2365=DIRECTION('ref_axis',(1.,2.22044604925031E-16,0.));
#2366=DIRECTION('',(0.,0.,-1.));
#2367=DIRECTION('center_axis',(0.,0.,1.));
#2368=DIRECTION('ref_axis',(1.,2.22044604925031E-16,0.));
#2369=DIRECTION('center_axis',(0.,0.,1.));
#2370=DIRECTION('ref_axis',(-0.992690006085289,-0.120691970811603,0.));
#2371=DIRECTION('center_axis',(0.,0.,-1.));
#2372=DIRECTION('ref_axis',(-0.992690006085289,-0.120691970811603,0.));
#2373=DIRECTION('',(0.,0.,1.));
#2374=DIRECTION('center_axis',(0.,0.,1.));
#2375=DIRECTION('ref_axis',(1.,0.,0.));
#2376=DIRECTION('',(0.,0.,-1.));
#2377=DIRECTION('center_axis',(0.,0.,-1.));
#2378=DIRECTION('ref_axis',(1.,0.,0.));
#2379=DIRECTION('center_axis',(0.,0.,1.));
#2380=DIRECTION('ref_axis',(-0.391822690286982,0.920040748758593,0.));
#2381=DIRECTION('center_axis',(0.,0.,-1.));
#2382=DIRECTION('ref_axis',(-0.391822690286982,0.920040748758593,0.));
#2383=DIRECTION('',(0.,0.,1.));
#2384=DIRECTION('center_axis',(0.,0.,1.));
#2385=DIRECTION('ref_axis',(1.,2.22044604925031E-16,0.));
#2386=DIRECTION('',(0.,0.,-1.));
#2387=DIRECTION('center_axis',(0.,0.,1.));
#2388=DIRECTION('ref_axis',(1.,2.22044604925031E-16,0.));
#2389=DIRECTION('center_axis',(0.,0.,1.));
#2390=DIRECTION('ref_axis',(-0.956650873540059,-0.29123719912649,0.));
#2391=DIRECTION('center_axis',(0.,0.,-1.));
#2392=DIRECTION('ref_axis',(-0.956650873540059,-0.29123719912649,0.));
#2393=DIRECTION('',(0.,0.,1.));
#2394=DIRECTION('center_axis',(0.,0.,1.));
#2395=DIRECTION('ref_axis',(1.,0.,0.));
#2396=DIRECTION('',(0.,0.,-1.));
#2397=DIRECTION('center_axis',(0.,0.,-1.));
#2398=DIRECTION('ref_axis',(1.,0.,0.));
#2399=DIRECTION('center_axis',(0.,0.,1.));
#2400=DIRECTION('ref_axis',(-0.545633422601963,0.838023966327735,0.));
#2401=DIRECTION('center_axis',(0.,0.,-1.));
#2402=DIRECTION('ref_axis',(-0.545633422601963,0.838023966327735,0.));
#2403=DIRECTION('',(0.,0.,1.));
#2404=DIRECTION('center_axis',(0.,0.,1.));
#2405=DIRECTION('ref_axis',(1.,2.22044604925031E-16,0.));
#2406=DIRECTION('',(0.,0.,-1.));
#2407=DIRECTION('center_axis',(0.,0.,1.));
#2408=DIRECTION('ref_axis',(1.,2.22044604925031E-16,0.));
#2409=DIRECTION('center_axis',(0.,0.,1.));
#2410=DIRECTION('ref_axis',(-0.891544388291023,-0.45293333251902,0.));
#2411=DIRECTION('center_axis',(0.,0.,-1.));
#2412=DIRECTION('ref_axis',(-0.891544388291023,-0.45293333251902,0.));
#2413=DIRECTION('',(0.,0.,1.));
#2414=DIRECTION('center_axis',(0.,0.,1.));
#2415=DIRECTION('ref_axis',(1.,0.,0.));
#2416=DIRECTION('',(0.,0.,-1.));
#2417=DIRECTION('center_axis',(0.,0.,-1.));
#2418=DIRECTION('ref_axis',(1.,0.,0.));
#2419=DIRECTION('center_axis',(0.,0.,1.));
#2420=DIRECTION('ref_axis',(-0.682865359475023,0.730544249740595,0.));
#2421=DIRECTION('center_axis',(0.,0.,-1.));
#2422=DIRECTION('ref_axis',(-0.682865359475023,0.730544249740595,0.));
#2423=DIRECTION('',(0.,0.,1.));
#2424=DIRECTION('center_axis',(0.,0.,1.));
#2425=DIRECTION('ref_axis',(1.,2.22044604925031E-16,0.));
#2426=DIRECTION('',(0.,0.,-1.));
#2427=DIRECTION('center_axis',(0.,0.,1.));
#2428=DIRECTION('ref_axis',(1.,2.22044604925031E-16,0.));
#2429=DIRECTION('center_axis',(0.,0.,1.));
#2430=DIRECTION('ref_axis',(-0.770185838154762,-0.637819547133707,0.));
#2431=DIRECTION('center_axis',(0.,0.,-1.));
#2432=DIRECTION('ref_axis',(-0.770185838154762,-0.637819547133707,0.));
#2433=DIRECTION('',(0.,0.,1.));
#2434=DIRECTION('center_axis',(0.,0.,1.));
#2435=DIRECTION('ref_axis',(1.,0.,0.));
#2436=DIRECTION('center_axis',(0.,0.,-1.));
#2437=DIRECTION('ref_axis',(1.,0.,0.));
#2438=DIRECTION('',(0.,0.,-1.));
#2439=DIRECTION('center_axis',(0.,0.,1.));
#2440=DIRECTION('ref_axis',(1.,0.,0.));
#2441=DIRECTION('center_axis',(0.,0.,-1.));
#2442=DIRECTION('ref_axis',(1.,0.,0.));
#2443=DIRECTION('',(0.,0.,-1.));
#2444=DIRECTION('center_axis',(0.,0.,1.));
#2445=DIRECTION('ref_axis',(1.,0.,0.));
#2446=DIRECTION('center_axis',(0.,0.,-1.));
#2447=DIRECTION('ref_axis',(1.,0.,0.));
#2448=DIRECTION('',(0.,0.,-1.));
#2449=DIRECTION('center_axis',(1.,0.,0.));
#2450=DIRECTION('ref_axis',(0.,1.,0.));
#2451=DIRECTION('',(0.,1.,0.));
#2452=DIRECTION('center_axis',(0.,0.,1.));
#2453=DIRECTION('ref_axis',(0.777428634205733,0.628971158891256,0.));
#2454=DIRECTION('center_axis',(0.,0.,-1.));
#2455=DIRECTION('ref_axis',(0.777428634205733,0.628971158891256,0.));
#2456=DIRECTION('center_axis',(0.,0.,1.));
#2457=DIRECTION('ref_axis',(1.,0.,0.));
#2458=CARTESIAN_POINT('',(0.,0.,0.));
#2459=CARTESIAN_POINT('Origin',(-70.,-1.97915752762562,0.));
#2460=CARTESIAN_POINT('',(-66.6783303233656,1.75802196489648,0.));
#2461=CARTESIAN_POINT('',(-65.,-1.97915752762563,0.));
#2462=CARTESIAN_POINT('Origin',(-70.,-1.97915752762562,0.));
#2463=CARTESIAN_POINT('',(-65.,-1.97915752762563,4.88));
#2464=CARTESIAN_POINT('',(-65.,-1.97915752762562,0.));
#2465=CARTESIAN_POINT('',(-66.6783303233656,1.75802196489648,4.88));
#2466=CARTESIAN_POINT('Origin',(-70.,-1.97915752762562,4.88));
#2467=CARTESIAN_POINT('',(-66.6783303233656,1.75802196489648,0.));
#2468=CARTESIAN_POINT('Origin',(-65.,0.,0.));
#2469=CARTESIAN_POINT('',(-65.,-5.,0.));
#2470=CARTESIAN_POINT('',(-65.,-15.,0.));
#2471=CARTESIAN_POINT('',(-65.,-5.,4.88));
#2472=CARTESIAN_POINT('',(-65.,-5.,0.));
#2473=CARTESIAN_POINT('',(-65.,-15.,4.88));
#2474=CARTESIAN_POINT('Origin',(70.,-1.97915752762563,0.));
#2475=CARTESIAN_POINT('',(65.,-1.97915752762563,0.));
#2476=CARTESIAN_POINT('',(66.6783303233656,1.75802196489646,0.));
#2477=CARTESIAN_POINT('Origin',(70.,-1.97915752762563,0.));
#2478=CARTESIAN_POINT('',(66.6783303233656,1.75802196489646,4.88));
#2479=CARTESIAN_POINT('',(66.6783303233656,1.75802196489646,0.));
#2480=CARTESIAN_POINT('',(65.,-1.97915752762563,4.88));
#2481=CARTESIAN_POINT('Origin',(70.,-1.97915752762563,4.88));
#2482=CARTESIAN_POINT('',(65.,-1.97915752762563,0.));
#2483=CARTESIAN_POINT('Origin',(76.5370752473359,-9.33395976075173,0.));
#2484=CARTESIAN_POINT('',(75.0268878641836,5.4290427843199,0.));
#2485=CARTESIAN_POINT('Origin',(76.5370752473359,-9.33395976075173,0.));
#2486=CARTESIAN_POINT('',(75.0268878641836,5.4290427843199,4.88));
#2487=CARTESIAN_POINT('',(75.0268878641836,5.4290427843199,0.));
#2488=CARTESIAN_POINT('Origin',(76.5370752473359,-9.33395976075173,4.88));
#2489=CARTESIAN_POINT('Origin',(55.,-5.,0.));
#2490=CARTESIAN_POINT('',(65.,-5.,4.88));
#2491=CARTESIAN_POINT('',(55.,-15.,4.88));
#2492=CARTESIAN_POINT('Origin',(55.,-5.,4.88));
#2493=CARTESIAN_POINT('',(55.,-15.,0.));
#2494=CARTESIAN_POINT('',(55.,-15.,0.));
#2495=CARTESIAN_POINT('',(65.,-5.,0.));
#2496=CARTESIAN_POINT('Origin',(55.,-5.,0.));
#2497=CARTESIAN_POINT('',(65.,-5.,0.));
#2498=CARTESIAN_POINT('Origin',(0.,30.5007545931759,0.));
#2499=CARTESIAN_POINT('',(-55.,-15.,0.));
#2500=CARTESIAN_POINT('',(0.,-15.,0.));
#2501=CARTESIAN_POINT('Origin',(-55.,-5.,0.));
#2502=CARTESIAN_POINT('',(-75.0268878641836,5.4290427843199,0.));
#2503=CARTESIAN_POINT('Origin',(-76.5370752473359,-9.33395976075175,0.));
#2504=CARTESIAN_POINT('',(-75.9214682460491,6.50927487237696,0.));
#2505=CARTESIAN_POINT('Origin',(-74.9251235184107,6.42385131762136,0.));
#2506=CARTESIAN_POINT('',(-75.8939047747324,6.82313843065242,0.));
#2507=CARTESIAN_POINT('Origin',(0.,0.,0.));
#2508=CARTESIAN_POINT('',(-74.9201416196841,7.73334904027904,0.));
#2509=CARTESIAN_POINT('Origin',(-74.8979217724394,6.73359593156249,0.));
#2510=CARTESIAN_POINT('',(-73.046865375396,18.3572265476318,0.));
#2511=CARTESIAN_POINT('Origin',(-75.0423507795303,13.2319911382201,0.));
#2512=CARTESIAN_POINT('',(-73.6505930634271,19.5455913547138,0.));
#2513=CARTESIAN_POINT('Origin',(-72.6840498473716,19.2890875311612,0.));
#2514=CARTESIAN_POINT('',(-73.5560802740748,19.8983178865419,0.));
#2515=CARTESIAN_POINT('Origin',(0.,0.,0.));
#2516=CARTESIAN_POINT('',(-72.4390543557308,20.6256081544228,0.));
#2517=CARTESIAN_POINT('Origin',(-72.5907773833389,19.6371851058786,0.));
#2518=CARTESIAN_POINT('',(-68.7494204179138,30.7627940846284,0.));
#2519=CARTESIAN_POINT('Origin',(-71.6045777038862,26.061934921416,0.));
#2520=CARTESIAN_POINT('',(-69.1376187426416,32.0379411728834,0.));
#2521=CARTESIAN_POINT('Origin',(-68.2303009113733,31.6174957506671,0.));
#2522=CARTESIAN_POINT('',(-68.9832914954619,32.3688970224835,0.));
#2523=CARTESIAN_POINT('Origin',(0.,0.,0.));
#2524=CARTESIAN_POINT('',(-67.7569430811087,32.8911686018558,0.));
#2525=CARTESIAN_POINT('Origin',(-68.0779989561514,31.9441083476477,0.));
#2526=CARTESIAN_POINT('',(-62.3630591099185,42.2336496900885,0.));
#2527=CARTESIAN_POINT('Origin',(-65.9911357683742,38.1,0.));
#2528=CARTESIAN_POINT('',(-62.5239328616841,43.5568343604953,0.));
#2529=CARTESIAN_POINT('Origin',(-61.7034088083811,42.9852223610137,0.));
#2530=CARTESIAN_POINT('',(-62.3144803119892,43.8559636018491,0.));
#2531=CARTESIAN_POINT('Origin',(0.,0.,0.));
#2532=CARTESIAN_POINT('',(-61.0160713776347,44.1573475350557,0.));
#2533=CARTESIAN_POINT('Origin',(-61.4967049798109,43.2804260217723,0.));
#2534=CARTESIAN_POINT('',(-54.081827808099,52.4212572209732,0.));
#2535=CARTESIAN_POINT('Origin',(-58.3725865656661,48.9804158581143,0.));
#2536=CARTESIAN_POINT('',(-54.0104889193609,53.7522751768852,0.));
#2537=CARTESIAN_POINT('Origin',(-53.3016898521777,53.046864741493,0.));
#2538=CARTESIAN_POINT('',(-53.7522751768852,54.0104889193609,0.));
#2539=CARTESIAN_POINT('Origin',(0.,0.,0.));
#2540=CARTESIAN_POINT('',(-52.4212572209732,54.081827808099,0.));
#2541=CARTESIAN_POINT('Origin',(-53.0468647414931,53.3016898521777,0.));
#2542=CARTESIAN_POINT('',(-44.1573475350557,61.0160713776348,0.));
#2543=CARTESIAN_POINT('Origin',(-48.9804158581143,58.3725865656661,0.));
#2544=CARTESIAN_POINT('',(-43.8559636018491,62.3144803119892,0.));
#2545=CARTESIAN_POINT('Origin',(-43.2804260217723,61.4967049798109,0.));
#2546=CARTESIAN_POINT('',(-43.5568343604953,62.5239328616841,0.));
#2547=CARTESIAN_POINT('Origin',(0.,0.,0.));
#2548=CARTESIAN_POINT('',(-42.2336496900885,62.3630591099186,0.));
#2549=CARTESIAN_POINT('Origin',(-42.9852223610137,61.7034088083812,0.));
#2550=CARTESIAN_POINT('',(-32.8911686018558,67.7569430811087,0.));
#2551=CARTESIAN_POINT('Origin',(-38.1,65.9911357683742,0.));
#2552=CARTESIAN_POINT('',(-32.3688970224835,68.9832914954619,0.));
#2553=CARTESIAN_POINT('Origin',(-31.9441083476477,68.0779989561514,0.));
#2554=CARTESIAN_POINT('',(-32.0379411728834,69.1376187426416,0.));
#2555=CARTESIAN_POINT('Origin',(0.,0.,0.));
#2556=CARTESIAN_POINT('',(-30.7627940846284,68.7494204179138,0.));
#2557=CARTESIAN_POINT('Origin',(-31.617495750667,68.2303009113733,0.));
#2558=CARTESIAN_POINT('',(-20.6256081544228,72.4390543557308,0.));
#2559=CARTESIAN_POINT('Origin',(-26.061934921416,71.6045777038862,0.));
#2560=CARTESIAN_POINT('',(-19.8983178865419,73.5560802740748,0.));
#2561=CARTESIAN_POINT('Origin',(-19.6371851058786,72.5907773833389,0.));
#2562=CARTESIAN_POINT('',(-19.5455913547138,73.6505930634271,0.));
#2563=CARTESIAN_POINT('Origin',(0.,0.,0.));
#2564=CARTESIAN_POINT('',(-18.3572265476318,73.046865375396,0.));
#2565=CARTESIAN_POINT('Origin',(-19.2890875311612,72.6840498473716,0.));
#2566=CARTESIAN_POINT('',(-7.73334904027903,74.9201416196841,0.));
#2567=CARTESIAN_POINT('Origin',(-13.2319911382201,75.0423507795303,0.));
#2568=CARTESIAN_POINT('',(-6.82313843065241,75.8939047747324,0.));
#2569=CARTESIAN_POINT('Origin',(-6.73359593156248,74.8979217724394,0.));
#2570=CARTESIAN_POINT('',(-6.4593586337778,75.9257313829787,0.));
#2571=CARTESIAN_POINT('Origin',(0.,0.,0.));
#2572=CARTESIAN_POINT('',(-5.39388397119018,75.1248182919443,0.));
#2573=CARTESIAN_POINT('Origin',(-6.37459014777022,74.9293307086614,0.));
#2574=CARTESIAN_POINT('',(5.39388397119018,75.1248182919443,0.));
#2575=CARTESIAN_POINT('Origin',(0.,76.2,0.));
#2576=CARTESIAN_POINT('',(6.45935863377779,75.9257313829787,0.));
#2577=CARTESIAN_POINT('Origin',(6.37459014777021,74.9293307086614,0.));
#2578=CARTESIAN_POINT('',(6.8231384306524,75.8939047747324,0.));
#2579=CARTESIAN_POINT('Origin',(0.,0.,0.));
#2580=CARTESIAN_POINT('',(7.73334904027903,74.9201416196841,0.));
#2581=CARTESIAN_POINT('Origin',(6.73359593156247,74.8979217724394,0.));
#2582=CARTESIAN_POINT('',(18.3572265476318,73.046865375396,0.));
#2583=CARTESIAN_POINT('Origin',(13.2319911382201,75.0423507795303,0.));
#2584=CARTESIAN_POINT('',(19.5455913547138,73.6505930634271,0.));
#2585=CARTESIAN_POINT('Origin',(19.2890875311612,72.6840498473716,0.));
#2586=CARTESIAN_POINT('',(19.8983178865419,73.5560802740748,0.));
#2587=CARTESIAN_POINT('Origin',(0.,0.,0.));
#2588=CARTESIAN_POINT('',(20.6256081544228,72.4390543557308,0.));
#2589=CARTESIAN_POINT('Origin',(19.6371851058786,72.5907773833389,0.));
#2590=CARTESIAN_POINT('',(30.7627940846284,68.7494204179138,0.));
#2591=CARTESIAN_POINT('Origin',(26.061934921416,71.6045777038862,0.));
#2592=CARTESIAN_POINT('',(32.0379411728834,69.1376187426416,0.));
#2593=CARTESIAN_POINT('Origin',(31.617495750667,68.2303009113733,0.));
#2594=CARTESIAN_POINT('',(32.3688970224834,68.9832914954619,0.));
#2595=CARTESIAN_POINT('Origin',(0.,0.,0.));
#2596=CARTESIAN_POINT('',(32.8911686018557,67.7569430811087,0.));
#2597=CARTESIAN_POINT('Origin',(31.9441083476477,68.0779989561514,0.));
#2598=CARTESIAN_POINT('',(42.2336496900885,62.3630591099185,0.));
#2599=CARTESIAN_POINT('Origin',(38.1,65.9911357683742,0.));
#2600=CARTESIAN_POINT('',(43.5568343604953,62.5239328616841,0.));
#2601=CARTESIAN_POINT('Origin',(42.9852223610137,61.7034088083811,0.));
#2602=CARTESIAN_POINT('',(43.8559636018491,62.3144803119892,0.));
#2603=CARTESIAN_POINT('Origin',(0.,0.,0.));
#2604=CARTESIAN_POINT('',(44.1573475350557,61.0160713776347,0.));
#2605=CARTESIAN_POINT('Origin',(43.2804260217723,61.4967049798109,0.));
#2606=CARTESIAN_POINT('',(52.4212572209732,54.081827808099,0.));
#2607=CARTESIAN_POINT('Origin',(48.9804158581143,58.3725865656661,0.));
#2608=CARTESIAN_POINT('',(53.7522751768852,54.0104889193609,0.));
#2609=CARTESIAN_POINT('Origin',(53.046864741493,53.3016898521777,0.));
#2610=CARTESIAN_POINT('',(54.0104889193609,53.7522751768852,0.));
#2611=CARTESIAN_POINT('Origin',(0.,0.,0.));
#2612=CARTESIAN_POINT('',(54.081827808099,52.4212572209732,0.));
#2613=CARTESIAN_POINT('Origin',(53.3016898521777,53.0468647414931,0.));
#2614=CARTESIAN_POINT('',(61.0160713776348,44.1573475350557,0.));
#2615=CARTESIAN_POINT('Origin',(58.3725865656661,48.9804158581143,0.));
#2616=CARTESIAN_POINT('',(62.3144803119892,43.8559636018491,0.));
#2617=CARTESIAN_POINT('Origin',(61.4967049798109,43.2804260217723,0.));
#2618=CARTESIAN_POINT('',(62.5239328616841,43.5568343604953,0.));
#2619=CARTESIAN_POINT('Origin',(0.,0.,0.));
#2620=CARTESIAN_POINT('',(62.3630591099185,42.2336496900885,0.));
#2621=CARTESIAN_POINT('Origin',(61.7034088083811,42.9852223610137,0.));
#2622=CARTESIAN_POINT('',(67.7569430811087,32.8911686018558,0.));
#2623=CARTESIAN_POINT('Origin',(65.9911357683742,38.1,0.));
#2624=CARTESIAN_POINT('',(68.9832914954619,32.3688970224835,0.));
#2625=CARTESIAN_POINT('Origin',(68.0779989561514,31.9441083476477,0.));
#2626=CARTESIAN_POINT('',(69.1376187426416,32.0379411728834,0.));
#2627=CARTESIAN_POINT('Origin',(0.,0.,0.));
#2628=CARTESIAN_POINT('',(68.7494204179138,30.7627940846284,0.));
#2629=CARTESIAN_POINT('Origin',(68.2303009113733,31.617495750667,0.));
#2630=CARTESIAN_POINT('',(72.4390543557308,20.6256081544228,0.));
#2631=CARTESIAN_POINT('Origin',(71.6045777038862,26.061934921416,0.));
#2632=CARTESIAN_POINT('',(73.5560802740748,19.8983178865419,0.));
#2633=CARTESIAN_POINT('Origin',(72.5907773833389,19.6371851058786,0.));
#2634=CARTESIAN_POINT('',(73.6505930634271,19.5455913547139,0.));
#2635=CARTESIAN_POINT('Origin',(0.,0.,0.));
#2636=CARTESIAN_POINT('',(73.046865375396,18.3572265476318,0.));
#2637=CARTESIAN_POINT('Origin',(72.6840498473716,19.2890875311612,0.));
#2638=CARTESIAN_POINT('',(74.9201416196841,7.73334904027904,0.));
#2639=CARTESIAN_POINT('Origin',(75.0423507795303,13.2319911382201,0.));
#2640=CARTESIAN_POINT('',(75.8939047747324,6.82313843065241,0.));
#2641=CARTESIAN_POINT('Origin',(74.8979217724394,6.73359593156248,0.));
#2642=CARTESIAN_POINT('',(75.9214682460491,6.50927487237696,0.));
#2643=CARTESIAN_POINT('Origin',(0.,0.,0.));
#2644=CARTESIAN_POINT('Origin',(74.9251235184107,6.42385131762136,0.));
#2645=CARTESIAN_POINT('',(65.,-15.,0.));
#2646=CARTESIAN_POINT('',(45.8,-6.12323399573677E-16,0.));
#2647=CARTESIAN_POINT('Origin',(50.8,0.,0.));
#2648=CARTESIAN_POINT('',(-5.,-6.12323399573677E-16,0.));
#2649=CARTESIAN_POINT('Origin',(0.,0.,0.));
#2650=CARTESIAN_POINT('',(-55.8,-6.12323399573677E-16,0.));
#2651=CARTESIAN_POINT('Origin',(-50.8,0.,0.));
#2652=CARTESIAN_POINT('Origin',(-65.,-15.,0.));
#2653=CARTESIAN_POINT('',(-55.,-15.,4.88));
#2654=CARTESIAN_POINT('',(0.,-15.,4.88));
#2655=CARTESIAN_POINT('',(-55.,-15.,0.));
#2656=CARTESIAN_POINT('Origin',(-55.,-5.,0.));
#2657=CARTESIAN_POINT('Origin',(-55.,-5.,4.88));
#2658=CARTESIAN_POINT('Origin',(74.9251235184107,6.42385131762136,0.));
#2659=CARTESIAN_POINT('',(75.9214682460491,6.50927487237696,4.88));
#2660=CARTESIAN_POINT('Origin',(74.9251235184107,6.42385131762136,4.88));
#2661=CARTESIAN_POINT('',(75.9214682460491,6.50927487237696,0.));
#2662=CARTESIAN_POINT('Origin',(0.,0.,0.));
#2663=CARTESIAN_POINT('',(75.8939047747324,6.82313843065241,4.88));
#2664=CARTESIAN_POINT('',(75.8939047747324,6.82313843065241,0.));
#2665=CARTESIAN_POINT('Origin',(0.,0.,4.88));
#2666=CARTESIAN_POINT('Origin',(74.8979217724394,6.73359593156248,0.));
#2667=CARTESIAN_POINT('',(74.9201416196841,7.73334904027904,4.88));
#2668=CARTESIAN_POINT('Origin',(74.8979217724394,6.73359593156248,4.88));
#2669=CARTESIAN_POINT('',(74.9201416196841,7.73334904027904,0.));
#2670=CARTESIAN_POINT('Origin',(75.0423507795303,13.2319911382201,0.));
#2671=CARTESIAN_POINT('',(73.046865375396,18.3572265476318,4.88));
#2672=CARTESIAN_POINT('',(73.046865375396,18.3572265476318,0.));
#2673=CARTESIAN_POINT('Origin',(75.0423507795303,13.2319911382201,4.88));
#2674=CARTESIAN_POINT('Origin',(72.6840498473716,19.2890875311612,0.));
#2675=CARTESIAN_POINT('',(73.6505930634271,19.5455913547139,4.88));
#2676=CARTESIAN_POINT('Origin',(72.6840498473716,19.2890875311612,4.88));
#2677=CARTESIAN_POINT('',(73.6505930634271,19.5455913547139,0.));
#2678=CARTESIAN_POINT('Origin',(0.,0.,0.));
#2679=CARTESIAN_POINT('',(73.5560802740748,19.8983178865419,4.88));
#2680=CARTESIAN_POINT('',(73.5560802740747,19.8983178865419,0.));
#2681=CARTESIAN_POINT('Origin',(0.,0.,4.88));
#2682=CARTESIAN_POINT('Origin',(72.5907773833389,19.6371851058786,0.));
#2683=CARTESIAN_POINT('',(72.4390543557308,20.6256081544228,4.88));
#2684=CARTESIAN_POINT('Origin',(72.5907773833389,19.6371851058786,4.88));
#2685=CARTESIAN_POINT('',(72.4390543557308,20.6256081544228,0.));
#2686=CARTESIAN_POINT('Origin',(71.6045777038862,26.061934921416,0.));
#2687=CARTESIAN_POINT('',(68.7494204179138,30.7627940846284,4.88));
#2688=CARTESIAN_POINT('',(68.7494204179138,30.7627940846284,0.));
#2689=CARTESIAN_POINT('Origin',(71.6045777038862,26.061934921416,4.88));
#2690=CARTESIAN_POINT('Origin',(68.2303009113733,31.617495750667,0.));
#2691=CARTESIAN_POINT('',(69.1376187426416,32.0379411728834,4.88));
#2692=CARTESIAN_POINT('Origin',(68.2303009113733,31.617495750667,4.88));
#2693=CARTESIAN_POINT('',(69.1376187426416,32.0379411728834,0.));
#2694=CARTESIAN_POINT('Origin',(0.,0.,0.));
#2695=CARTESIAN_POINT('',(68.9832914954619,32.3688970224835,4.88));
#2696=CARTESIAN_POINT('',(68.9832914954619,32.3688970224835,0.));
#2697=CARTESIAN_POINT('Origin',(0.,0.,4.88));
#2698=CARTESIAN_POINT('Origin',(68.0779989561514,31.9441083476477,0.));
#2699=CARTESIAN_POINT('',(67.7569430811087,32.8911686018558,4.88));
#2700=CARTESIAN_POINT('Origin',(68.0779989561514,31.9441083476477,4.88));
#2701=CARTESIAN_POINT('',(67.7569430811087,32.8911686018558,0.));
#2702=CARTESIAN_POINT('Origin',(65.9911357683742,38.1,0.));
#2703=CARTESIAN_POINT('',(62.3630591099185,42.2336496900885,4.88));
#2704=CARTESIAN_POINT('',(62.3630591099185,42.2336496900885,0.));
#2705=CARTESIAN_POINT('Origin',(65.9911357683742,38.1,4.88));
#2706=CARTESIAN_POINT('Origin',(61.7034088083811,42.9852223610137,0.));
#2707=CARTESIAN_POINT('',(62.5239328616841,43.5568343604953,4.88));
#2708=CARTESIAN_POINT('Origin',(61.7034088083811,42.9852223610137,4.88));
#2709=CARTESIAN_POINT('',(62.5239328616841,43.5568343604953,0.));
#2710=CARTESIAN_POINT('Origin',(0.,0.,0.));
#2711=CARTESIAN_POINT('',(62.3144803119892,43.8559636018491,4.88));
#2712=CARTESIAN_POINT('',(62.3144803119892,43.8559636018491,0.));
#2713=CARTESIAN_POINT('Origin',(0.,0.,4.88));
#2714=CARTESIAN_POINT('Origin',(61.4967049798109,43.2804260217723,0.));
#2715=CARTESIAN_POINT('',(61.0160713776348,44.1573475350557,4.88));
#2716=CARTESIAN_POINT('Origin',(61.4967049798109,43.2804260217723,4.88));
#2717=CARTESIAN_POINT('',(61.0160713776348,44.1573475350557,0.));
#2718=CARTESIAN_POINT('Origin',(58.3725865656661,48.9804158581143,0.));
#2719=CARTESIAN_POINT('',(54.081827808099,52.4212572209732,4.88));
#2720=CARTESIAN_POINT('',(54.081827808099,52.4212572209732,0.));
#2721=CARTESIAN_POINT('Origin',(58.3725865656661,48.9804158581143,4.88));
#2722=CARTESIAN_POINT('Origin',(53.3016898521777,53.0468647414931,0.));
#2723=CARTESIAN_POINT('',(54.0104889193609,53.7522751768852,4.88));
#2724=CARTESIAN_POINT('Origin',(53.3016898521777,53.0468647414931,4.88));
#2725=CARTESIAN_POINT('',(54.0104889193609,53.7522751768852,0.));
#2726=CARTESIAN_POINT('Origin',(0.,0.,0.));
#2727=CARTESIAN_POINT('',(53.7522751768852,54.0104889193609,4.88));
#2728=CARTESIAN_POINT('',(53.7522751768852,54.0104889193609,0.));
#2729=CARTESIAN_POINT('Origin',(0.,0.,4.88));
#2730=CARTESIAN_POINT('Origin',(53.046864741493,53.3016898521777,0.));
#2731=CARTESIAN_POINT('',(52.4212572209732,54.081827808099,4.88));
#2732=CARTESIAN_POINT('Origin',(53.046864741493,53.3016898521777,4.88));
#2733=CARTESIAN_POINT('',(52.4212572209732,54.081827808099,0.));
#2734=CARTESIAN_POINT('Origin',(48.9804158581143,58.3725865656661,0.));
#2735=CARTESIAN_POINT('',(44.1573475350557,61.0160713776347,4.88));
#2736=CARTESIAN_POINT('',(44.1573475350557,61.0160713776347,0.));
#2737=CARTESIAN_POINT('Origin',(48.9804158581143,58.3725865656661,4.88));
#2738=CARTESIAN_POINT('Origin',(43.2804260217723,61.4967049798109,0.));
#2739=CARTESIAN_POINT('',(43.8559636018491,62.3144803119892,4.88));
#2740=CARTESIAN_POINT('Origin',(43.2804260217723,61.4967049798109,4.88));
#2741=CARTESIAN_POINT('',(43.8559636018491,62.3144803119892,0.));
#2742=CARTESIAN_POINT('Origin',(0.,0.,0.));
#2743=CARTESIAN_POINT('',(43.5568343604953,62.5239328616841,4.88));
#2744=CARTESIAN_POINT('',(43.5568343604953,62.5239328616841,0.));
#2745=CARTESIAN_POINT('Origin',(0.,0.,4.88));
#2746=CARTESIAN_POINT('Origin',(42.9852223610137,61.7034088083811,0.));
#2747=CARTESIAN_POINT('',(42.2336496900885,62.3630591099185,4.88));
#2748=CARTESIAN_POINT('Origin',(42.9852223610137,61.7034088083811,4.88));
#2749=CARTESIAN_POINT('',(42.2336496900885,62.3630591099185,0.));
#2750=CARTESIAN_POINT('Origin',(38.1,65.9911357683742,0.));
#2751=CARTESIAN_POINT('',(32.8911686018557,67.7569430811087,4.88));
#2752=CARTESIAN_POINT('',(32.8911686018557,67.7569430811087,0.));
#2753=CARTESIAN_POINT('Origin',(38.1,65.9911357683742,4.88));
#2754=CARTESIAN_POINT('Origin',(31.9441083476477,68.0779989561514,0.));
#2755=CARTESIAN_POINT('',(32.3688970224834,68.9832914954619,4.88));
#2756=CARTESIAN_POINT('Origin',(31.9441083476477,68.0779989561514,4.88));
#2757=CARTESIAN_POINT('',(32.3688970224834,68.9832914954619,0.));
#2758=CARTESIAN_POINT('Origin',(0.,0.,0.));
#2759=CARTESIAN_POINT('',(32.0379411728834,69.1376187426416,4.88));
#2760=CARTESIAN_POINT('',(32.0379411728834,69.1376187426416,0.));
#2761=CARTESIAN_POINT('Origin',(0.,0.,4.88));
#2762=CARTESIAN_POINT('Origin',(31.617495750667,68.2303009113733,0.));
#2763=CARTESIAN_POINT('',(30.7627940846284,68.7494204179138,4.88));
#2764=CARTESIAN_POINT('Origin',(31.617495750667,68.2303009113733,4.88));
#2765=CARTESIAN_POINT('',(30.7627940846284,68.7494204179138,0.));
#2766=CARTESIAN_POINT('Origin',(26.061934921416,71.6045777038862,0.));
#2767=CARTESIAN_POINT('',(20.6256081544228,72.4390543557308,4.88));
#2768=CARTESIAN_POINT('',(20.6256081544228,72.4390543557308,0.));
#2769=CARTESIAN_POINT('Origin',(26.061934921416,71.6045777038862,4.88));
#2770=CARTESIAN_POINT('Origin',(19.6371851058786,72.5907773833389,0.));
#2771=CARTESIAN_POINT('',(19.8983178865419,73.5560802740748,4.88));
#2772=CARTESIAN_POINT('Origin',(19.6371851058786,72.5907773833389,4.88));
#2773=CARTESIAN_POINT('',(19.8983178865419,73.5560802740748,0.));
#2774=CARTESIAN_POINT('Origin',(0.,0.,0.));
#2775=CARTESIAN_POINT('',(19.5455913547138,73.6505930634271,4.88));
#2776=CARTESIAN_POINT('',(19.5455913547138,73.6505930634271,0.));
#2777=CARTESIAN_POINT('Origin',(0.,0.,4.88));
#2778=CARTESIAN_POINT('Origin',(19.2890875311612,72.6840498473716,0.));
#2779=CARTESIAN_POINT('',(18.3572265476318,73.046865375396,4.88));
#2780=CARTESIAN_POINT('Origin',(19.2890875311612,72.6840498473716,4.88));
#2781=CARTESIAN_POINT('',(18.3572265476318,73.046865375396,0.));
#2782=CARTESIAN_POINT('Origin',(13.2319911382201,75.0423507795303,0.));
#2783=CARTESIAN_POINT('',(7.73334904027903,74.9201416196841,4.88));
#2784=CARTESIAN_POINT('',(7.73334904027903,74.9201416196841,0.));
#2785=CARTESIAN_POINT('Origin',(13.2319911382201,75.0423507795303,4.88));
#2786=CARTESIAN_POINT('Origin',(6.73359593156247,74.8979217724394,0.));
#2787=CARTESIAN_POINT('',(6.8231384306524,75.8939047747324,4.88));
#2788=CARTESIAN_POINT('Origin',(6.73359593156247,74.8979217724394,4.88));
#2789=CARTESIAN_POINT('',(6.8231384306524,75.8939047747324,0.));
#2790=CARTESIAN_POINT('Origin',(0.,0.,0.));
#2791=CARTESIAN_POINT('',(6.45935863377779,75.9257313829787,4.88));
#2792=CARTESIAN_POINT('',(6.45935863377779,75.9257313829787,0.));
#2793=CARTESIAN_POINT('Origin',(0.,0.,4.88));
#2794=CARTESIAN_POINT('Origin',(6.37459014777021,74.9293307086614,0.));
#2795=CARTESIAN_POINT('',(5.39388397119018,75.1248182919443,4.88));
#2796=CARTESIAN_POINT('Origin',(6.37459014777021,74.9293307086614,4.88));
#2797=CARTESIAN_POINT('',(5.39388397119018,75.1248182919443,0.));
#2798=CARTESIAN_POINT('Origin',(0.,76.2,0.));
#2799=CARTESIAN_POINT('',(-5.39388397119018,75.1248182919443,4.88));
#2800=CARTESIAN_POINT('',(-5.39388397119018,75.1248182919443,0.));
#2801=CARTESIAN_POINT('Origin',(0.,76.2,4.88));
#2802=CARTESIAN_POINT('Origin',(-6.37459014777022,74.9293307086614,0.));
#2803=CARTESIAN_POINT('',(-6.4593586337778,75.9257313829787,4.88));
#2804=CARTESIAN_POINT('Origin',(-6.37459014777022,74.9293307086614,4.88));
#2805=CARTESIAN_POINT('',(-6.4593586337778,75.9257313829787,0.));
#2806=CARTESIAN_POINT('Origin',(0.,0.,0.));
#2807=CARTESIAN_POINT('',(-6.82313843065241,75.8939047747324,4.88));
#2808=CARTESIAN_POINT('',(-6.82313843065241,75.8939047747324,0.));
#2809=CARTESIAN_POINT('Origin',(0.,0.,4.88));
#2810=CARTESIAN_POINT('Origin',(-6.73359593156248,74.8979217724394,0.));
#2811=CARTESIAN_POINT('',(-7.73334904027903,74.9201416196841,4.88));
#2812=CARTESIAN_POINT('Origin',(-6.73359593156248,74.8979217724394,4.88));
#2813=CARTESIAN_POINT('',(-7.73334904027903,74.9201416196841,0.));
#2814=CARTESIAN_POINT('Origin',(-13.2319911382201,75.0423507795303,0.));
#2815=CARTESIAN_POINT('',(-18.3572265476318,73.046865375396,4.88));
#2816=CARTESIAN_POINT('',(-18.3572265476318,73.046865375396,0.));
#2817=CARTESIAN_POINT('Origin',(-13.2319911382201,75.0423507795303,4.88));
#2818=CARTESIAN_POINT('Origin',(-19.2890875311612,72.6840498473716,0.));
#2819=CARTESIAN_POINT('',(-19.5455913547138,73.6505930634271,4.88));
#2820=CARTESIAN_POINT('Origin',(-19.2890875311612,72.6840498473716,4.88));
#2821=CARTESIAN_POINT('',(-19.5455913547138,73.6505930634271,0.));
#2822=CARTESIAN_POINT('Origin',(0.,0.,0.));
#2823=CARTESIAN_POINT('',(-19.8983178865419,73.5560802740748,4.88));
#2824=CARTESIAN_POINT('',(-19.8983178865419,73.5560802740748,0.));
#2825=CARTESIAN_POINT('Origin',(0.,0.,4.88));
#2826=CARTESIAN_POINT('Origin',(-19.6371851058786,72.5907773833389,0.));
#2827=CARTESIAN_POINT('',(-20.6256081544228,72.4390543557308,4.88));
#2828=CARTESIAN_POINT('Origin',(-19.6371851058786,72.5907773833389,4.88));
#2829=CARTESIAN_POINT('',(-20.6256081544228,72.4390543557308,0.));
#2830=CARTESIAN_POINT('Origin',(-26.061934921416,71.6045777038862,0.));
#2831=CARTESIAN_POINT('',(-30.7627940846284,68.7494204179138,4.88));
#2832=CARTESIAN_POINT('',(-30.7627940846284,68.7494204179138,0.));
#2833=CARTESIAN_POINT('Origin',(-26.061934921416,71.6045777038862,4.88));
#2834=CARTESIAN_POINT('Origin',(-31.617495750667,68.2303009113733,0.));
#2835=CARTESIAN_POINT('',(-32.0379411728834,69.1376187426416,4.88));
#2836=CARTESIAN_POINT('Origin',(-31.617495750667,68.2303009113733,4.88));
#2837=CARTESIAN_POINT('',(-32.0379411728834,69.1376187426416,0.));
#2838=CARTESIAN_POINT('Origin',(0.,0.,0.));
#2839=CARTESIAN_POINT('',(-32.3688970224835,68.9832914954619,4.88));
#2840=CARTESIAN_POINT('',(-32.3688970224835,68.9832914954619,0.));
#2841=CARTESIAN_POINT('Origin',(0.,0.,4.88));
#2842=CARTESIAN_POINT('Origin',(-31.9441083476477,68.0779989561514,0.));
#2843=CARTESIAN_POINT('',(-32.8911686018558,67.7569430811087,4.88));
#2844=CARTESIAN_POINT('Origin',(-31.9441083476477,68.0779989561514,4.88));
#2845=CARTESIAN_POINT('',(-32.8911686018558,67.7569430811087,0.));
#2846=CARTESIAN_POINT('Origin',(-38.1,65.9911357683742,0.));
#2847=CARTESIAN_POINT('',(-42.2336496900885,62.3630591099186,4.88));
#2848=CARTESIAN_POINT('',(-42.2336496900885,62.3630591099186,0.));
#2849=CARTESIAN_POINT('Origin',(-38.1,65.9911357683742,4.88));
#2850=CARTESIAN_POINT('Origin',(-42.9852223610137,61.7034088083812,0.));
#2851=CARTESIAN_POINT('',(-43.5568343604953,62.5239328616841,4.88));
#2852=CARTESIAN_POINT('Origin',(-42.9852223610137,61.7034088083812,4.88));
#2853=CARTESIAN_POINT('',(-43.5568343604953,62.5239328616841,0.));
#2854=CARTESIAN_POINT('Origin',(0.,0.,0.));
#2855=CARTESIAN_POINT('',(-43.8559636018491,62.3144803119892,4.88));
#2856=CARTESIAN_POINT('',(-43.8559636018491,62.3144803119892,0.));
#2857=CARTESIAN_POINT('Origin',(0.,0.,4.88));
#2858=CARTESIAN_POINT('Origin',(-43.2804260217723,61.4967049798109,0.));
#2859=CARTESIAN_POINT('',(-44.1573475350557,61.0160713776348,4.88));
#2860=CARTESIAN_POINT('Origin',(-43.2804260217723,61.4967049798109,4.88));
#2861=CARTESIAN_POINT('',(-44.1573475350557,61.0160713776348,0.));
#2862=CARTESIAN_POINT('Origin',(-48.9804158581143,58.3725865656661,0.));
#2863=CARTESIAN_POINT('',(-52.4212572209732,54.081827808099,4.88));
#2864=CARTESIAN_POINT('',(-52.4212572209732,54.081827808099,0.));
#2865=CARTESIAN_POINT('Origin',(-48.9804158581143,58.3725865656661,4.88));
#2866=CARTESIAN_POINT('Origin',(-53.0468647414931,53.3016898521777,0.));
#2867=CARTESIAN_POINT('',(-53.7522751768852,54.0104889193609,4.88));
#2868=CARTESIAN_POINT('Origin',(-53.0468647414931,53.3016898521777,4.88));
#2869=CARTESIAN_POINT('',(-53.7522751768852,54.0104889193609,0.));
#2870=CARTESIAN_POINT('Origin',(0.,0.,0.));
#2871=CARTESIAN_POINT('',(-54.0104889193609,53.7522751768852,4.88));
#2872=CARTESIAN_POINT('',(-54.0104889193609,53.7522751768852,0.));
#2873=CARTESIAN_POINT('Origin',(0.,0.,4.88));
#2874=CARTESIAN_POINT('Origin',(-53.3016898521777,53.046864741493,0.));
#2875=CARTESIAN_POINT('',(-54.081827808099,52.4212572209732,4.88));
#2876=CARTESIAN_POINT('Origin',(-53.3016898521777,53.046864741493,4.88));
#2877=CARTESIAN_POINT('',(-54.081827808099,52.4212572209732,0.));
#2878=CARTESIAN_POINT('Origin',(-58.3725865656661,48.9804158581143,0.));
#2879=CARTESIAN_POINT('',(-61.0160713776347,44.1573475350557,4.88));
#2880=CARTESIAN_POINT('',(-61.0160713776347,44.1573475350557,0.));
#2881=CARTESIAN_POINT('Origin',(-58.3725865656661,48.9804158581143,4.88));
#2882=CARTESIAN_POINT('Origin',(-61.4967049798109,43.2804260217723,0.));
#2883=CARTESIAN_POINT('',(-62.3144803119892,43.8559636018491,4.88));
#2884=CARTESIAN_POINT('Origin',(-61.4967049798109,43.2804260217723,4.88));
#2885=CARTESIAN_POINT('',(-62.3144803119892,43.8559636018491,0.));
#2886=CARTESIAN_POINT('Origin',(0.,0.,0.));
#2887=CARTESIAN_POINT('',(-62.5239328616841,43.5568343604953,4.88));
#2888=CARTESIAN_POINT('',(-62.5239328616841,43.5568343604953,0.));
#2889=CARTESIAN_POINT('Origin',(0.,0.,4.88));
#2890=CARTESIAN_POINT('Origin',(-61.7034088083811,42.9852223610137,0.));
#2891=CARTESIAN_POINT('',(-62.3630591099185,42.2336496900885,4.88));
#2892=CARTESIAN_POINT('Origin',(-61.7034088083811,42.9852223610137,4.88));
#2893=CARTESIAN_POINT('',(-62.3630591099185,42.2336496900885,0.));
#2894=CARTESIAN_POINT('Origin',(-65.9911357683742,38.1,0.));
#2895=CARTESIAN_POINT('',(-67.7569430811087,32.8911686018558,4.88));
#2896=CARTESIAN_POINT('',(-67.7569430811087,32.8911686018558,0.));
#2897=CARTESIAN_POINT('Origin',(-65.9911357683742,38.1,4.88));
#2898=CARTESIAN_POINT('Origin',(-68.0779989561514,31.9441083476477,0.));
#2899=CARTESIAN_POINT('',(-68.9832914954619,32.3688970224835,4.88));
#2900=CARTESIAN_POINT('Origin',(-68.0779989561514,31.9441083476477,4.88));
#2901=CARTESIAN_POINT('',(-68.9832914954619,32.3688970224835,0.));
#2902=CARTESIAN_POINT('Origin',(0.,0.,0.));
#2903=CARTESIAN_POINT('',(-69.1376187426416,32.0379411728834,4.88));
#2904=CARTESIAN_POINT('',(-69.1376187426416,32.0379411728834,0.));
#2905=CARTESIAN_POINT('Origin',(0.,0.,4.88));
#2906=CARTESIAN_POINT('Origin',(-68.2303009113733,31.6174957506671,0.));
#2907=CARTESIAN_POINT('',(-68.7494204179138,30.7627940846284,4.88));
#2908=CARTESIAN_POINT('Origin',(-68.2303009113733,31.6174957506671,4.88));
#2909=CARTESIAN_POINT('',(-68.7494204179138,30.7627940846284,0.));
#2910=CARTESIAN_POINT('Origin',(-71.6045777038862,26.061934921416,0.));
#2911=CARTESIAN_POINT('',(-72.4390543557308,20.6256081544228,4.88));
#2912=CARTESIAN_POINT('',(-72.4390543557308,20.6256081544228,0.));
#2913=CARTESIAN_POINT('Origin',(-71.6045777038862,26.061934921416,4.88));
#2914=CARTESIAN_POINT('Origin',(-72.5907773833389,19.6371851058786,0.));
#2915=CARTESIAN_POINT('',(-73.5560802740748,19.8983178865419,4.88));
#2916=CARTESIAN_POINT('Origin',(-72.5907773833389,19.6371851058786,4.88));
#2917=CARTESIAN_POINT('',(-73.5560802740747,19.8983178865419,0.));
#2918=CARTESIAN_POINT('Origin',(0.,0.,0.));
#2919=CARTESIAN_POINT('',(-73.6505930634271,19.5455913547138,4.88));
#2920=CARTESIAN_POINT('',(-73.6505930634271,19.5455913547138,0.));
#2921=CARTESIAN_POINT('Origin',(0.,0.,4.88));
#2922=CARTESIAN_POINT('Origin',(-72.6840498473716,19.2890875311612,0.));
#2923=CARTESIAN_POINT('',(-73.046865375396,18.3572265476318,4.88));
#2924=CARTESIAN_POINT('Origin',(-72.6840498473716,19.2890875311612,4.88));
#2925=CARTESIAN_POINT('',(-73.046865375396,18.3572265476318,0.));
#2926=CARTESIAN_POINT('Origin',(-75.0423507795303,13.2319911382201,0.));
#2927=CARTESIAN_POINT('',(-74.9201416196841,7.73334904027904,4.88));
#2928=CARTESIAN_POINT('',(-74.9201416196841,7.73334904027904,0.));
#2929=CARTESIAN_POINT('Origin',(-75.0423507795303,13.2319911382201,4.88));
#2930=CARTESIAN_POINT('Origin',(-74.8979217724394,6.73359593156249,0.));
#2931=CARTESIAN_POINT('',(-75.8939047747324,6.82313843065242,4.88));
#2932=CARTESIAN_POINT('Origin',(-74.8979217724394,6.73359593156249,4.88));
#2933=CARTESIAN_POINT('',(-75.8939047747324,6.82313843065242,0.));
#2934=CARTESIAN_POINT('Origin',(0.,0.,0.));
#2935=CARTESIAN_POINT('',(-75.9214682460491,6.50927487237696,4.88));
#2936=CARTESIAN_POINT('',(-75.9214682460491,6.50927487237696,0.));
#2937=CARTESIAN_POINT('Origin',(0.,0.,4.88));
#2938=CARTESIAN_POINT('Origin',(-74.9251235184107,6.42385131762136,0.));
#2939=CARTESIAN_POINT('',(-75.0268878641836,5.4290427843199,4.88));
#2940=CARTESIAN_POINT('Origin',(-74.9251235184107,6.42385131762136,4.88));
#2941=CARTESIAN_POINT('',(-75.0268878641836,5.4290427843199,0.));
#2942=CARTESIAN_POINT('Origin',(-50.8,0.,0.));
#2943=CARTESIAN_POINT('',(-55.8,-6.12323399573677E-16,4.88));
#2944=CARTESIAN_POINT('Origin',(-50.8,0.,4.88));
#2945=CARTESIAN_POINT('',(-55.8,-6.12323399573677E-16,0.));
#2946=CARTESIAN_POINT('Origin',(0.,0.,0.));
#2947=CARTESIAN_POINT('',(-5.,-6.12323399573677E-16,4.88));
#2948=CARTESIAN_POINT('Origin',(0.,0.,4.88));
#2949=CARTESIAN_POINT('',(-5.,-6.12323399573677E-16,0.));
#2950=CARTESIAN_POINT('Origin',(50.8,0.,0.));
#2951=CARTESIAN_POINT('',(45.8,-6.12323399573677E-16,4.88));
#2952=CARTESIAN_POINT('Origin',(50.8,0.,4.88));
#2953=CARTESIAN_POINT('',(45.8,-6.12323399573677E-16,0.));
#2954=CARTESIAN_POINT('Origin',(65.,-15.,0.));
#2955=CARTESIAN_POINT('',(65.,-15.,4.88));
#2956=CARTESIAN_POINT('Origin',(-76.5370752473359,-9.33395976075175,0.));
#2957=CARTESIAN_POINT('Origin',(-76.5370752473359,-9.33395976075175,4.88));
#2958=CARTESIAN_POINT('Origin',(0.,30.5007545931759,4.88));
#2959=UNCERTAINTY_MEASURE_WITH_UNIT(LENGTH_MEASURE(0.01),#2963,
'DISTANCE_ACCURACY_VALUE',
'Maximum model space distance between geometric entities at asserted c
onnectivities');
#2960=UNCERTAINTY_MEASURE_WITH_UNIT(LENGTH_MEASURE(0.01),#2963,
'DISTANCE_ACCURACY_VALUE',
'Maximum model space distance between geometric entities at asserted c
onnectivities');
#2961=(
GEOMETRIC_REPRESENTATION_CONTEXT(3)
GLOBAL_UNCERTAINTY_ASSIGNED_CONTEXT((#2959))
GLOBAL_UNIT_ASSIGNED_CONTEXT((#2963,#2965,#2966))
REPRESENTATION_CONTEXT('','3D')
);
#2962=(
GEOMETRIC_REPRESENTATION_CONTEXT(3)
GLOBAL_UNCERTAINTY_ASSIGNED_CONTEXT((#2960))
GLOBAL_UNIT_ASSIGNED_CONTEXT((#2963,#2965,#2966))
REPRESENTATION_CONTEXT('','3D')
);
#2963=(
LENGTH_UNIT()
NAMED_UNIT(*)
SI_UNIT(.MILLI.,.METRE.)
);
#2964=(
LENGTH_UNIT()
NAMED_UNIT(*)
SI_UNIT($,.METRE.)
);
#2965=(
NAMED_UNIT(*)
PLANE_ANGLE_UNIT()
SI_UNIT($,.RADIAN.)
);
#2966=(
NAMED_UNIT(*)
SI_UNIT($,.STERADIAN.)
SOLID_ANGLE_UNIT()
);
#2967=SHAPE_DEFINITION_REPRESENTATION(#2968,#2969);
#2968=PRODUCT_DEFINITION_SHAPE('',$,#2971);
#2969=SHAPE_REPRESENTATION('',(#1631),#2961);
#2970=PRODUCT_DEFINITION_CONTEXT('part definition',#2975,'design');
#2971=PRODUCT_DEFINITION('2026-02-12-03-08-27-459','(Unsaved)',#2972,#2970);
#2972=PRODUCT_DEFINITION_FORMATION('',$,#2977);
#2973=PRODUCT_RELATED_PRODUCT_CATEGORY('(Unsaved)','(Unsaved)',(#2977));
#2974=APPLICATION_PROTOCOL_DEFINITION('international standard',
'automotive_design',2009,#2975);
#2975=APPLICATION_CONTEXT(
'Core Data for Automotive Mechanical Design Process');
#2976=PRODUCT_CONTEXT('part definition',#2975,'mechanical');
#2977=PRODUCT('2026-02-12-03-08-27-459','(Unsaved)',$,(#2976));
#2978=PRESENTATION_STYLE_ASSIGNMENT((#2979));
#2979=SURFACE_STYLE_USAGE(.BOTH.,#2980);
#2980=SURFACE_SIDE_STYLE('',(#2981));
#2981=SURFACE_STYLE_FILL_AREA(#2982);
#2982=FILL_AREA_STYLE('Steel - Satin',(#2983));
#2983=FILL_AREA_STYLE_COLOUR('Steel - Satin',#2984);
#2984=COLOUR_RGB('Steel - Satin',0.627450980392157,0.627450980392157,0.627450980392157);
ENDSEC;
END-ISO-10303-21;
