ISO-10303-21;
HEADER;
FILE_DESCRIPTION (( 'STEP AP214' ),
    '1' );
FILE_NAME ('bracket-mod-R2.STEP',
    '2026-06-27T21:22:39',
    ( '' ),
    ( '' ),
    'SwSTEP 2.0',
    'SolidWorks 2010',
    '' );
FILE_SCHEMA (( 'AUTOMOTIVE_DESIGN' ));
ENDSEC;

DATA;
#1 = PRODUCT_RELATED_PRODUCT_CATEGORY ( 'part', '', ( #1137 ) ) ;
#2 = B_SPLINE_SURFACE_WITH_KNOTS ( 'NONE', 3, 3, ( 
 ( #2123, #2074, #2066, #2068 ),
 ( #2082, #2069, #2070, #2071 ),
 ( #2075, #2072, #2073, #2113 ),
 ( #2076, #2077, #2078, #2096 ),
 ( #2079, #2106, #2114, #2080 ),
 ( #2084, #2100, #2088, #2090 ),
 ( #2091, #2092, #2093, #2103 ) ),
 .UNSPECIFIED., .F., .F., .F.,
 ( 4, 3, 4 ),
 ( 4, 4 ),
 ( -0.001890106327410026500, 0.0000000000000000000, 0.3150000000000000000 ),
 ( -0.3373436032632050100, -0.3086385257848239800 ),
 .UNSPECIFIED. ) ;
#3 = CYLINDRICAL_SURFACE ( 'NONE', #312, 0.2559055118110238300 ) ;
#4 = SURFACE_STYLE_FILL_AREA ( #2189 ) ;
#5 = CYLINDRICAL_SURFACE ( 'NONE', #325, 0.2559055118110238300 ) ;
#6 = FACE_OUTER_BOUND ( 'NONE', #649, .T. ) ;
#7 = FACE_OUTER_BOUND ( 'NONE', #632, .T. ) ;
#8 = CYLINDRICAL_SURFACE ( 'NONE', #309, 0.2559055118110238300 ) ;
#9 = FACE_OUTER_BOUND ( 'NONE', #695, .T. ) ;
#10 = SURFACE_STYLE_FILL_AREA ( #2209 ) ;
#11 = PRESENTATION_STYLE_ASSIGNMENT (( #2201 ) ) ;
#12 = SURFACE_STYLE_FILL_AREA ( #2224 ) ;
#13 = STYLED_ITEM ( 'NONE', ( #21 ), #1494 ) ;
#14 =( GEOMETRIC_REPRESENTATION_CONTEXT ( 3 ) GLOBAL_UNCERTAINTY_ASSIGNED_CONTEXT ( ( #795 ) ) GLOBAL_UNIT_ASSIGNED_CONTEXT ( ( #2225, #2192, #2181 ) ) REPRESENTATION_CONTEXT ( 'NONE', 'WORKASPACE' ) );
#15 = STYLED_ITEM ( 'NONE', ( #20 ), #1493 ) ;
#16 = COLOUR_RGB ( '',0.6274509803921568500, 0.6274509803921568500, 0.6274509803921568500 ) ;
#17 = LENGTH_MEASURE_WITH_UNIT ( LENGTH_MEASURE( 0.02539999999999999900 ), #2213 );
#18 = COLOUR_RGB ( '',0.6274509803921568500, 0.6274509803921568500, 0.6274509803921568500 ) ;
#19 = LENGTH_MEASURE_WITH_UNIT ( LENGTH_MEASURE( 0.02539999999999999900 ), #2226 );
#20 = PRESENTATION_STYLE_ASSIGNMENT (( #2222 ) ) ;
#21 = PRESENTATION_STYLE_ASSIGNMENT (( #2180 ) ) ;
#22 = COLOUR_RGB ( '',0.6274509803921568500, 0.6274509803921568500, 0.6274509803921568500 ) ;
#23 = STYLED_ITEM ( 'NONE', ( #11 ), #1495 ) ;
#24 = LENGTH_MEASURE_WITH_UNIT ( LENGTH_MEASURE( 0.02539999999999999900 ), #2211 );
#25 = CYLINDRICAL_SURFACE ( 'NONE', #320, 0.7874015748031497600 ) ;
#26 =( GEOMETRIC_REPRESENTATION_CONTEXT ( 3 ) GLOBAL_UNCERTAINTY_ASSIGNED_CONTEXT ( ( #909 ) ) GLOBAL_UNIT_ASSIGNED_CONTEXT ( ( #2195, #2218, #2186 ) ) REPRESENTATION_CONTEXT ( 'NONE', 'WORKASPACE' ) );
#27 = SURFACE_STYLE_FILL_AREA ( #2208 ) ;
#28 = FACE_OUTER_BOUND ( 'NONE', #626, .T. ) ;
#29 = SURFACE_STYLE_FILL_AREA ( #2274 ) ;
#30 = SURFACE_STYLE_FILL_AREA ( #2277 ) ;
#31 = FACE_OUTER_BOUND ( 'NONE', #683, .T. ) ;
#32 = CYLINDRICAL_SURFACE ( 'NONE', #304, 0.3937007874015748800 ) ;
#33 = LENGTH_MEASURE_WITH_UNIT ( LENGTH_MEASURE( 0.02539999999999999900 ), #2251 );
#34 = PRESENTATION_STYLE_ASSIGNMENT (( #2227 ) ) ;
#35 = LENGTH_MEASURE_WITH_UNIT ( LENGTH_MEASURE( 0.02539999999999999900 ), #2200 );
#36 = SURFACE_STYLE_FILL_AREA ( #2243 ) ;
#37 = COLOUR_RGB ( '',0.6274509803921568500, 0.6274509803921568500, 0.6274509803921568500 ) ;
#38 = FACE_OUTER_BOUND ( 'NONE', #665, .T. ) ;
#39 = CYLINDRICAL_SURFACE ( 'NONE', #305, 0.2559055118110238300 ) ;
#40 = STYLED_ITEM ( 'NONE', ( #48 ), #1498 ) ;
#41 = STYLED_ITEM ( 'NONE', ( #34 ), #1496 ) ;
#42 = LENGTH_MEASURE_WITH_UNIT ( LENGTH_MEASURE( 0.02539999999999999900 ), #2240 );
#43 = FACE_OUTER_BOUND ( 'NONE', #641, .T. ) ;
#44 = FACE_OUTER_BOUND ( 'NONE', #619, .T. ) ;
#45 = PRESENTATION_STYLE_ASSIGNMENT (( #2248 ) ) ;
#46 =( GEOMETRIC_REPRESENTATION_CONTEXT ( 3 ) GLOBAL_UNCERTAINTY_ASSIGNED_CONTEXT ( ( #920 ) ) GLOBAL_UNIT_ASSIGNED_CONTEXT ( ( #2217, #2220, #2202 ) ) REPRESENTATION_CONTEXT ( 'NONE', 'WORKASPACE' ) );
#47 =( GEOMETRIC_REPRESENTATION_CONTEXT ( 3 ) GLOBAL_UNCERTAINTY_ASSIGNED_CONTEXT ( ( #896 ) ) GLOBAL_UNIT_ASSIGNED_CONTEXT ( ( #2212, #2214, #2215 ) ) REPRESENTATION_CONTEXT ( 'NONE', 'WORKASPACE' ) );
#48 = PRESENTATION_STYLE_ASSIGNMENT (( #2282 ) ) ;
#49 =( GEOMETRIC_REPRESENTATION_CONTEXT ( 3 ) GLOBAL_UNCERTAINTY_ASSIGNED_CONTEXT ( ( #897 ) ) GLOBAL_UNIT_ASSIGNED_CONTEXT ( ( #2278, #2281, #2283 ) ) REPRESENTATION_CONTEXT ( 'NONE', 'WORKASPACE' ) );
#50 = COLOUR_RGB ( '',0.6274509803921568500, 0.6274509803921568500, 0.6274509803921568500 ) ;
#51 = CYLINDRICAL_SURFACE ( 'NONE', #321, 0.2559055118110238300 ) ;
#52 = CYLINDRICAL_SURFACE ( 'NONE', #307, 0.7874015748031496500 ) ;
#53 = COLOUR_RGB ( '',0.6274509803921568500, 0.6274509803921568500, 0.6274509803921568500 ) ;
#54 = STYLED_ITEM ( 'NONE', ( #45 ), #1500 ) ;
#55 = FACE_OUTER_BOUND ( 'NONE', #677, .T. ) ;
#56 = PRESENTATION_STYLE_ASSIGNMENT (( #2236 ) ) ;
#57 = STYLED_ITEM ( 'NONE', ( #56 ), #1501 ) ;
#58 = COLOUR_RGB ( '',0.6274509803921568500, 0.6274509803921568500, 0.6274509803921568500 ) ;
#59 = STYLED_ITEM ( 'NONE', ( #65 ), #1502 ) ;
#60 =( GEOMETRIC_REPRESENTATION_CONTEXT ( 3 ) GLOBAL_UNCERTAINTY_ASSIGNED_CONTEXT ( ( #913 ) ) GLOBAL_UNIT_ASSIGNED_CONTEXT ( ( #2268, #2255, #2254 ) ) REPRESENTATION_CONTEXT ( 'NONE', 'WORKASPACE' ) );
#61 = SURFACE_STYLE_FILL_AREA ( #2275 ) ;
#62 =( GEOMETRIC_REPRESENTATION_CONTEXT ( 3 ) GLOBAL_UNCERTAINTY_ASSIGNED_CONTEXT ( ( #917 ) ) GLOBAL_UNIT_ASSIGNED_CONTEXT ( ( #2237, #2233, #2261 ) ) REPRESENTATION_CONTEXT ( 'NONE', 'WORKASPACE' ) );
#63 =( GEOMETRIC_REPRESENTATION_CONTEXT ( 3 ) GLOBAL_UNCERTAINTY_ASSIGNED_CONTEXT ( ( #905 ) ) GLOBAL_UNIT_ASSIGNED_CONTEXT ( ( #2269, #2253, #2235 ) ) REPRESENTATION_CONTEXT ( 'NONE', 'WORKASPACE' ) );
#64 = SURFACE_STYLE_FILL_AREA ( #2232 ) ;
#65 = PRESENTATION_STYLE_ASSIGNMENT (( #2260 ) ) ;
#66 = LENGTH_MEASURE_WITH_UNIT ( LENGTH_MEASURE( 0.02539999999999999900 ), #2322 );
#67 = CYLINDRICAL_SURFACE ( 'NONE', #991, 0.7874015748031497600 ) ;
#68 = COLOUR_RGB ( '',0.6274509803921568500, 0.6274509803921568500, 0.6274509803921568500 ) ;
#69 = FACE_OUTER_BOUND ( 'NONE', #629, .T. ) ;
#70 = SURFACE_STYLE_FILL_AREA ( #2284 ) ;
#71 = STYLED_ITEM ( 'NONE', ( #75 ), #1503 ) ;
#72 = LENGTH_MEASURE_WITH_UNIT ( LENGTH_MEASURE( 0.02539999999999999900 ), #2265 );
#73 = CYLINDRICAL_SURFACE ( 'NONE', #993, 0.2559055118110238300 ) ;
#74 = LENGTH_MEASURE_WITH_UNIT ( LENGTH_MEASURE( 0.02539999999999999900 ), #2270 );
#75 = PRESENTATION_STYLE_ASSIGNMENT (( #2338 ) ) ;
#76 = FACE_OUTER_BOUND ( 'NONE', #652, .T. ) ;
#77 = COLOUR_RGB ( '',0.6274509803921568500, 0.6274509803921568500, 0.6274509803921568500 ) ;
#78 = STYLED_ITEM ( 'NONE', ( #90 ), #1507 ) ;
#79 = LENGTH_MEASURE_WITH_UNIT ( LENGTH_MEASURE( 0.02539999999999999900 ), #2295 );
#80 = STYLED_ITEM ( 'NONE', ( #93 ), #1505 ) ;
#81 =( GEOMETRIC_REPRESENTATION_CONTEXT ( 3 ) GLOBAL_UNCERTAINTY_ASSIGNED_CONTEXT ( ( #901 ) ) GLOBAL_UNIT_ASSIGNED_CONTEXT ( ( #2328, #2289, #2297 ) ) REPRESENTATION_CONTEXT ( 'NONE', 'WORKASPACE' ) );
#82 = CYLINDRICAL_SURFACE ( 'NONE', #1003, 0.2559055118110238300 ) ;
#83 = FACE_OUTER_BOUND ( 'NONE', #646, .T. ) ;
#84 = COLOUR_RGB ( '',0.6274509803921568500, 0.6274509803921568500, 0.6274509803921568500 ) ;
#85 = LENGTH_MEASURE_WITH_UNIT ( LENGTH_MEASURE( 0.02539999999999999900 ), #2337 );
#86 = FACE_OUTER_BOUND ( 'NONE', #653, .T. ) ;
#87 = SURFACE_STYLE_FILL_AREA ( #2304 ) ;
#88 = COLOUR_RGB ( '',0.6274509803921568500, 0.6274509803921568500, 0.6274509803921568500 ) ;
#89 =( GEOMETRIC_REPRESENTATION_CONTEXT ( 3 ) GLOBAL_UNCERTAINTY_ASSIGNED_CONTEXT ( ( #910 ) ) GLOBAL_UNIT_ASSIGNED_CONTEXT ( ( #2291, #2292, #2333 ) ) REPRESENTATION_CONTEXT ( 'NONE', 'WORKASPACE' ) );
#90 = PRESENTATION_STYLE_ASSIGNMENT (( #2311 ) ) ;
#91 = LENGTH_MEASURE_WITH_UNIT ( LENGTH_MEASURE( 0.02539999999999999900 ), #2331 );
#92 = STYLED_ITEM ( 'NONE', ( #96 ), #1504 ) ;
#93 = PRESENTATION_STYLE_ASSIGNMENT (( #2300 ) ) ;
#94 = FACE_OUTER_BOUND ( 'NONE', #648, .T. ) ;
#95 = SURFACE_STYLE_FILL_AREA ( #2324 ) ;
#96 = PRESENTATION_STYLE_ASSIGNMENT (( #2293 ) ) ;
#97 =( GEOMETRIC_REPRESENTATION_CONTEXT ( 3 ) GLOBAL_UNCERTAINTY_ASSIGNED_CONTEXT ( ( #911 ) ) GLOBAL_UNIT_ASSIGNED_CONTEXT ( ( #2298, #2286, #2294 ) ) REPRESENTATION_CONTEXT ( 'NONE', 'WORKASPACE' ) );
#98 = CYLINDRICAL_SURFACE ( 'NONE', #1019, 0.2559055118110238300 ) ;
#99 = FACE_OUTER_BOUND ( 'NONE', #635, .T. ) ;
#100 = CYLINDRICAL_SURFACE ( 'NONE', #1002, 0.2559055118110238300 ) ;
#101 = CYLINDRICAL_SURFACE ( 'NONE', #998, 0.2559055118110238300 ) ;
#102 = COLOUR_RGB ( '',0.6274509803921568500, 0.6274509803921568500, 0.6274509803921568500 ) ;
#103 =( GEOMETRIC_REPRESENTATION_CONTEXT ( 3 ) GLOBAL_UNCERTAINTY_ASSIGNED_CONTEXT ( ( #916 ) ) GLOBAL_UNIT_ASSIGNED_CONTEXT ( ( #2307, #2320, #2312 ) ) REPRESENTATION_CONTEXT ( 'NONE', 'WORKASPACE' ) );
#104 = CYLINDRICAL_SURFACE ( 'NONE', #1006, 0.2559055118110238300 ) ;
#105 = SURFACE_STYLE_FILL_AREA ( #2344 ) ;
#106 = LENGTH_MEASURE_WITH_UNIT ( LENGTH_MEASURE( 0.02539999999999999900 ), #2373 );
#107 =( GEOMETRIC_REPRESENTATION_CONTEXT ( 3 ) GLOBAL_UNCERTAINTY_ASSIGNED_CONTEXT ( ( #899 ) ) GLOBAL_UNIT_ASSIGNED_CONTEXT ( ( #2352, #2367, #2353 ) ) REPRESENTATION_CONTEXT ( 'NONE', 'WORKASPACE' ) );
#108 = FACE_OUTER_BOUND ( 'NONE', #654, .T. ) ;
#109 = STYLED_ITEM ( 'NONE', ( #123 ), #1509 ) ;
#110 = PRESENTATION_STYLE_ASSIGNMENT (( #2378 ) ) ;
#111 = CYLINDRICAL_SURFACE ( 'NONE', #1021, 0.7874015748031497600 ) ;
#112 = CYLINDRICAL_SURFACE ( 'NONE', #1022, 0.2559055118110238300 ) ;
#113 = COLOUR_RGB ( '',0.6274509803921568500, 0.6274509803921568500, 0.6274509803921568500 ) ;
#114 = STYLED_ITEM ( 'NONE', ( #120 ), #1512 ) ;
#115 = FACE_OUTER_BOUND ( 'NONE', #661, .T. ) ;
#116 = SURFACE_STYLE_FILL_AREA ( #2345 ) ;
#117 = FACE_OUTER_BOUND ( 'NONE', #673, .T. ) ;
#118 = FACE_OUTER_BOUND ( 'NONE', #663, .T. ) ;
#119 = LENGTH_MEASURE_WITH_UNIT ( LENGTH_MEASURE( 0.02539999999999999900 ), #2315 );
#120 = PRESENTATION_STYLE_ASSIGNMENT (( #2343 ) ) ;
#121 = SURFACE_STYLE_FILL_AREA ( #2310 ) ;
#122 = SURFACE_STYLE_FILL_AREA ( #2375 ) ;
#123 = PRESENTATION_STYLE_ASSIGNMENT (( #2314 ) ) ;
#124 = COLOUR_RGB ( '',0.6274509803921568500, 0.6274509803921568500, 0.6274509803921568500 ) ;
#125 = STYLED_ITEM ( 'NONE', ( #110 ), #1510 ) ;
#126 = COLOUR_RGB ( '',0.6274509803921568500, 0.6274509803921568500, 0.6274509803921568500 ) ;
#127 =( GEOMETRIC_REPRESENTATION_CONTEXT ( 3 ) GLOBAL_UNCERTAINTY_ASSIGNED_CONTEXT ( ( #918 ) ) GLOBAL_UNIT_ASSIGNED_CONTEXT ( ( #2316, #2317, #2389 ) ) REPRESENTATION_CONTEXT ( 'NONE', 'WORKASPACE' ) );
#128 = FACE_OUTER_BOUND ( 'NONE', #659, .T. ) ;
#129 = LENGTH_MEASURE_WITH_UNIT ( LENGTH_MEASURE( 0.02539999999999999900 ), #2387 );
#130 =( GEOMETRIC_REPRESENTATION_CONTEXT ( 3 ) GLOBAL_UNCERTAINTY_ASSIGNED_CONTEXT ( ( #900 ) ) GLOBAL_UNIT_ASSIGNED_CONTEXT ( ( #2369, #2379, #2371 ) ) REPRESENTATION_CONTEXT ( 'NONE', 'WORKASPACE' ) );
#131 = PRESENTATION_STYLE_ASSIGNMENT (( #2341 ) ) ;
#132 = STYLED_ITEM ( 'NONE', ( #143 ), #1515 ) ;
#133 = CYLINDRICAL_SURFACE ( 'NONE', #962, 0.3980314960629921500 ) ;
#134 = SURFACE_STYLE_FILL_AREA ( #2442 ) ;
#135 = SURFACE_STYLE_FILL_AREA ( #2406 ) ;
#136 = CYLINDRICAL_SURFACE ( 'NONE', #960, 0.7874015748031497600 ) ;
#137 = LENGTH_MEASURE_WITH_UNIT ( LENGTH_MEASURE( 0.02539999999999999900 ), #2376 );
#138 = FACE_OUTER_BOUND ( 'NONE', #721, .T. ) ;
#139 = LENGTH_MEASURE_WITH_UNIT ( LENGTH_MEASURE( 0.02539999999999999900 ), #2349 );
#140 =( GEOMETRIC_REPRESENTATION_CONTEXT ( 3 ) GLOBAL_UNCERTAINTY_ASSIGNED_CONTEXT ( ( #914 ) ) GLOBAL_UNIT_ASSIGNED_CONTEXT ( ( #2368, #2390, #2364 ) ) REPRESENTATION_CONTEXT ( 'NONE', 'WORKASPACE' ) );
#141 = STYLED_ITEM ( 'NONE', ( #144 ), #1513 ) ;
#142 = COLOUR_RGB ( '',0.6274509803921568500, 0.6274509803921568500, 0.6274509803921568500 ) ;
#143 = PRESENTATION_STYLE_ASSIGNMENT (( #2408 ) ) ;
#144 = PRESENTATION_STYLE_ASSIGNMENT (( #2348 ) ) ;
#145 = FACE_OUTER_BOUND ( 'NONE', #638, .T. ) ;
#146 = SURFACE_STYLE_FILL_AREA ( #2385 ) ;
#147 = FACE_OUTER_BOUND ( 'NONE', #643, .T. ) ;
#148 = COLOUR_RGB ( '',0.6274509803921568500, 0.6274509803921568500, 0.6274509803921568500 ) ;
#149 =( GEOMETRIC_REPRESENTATION_CONTEXT ( 3 ) GLOBAL_UNCERTAINTY_ASSIGNED_CONTEXT ( ( #912 ) ) GLOBAL_UNIT_ASSIGNED_CONTEXT ( ( #2342, #2365, #2361 ) ) REPRESENTATION_CONTEXT ( 'NONE', 'WORKASPACE' ) );
#150 = LENGTH_MEASURE_WITH_UNIT ( LENGTH_MEASURE( 0.02539999999999999900 ), #2409 );
#151 = STYLED_ITEM ( 'NONE', ( #131 ), #1514 ) ;
#152 = COLOUR_RGB ( '',0.6274509803921568500, 0.6274509803921568500, 0.6274509803921568500 ) ;
#153 = STYLED_ITEM ( 'NONE', ( #161 ), #1517 ) ;
#154 = COLOUR_RGB ( '',0.6274509803921568500, 0.6274509803921568500, 0.6274509803921568500 ) ;
#155 =( GEOMETRIC_REPRESENTATION_CONTEXT ( 3 ) GLOBAL_UNCERTAINTY_ASSIGNED_CONTEXT ( ( #898 ) ) GLOBAL_UNIT_ASSIGNED_CONTEXT ( ( #2443, #2444, #2417 ) ) REPRESENTATION_CONTEXT ( 'NONE', 'WORKASPACE' ) );
#156 = CYLINDRICAL_SURFACE ( 'NONE', #958, 0.1500000000000000500 ) ;
#157 = COLOUR_RGB ( '',0.6274509803921568500, 0.6274509803921568500, 0.6274509803921568500 ) ;
#158 = CYLINDRICAL_SURFACE ( 'NONE', #948, 0.1500000000000000500 ) ;
#159 = FACE_BOUND ( 'NONE', #624, .T. ) ;
#160 = COLOUR_RGB ( '',0.6274509803921568500, 0.6274509803921568500, 0.6274509803921568500 ) ;
#161 = PRESENTATION_STYLE_ASSIGNMENT (( #2412 ) ) ;
#162 = LENGTH_MEASURE_WITH_UNIT ( LENGTH_MEASURE( 0.02539999999999999900 ), #2407 );
#163 = LENGTH_MEASURE_WITH_UNIT ( LENGTH_MEASURE( 0.02539999999999999900 ), #2410 );
#164 = FACE_OUTER_BOUND ( 'NONE', #636, .T. ) ;
#165 = SURFACE_STYLE_FILL_AREA ( #2395 ) ;
#166 = PRESENTATION_STYLE_ASSIGNMENT (( #2419 ) ) ;
#167 = STYLED_ITEM ( 'NONE', ( #166 ), #1518 ) ;
#168 = LENGTH_MEASURE_WITH_UNIT ( LENGTH_MEASURE( 0.02539999999999999900 ), #2437 );
#169 = SURFACE_STYLE_FILL_AREA ( #2431 ) ;
#170 = COLOUR_RGB ( '',0.6274509803921568500, 0.6274509803921568500, 0.6274509803921568500 ) ;
#171 = PRESENTATION_STYLE_ASSIGNMENT (( #2394 ) ) ;
#172 = SURFACE_STYLE_FILL_AREA ( #2434 ) ;
#173 = FACE_OUTER_BOUND ( 'NONE', #633, .T. ) ;
#174 = STYLED_ITEM ( 'NONE', ( #171 ), #1516 ) ;
#175 =( GEOMETRIC_REPRESENTATION_CONTEXT ( 3 ) GLOBAL_UNCERTAINTY_ASSIGNED_CONTEXT ( ( #915 ) ) GLOBAL_UNIT_ASSIGNED_CONTEXT ( ( #2398, #2413, #2415 ) ) REPRESENTATION_CONTEXT ( 'NONE', 'WORKASPACE' ) );
#176 =( GEOMETRIC_REPRESENTATION_CONTEXT ( 3 ) GLOBAL_UNCERTAINTY_ASSIGNED_CONTEXT ( ( #902 ) ) GLOBAL_UNIT_ASSIGNED_CONTEXT ( ( #2401, #2446, #2440 ) ) REPRESENTATION_CONTEXT ( 'NONE', 'WORKASPACE' ) );
#177 = SURFACE_STYLE_FILL_AREA ( #2477 ) ;
#178 = FACE_OUTER_BOUND ( 'NONE', #664, .T. ) ;
#179 =( GEOMETRIC_REPRESENTATION_CONTEXT ( 3 ) GLOBAL_UNCERTAINTY_ASSIGNED_CONTEXT ( ( #906 ) ) GLOBAL_UNIT_ASSIGNED_CONTEXT ( ( #2438, #2397, #2403 ) ) REPRESENTATION_CONTEXT ( 'NONE', 'WORKASPACE' ) );
#180 = COLOUR_RGB ( '',0.6274509803921568500, 0.6274509803921568500, 0.6274509803921568500 ) ;
#181 =( GEOMETRIC_REPRESENTATION_CONTEXT ( 3 ) GLOBAL_UNCERTAINTY_ASSIGNED_CONTEXT ( ( #919 ) ) GLOBAL_UNIT_ASSIGNED_CONTEXT ( ( #2430, #2447, #2405 ) ) REPRESENTATION_CONTEXT ( 'NONE', 'WORKASPACE' ) );
#182 = STYLED_ITEM ( 'NONE', ( #199 ), #1526 ) ;
#183 = FACE_OUTER_BOUND ( 'NONE', #670, .T. ) ;
#184 = PRESENTATION_STYLE_ASSIGNMENT (( #2481 ) ) ;
#185 = COLOUR_RGB ( '',0.6274509803921568500, 0.6274509803921568500, 0.6274509803921568500 ) ;
#186 = LENGTH_MEASURE_WITH_UNIT ( LENGTH_MEASURE( 0.02539999999999999900 ), #2492 );
#187 = COLOUR_RGB ( '',0.6274509803921568500, 0.6274509803921568500, 0.6274509803921568500 ) ;
#188 = LENGTH_MEASURE_WITH_UNIT ( LENGTH_MEASURE( 0.02539999999999999900 ), #2449 );
#189 = PRESENTATION_STYLE_ASSIGNMENT (( #2425 ) ) ;
#190 = STYLED_ITEM ( 'NONE', ( #189 ), #1522 ) ;
#191 = SURFACE_STYLE_FILL_AREA ( #2498 ) ;
#192 = SURFACE_STYLE_FILL_AREA ( #2488 ) ;
#193 = SURFACE_STYLE_FILL_AREA ( #2464 ) ;
#194 =( GEOMETRIC_REPRESENTATION_CONTEXT ( 3 ) GLOBAL_UNCERTAINTY_ASSIGNED_CONTEXT ( ( #921 ) ) GLOBAL_UNIT_ASSIGNED_CONTEXT ( ( #2456, #2474, #2489 ) ) REPRESENTATION_CONTEXT ( 'NONE', 'WORKASPACE' ) );
#195 =( GEOMETRIC_REPRESENTATION_CONTEXT ( 3 ) GLOBAL_UNCERTAINTY_ASSIGNED_CONTEXT ( ( #895 ) ) GLOBAL_UNIT_ASSIGNED_CONTEXT ( ( #2482, #2450, #2452 ) ) REPRESENTATION_CONTEXT ( 'NONE', 'WORKASPACE' ) );
#196 = LENGTH_MEASURE_WITH_UNIT ( LENGTH_MEASURE( 0.02539999999999999900 ), #2429 );
#197 = FACE_OUTER_BOUND ( 'NONE', #671, .T. ) ;
#198 = PRESENTATION_STYLE_ASSIGNMENT (( #2526 ) ) ;
#199 = PRESENTATION_STYLE_ASSIGNMENT (( #2494 ) ) ;
#200 = STYLED_ITEM ( 'NONE', ( #184 ), #1525 ) ;
#201 = FACE_OUTER_BOUND ( 'NONE', #655, .T. ) ;
#202 = STYLED_ITEM ( 'NONE', ( #225 ), #1529 ) ;
#203 =( GEOMETRIC_REPRESENTATION_CONTEXT ( 3 ) GLOBAL_UNCERTAINTY_ASSIGNED_CONTEXT ( ( #904 ) ) GLOBAL_UNIT_ASSIGNED_CONTEXT ( ( #2487, #2472, #2451 ) ) REPRESENTATION_CONTEXT ( 'NONE', 'WORKASPACE' ) );
#204 = FACE_OUTER_BOUND ( 'NONE', #690, .T. ) ;
#205 = SURFACE_STYLE_FILL_AREA ( #2491 ) ;
#206 = FACE_OUTER_BOUND ( 'NONE', #668, .T. ) ;
#207 = SURFACE_STYLE_FILL_AREA ( #1142 ) ;
#208 = LENGTH_MEASURE_WITH_UNIT ( LENGTH_MEASURE( 0.02539999999999999900 ), #2471 );
#209 = COLOUR_RGB ( '',0.6274509803921568500, 0.6274509803921568500, 0.6274509803921568500 ) ;
#210 = FACE_OUTER_BOUND ( 'NONE', #647, .T. ) ;
#211 =( GEOMETRIC_REPRESENTATION_CONTEXT ( 3 ) GLOBAL_UNCERTAINTY_ASSIGNED_CONTEXT ( ( #907 ) ) GLOBAL_UNIT_ASSIGNED_CONTEXT ( ( #2519, #2515, #2520 ) ) REPRESENTATION_CONTEXT ( 'NONE', 'WORKASPACE' ) );
#212 = CYLINDRICAL_SURFACE ( 'NONE', #937, 0.7874015748031497600 ) ;
#213 = SURFACE_STYLE_FILL_AREA ( #2504 ) ;
#214 = FACE_OUTER_BOUND ( 'NONE', #662, .T. ) ;
#215 = COLOUR_RGB ( '',0.6274509803921568500, 0.6274509803921568500, 0.6274509803921568500 ) ;
#216 =( GEOMETRIC_REPRESENTATION_CONTEXT ( 3 ) GLOBAL_UNCERTAINTY_ASSIGNED_CONTEXT ( ( #903 ) ) GLOBAL_UNIT_ASSIGNED_CONTEXT ( ( #2459, #2460, #2461 ) ) REPRESENTATION_CONTEXT ( 'NONE', 'WORKASPACE' ) );
#217 = COLOUR_RGB ( '',0.6274509803921568500, 0.6274509803921568500, 0.6274509803921568500 ) ;
#218 = LENGTH_MEASURE_WITH_UNIT ( LENGTH_MEASURE( 0.02539999999999999900 ), #2493 );
#219 = PRESENTATION_STYLE_ASSIGNMENT (( #2470 ) ) ;
#220 = CYLINDRICAL_SURFACE ( 'NONE', #929, 0.3980314960629921000 ) ;
#221 = SURFACE_STYLE_FILL_AREA ( #2524 ) ;
#222 = LENGTH_MEASURE_WITH_UNIT ( LENGTH_MEASURE( 0.02539999999999999900 ), #2501 );
#223 = STYLED_ITEM ( 'NONE', ( #198 ), #1532 ) ;
#224 = STYLED_ITEM ( 'NONE', ( #219 ), #1531 ) ;
#225 = PRESENTATION_STYLE_ASSIGNMENT (( #2458 ) ) ;
#226 = SURFACE_STYLE_FILL_AREA ( #1984 ) ;
#227 = STYLED_ITEM ( 'NONE', ( #241 ), #1537 ) ;
#228 = LENGTH_MEASURE_WITH_UNIT ( LENGTH_MEASURE( 0.02539999999999999900 ), #2216 );
#229 = STYLED_ITEM ( 'NONE', ( #240 ), #1548 ) ;
#230 = LENGTH_MEASURE_WITH_UNIT ( LENGTH_MEASURE( 0.02539999999999999900 ), #2527 );
#231 = COLOUR_RGB ( '',0.6274509803921568500, 0.6274509803921568500, 0.6274509803921568500 ) ;
#232 = FACE_OUTER_BOUND ( 'NONE', #680, .T. ) ;
#233 =( GEOMETRIC_REPRESENTATION_CONTEXT ( 3 ) GLOBAL_UNCERTAINTY_ASSIGNED_CONTEXT ( ( #908 ) ) GLOBAL_UNIT_ASSIGNED_CONTEXT ( ( #2507, #2509, #2518 ) ) REPRESENTATION_CONTEXT ( 'NONE', 'WORKASPACE' ) );
#234 = FACE_OUTER_BOUND ( 'NONE', #691, .T. ) ;
#235 =( GEOMETRIC_REPRESENTATION_CONTEXT ( 3 ) GLOBAL_UNCERTAINTY_ASSIGNED_CONTEXT ( ( #257 ) ) GLOBAL_UNIT_ASSIGNED_CONTEXT ( ( #2266, #2362, #2381 ) ) REPRESENTATION_CONTEXT ( 'NONE', 'WORKASPACE' ) );
#236 = PRESENTATION_STYLE_ASSIGNMENT (( #1146 ) ) ;
#237 = LENGTH_MEASURE_WITH_UNIT ( LENGTH_MEASURE( 0.02539999999999999900 ), #2529 );
#238 = STYLED_ITEM ( 'NONE', ( #236 ), #1550 ) ;
#239 = COLOUR_RGB ( '',0.6274509803921568500, 0.6274509803921568500, 0.6274509803921568500 ) ;
#240 = PRESENTATION_STYLE_ASSIGNMENT (( #2152 ) ) ;
#241 = PRESENTATION_STYLE_ASSIGNMENT (( #2522 ) ) ;
#242 = PRESENTATION_STYLE_ASSIGNMENT (( #2528 ) ) ;
#243 =( GEOMETRIC_REPRESENTATION_CONTEXT ( 3 ) GLOBAL_UNCERTAINTY_ASSIGNED_CONTEXT ( ( #259 ) ) GLOBAL_UNIT_ASSIGNED_CONTEXT ( ( #2500, #2510, #1551 ) ) REPRESENTATION_CONTEXT ( 'NONE', 'WORKASPACE' ) );
#244 = COLOUR_RGB ( '',0.6274509803921568500, 0.6274509803921568500, 0.6274509803921568500 ) ;
#245 = STYLED_ITEM ( 'NONE', ( #242 ), #1535 ) ;
#246 = COLOUR_RGB ( '',0.7921568627450980000, 0.8196078431372548800, 0.9333333333333333500 ) ;
#247 = STYLED_ITEM ( 'NONE', ( #254 ), #258 ) ;
#248 = LENGTH_MEASURE_WITH_UNIT ( LENGTH_MEASURE( 0.02539999999999999900 ), #1230 );
#249 = LENGTH_MEASURE_WITH_UNIT ( LENGTH_MEASURE( 0.02539999999999999900 ), #1256 );
#250 = LENGTH_MEASURE_WITH_UNIT ( LENGTH_MEASURE( 0.02539999999999999900 ), #1141 );
#251 =( GEOMETRIC_REPRESENTATION_CONTEXT ( 3 ) GLOBAL_UNCERTAINTY_ASSIGNED_CONTEXT ( ( #260 ) ) GLOBAL_UNIT_ASSIGNED_CONTEXT ( ( #1155, #1147, #1163 ) ) REPRESENTATION_CONTEXT ( 'NONE', 'WORKASPACE' ) );
#252 =( GEOMETRIC_REPRESENTATION_CONTEXT ( 3 ) GLOBAL_UNCERTAINTY_ASSIGNED_CONTEXT ( ( #255 ) ) GLOBAL_UNIT_ASSIGNED_CONTEXT ( ( #1231, #1250, #1234 ) ) REPRESENTATION_CONTEXT ( 'NONE', 'WORKASPACE' ) );
#253 = SURFACE_STYLE_FILL_AREA ( #1202 ) ;
#254 = PRESENTATION_STYLE_ASSIGNMENT (( #1254 ) ) ;
#255 = UNCERTAINTY_MEASURE_WITH_UNIT (LENGTH_MEASURE( 1.000000000000000100E-005 ), #1231, 'distance_accuracy_value', 'NONE');
#256 = UNCERTAINTY_MEASURE_WITH_UNIT (LENGTH_MEASURE( 1.000000000000000100E-005 ), #1261, 'distance_accuracy_value', 'NONE');
#257 = UNCERTAINTY_MEASURE_WITH_UNIT (LENGTH_MEASURE( 1.000000000000000100E-005 ), #2266, 'distance_accuracy_value', 'NONE');
#258 = ADVANCED_BREP_SHAPE_REPRESENTATION ( 'bracket-mod-R2', ( #788, #1064 ), #252 ) ;
#259 = UNCERTAINTY_MEASURE_WITH_UNIT (LENGTH_MEASURE( 1.000000000000000100E-005 ), #2500, 'distance_accuracy_value', 'NONE');
#260 = UNCERTAINTY_MEASURE_WITH_UNIT (LENGTH_MEASURE( 1.000000000000000100E-005 ), #1155, 'distance_accuracy_value', 'NONE');
#261 = PRESENTATION_LAYER_ASSIGNMENT (  '', '', ( #1474 ) ) ;
#262 = AXIS2_PLACEMENT_3D ( 'NONE', #1991, #2025, #2042 ) ;
#263 = AXIS2_PLACEMENT_3D ( 'NONE', #1986, #1966, #1988 ) ;
#264 = MECHANICAL_DESIGN_GEOMETRIC_PRESENTATION_REPRESENTATION (  '', ( #1474 ), #1477 ) ;
#265 = MECHANICAL_DESIGN_GEOMETRIC_PRESENTATION_REPRESENTATION (  '', ( #745 ), #746 ) ;
#266 = AXIS2_PLACEMENT_3D ( 'NONE', #2043, #2044, #2041 ) ;
#267 = PRESENTATION_LAYER_ASSIGNMENT (  '', '', ( #779 ) ) ;
#268 = PRESENTATION_LAYER_ASSIGNMENT (  '', '', ( #745 ) ) ;
#269 = MECHANICAL_DESIGN_GEOMETRIC_PRESENTATION_REPRESENTATION (  '', ( #779 ), #771 ) ;
#270 = PRESENTATION_LAYER_ASSIGNMENT (  '', '', ( #754 ) ) ;
#271 = MECHANICAL_DESIGN_GEOMETRIC_PRESENTATION_REPRESENTATION (  '', ( #754 ), #772 ) ;
#272 = PRESENTATION_LAYER_ASSIGNMENT (  '', '', ( #781 ) ) ;
#273 = MECHANICAL_DESIGN_GEOMETRIC_PRESENTATION_REPRESENTATION (  '', ( #781 ), #737 ) ;
#274 = AXIS2_PLACEMENT_3D ( 'NONE', #2024, #2029, #2045 ) ;
#275 = PRESENTATION_LAYER_ASSIGNMENT (  '', '', ( #1469 ) ) ;
#276 = MECHANICAL_DESIGN_GEOMETRIC_PRESENTATION_REPRESENTATION (  '', ( #1469 ), #1471 ) ;
#277 = AXIS2_PLACEMENT_3D ( 'NONE', #2052, #2061, #2062 ) ;
#278 = PRESENTATION_LAYER_ASSIGNMENT (  '', '', ( #741 ) ) ;
#279 = MECHANICAL_DESIGN_GEOMETRIC_PRESENTATION_REPRESENTATION (  '', ( #15 ), #14 ) ;
#280 = AXIS2_PLACEMENT_3D ( 'NONE', #2159, #2161, #2134 ) ;
#281 = PRESENTATION_LAYER_ASSIGNMENT (  '', '', ( #13 ) ) ;
#282 = MECHANICAL_DESIGN_GEOMETRIC_PRESENTATION_REPRESENTATION (  '', ( #989 ), #987 ) ;
#283 = MECHANICAL_DESIGN_GEOMETRIC_PRESENTATION_REPRESENTATION (  '', ( #13 ), #26 ) ;
#284 = AXIS2_PLACEMENT_3D ( 'NONE', #2128, #2187, #2198 ) ;
#285 = PRESENTATION_LAYER_ASSIGNMENT (  '', '', ( #739 ) ) ;
#286 = AXIS2_PLACEMENT_3D ( 'NONE', #2133, #2130, #2131 ) ;
#287 = MECHANICAL_DESIGN_GEOMETRIC_PRESENTATION_REPRESENTATION (  '', ( #739 ), #970 ) ;
#288 = AXIS2_PLACEMENT_3D ( 'NONE', #2149, #2153, #2137 ) ;
#289 = PRESENTATION_LAYER_ASSIGNMENT (  '', '', ( #986 ) ) ;
#290 = PRESENTATION_LAYER_ASSIGNMENT (  '', '', ( #15 ) ) ;
#291 = MECHANICAL_DESIGN_GEOMETRIC_PRESENTATION_REPRESENTATION (  '', ( #986 ), #923 ) ;
#292 = AXIS2_PLACEMENT_3D ( 'NONE', #2121, #2111, #2089 ) ;
#293 = AXIS2_PLACEMENT_3D ( 'NONE', #2046, #2056, #2122 ) ;
#294 = AXIS2_PLACEMENT_3D ( 'NONE', #2104, #2132, #2165 ) ;
#295 = PRESENTATION_LAYER_ASSIGNMENT (  '', '', ( #978 ) ) ;
#296 = MECHANICAL_DESIGN_GEOMETRIC_PRESENTATION_REPRESENTATION (  '', ( #1476 ), #2554 ) ;
#297 = AXIS2_PLACEMENT_3D ( 'NONE', #2081, #2097, #2098 ) ;
#298 = MECHANICAL_DESIGN_GEOMETRIC_PRESENTATION_REPRESENTATION (  '', ( #978 ), #980 ) ;
#299 = MECHANICAL_DESIGN_GEOMETRIC_PRESENTATION_REPRESENTATION (  '', ( #741 ), #732 ) ;
#300 = AXIS2_PLACEMENT_3D ( 'NONE', #2157, #2136, #2172 ) ;
#301 = PRESENTATION_LAYER_ASSIGNMENT (  '', '', ( #989 ) ) ;
#302 = AXIS2_PLACEMENT_3D ( 'NONE', #2173, #2141, #2176 ) ;
#303 = PRESENTATION_LAYER_ASSIGNMENT (  '', '', ( #1476 ) ) ;
#304 = AXIS2_PLACEMENT_3D ( 'NONE', #2271, #2244, #2256 ) ;
#305 = AXIS2_PLACEMENT_3D ( 'NONE', #2242, #2252, #2231 ) ;
#306 = AXIS2_PLACEMENT_3D ( 'NONE', #1187, #1189, #1173 ) ;
#307 = AXIS2_PLACEMENT_3D ( 'NONE', #2249, #2263, #2247 ) ;
#308 = MECHANICAL_DESIGN_GEOMETRIC_PRESENTATION_REPRESENTATION (  '', ( #57 ), #60 ) ;
#309 = AXIS2_PLACEMENT_3D ( 'NONE', #2230, #2184, #2188 ) ;
#310 = PRESENTATION_LAYER_ASSIGNMENT (  '', '', ( #23 ) ) ;
#311 = MECHANICAL_DESIGN_GEOMETRIC_PRESENTATION_REPRESENTATION (  '', ( #54 ), #63 ) ;
#312 = AXIS2_PLACEMENT_3D ( 'NONE', #2223, #2179, #2199 ) ;
#313 = PRESENTATION_LAYER_ASSIGNMENT (  '', '', ( #57 ) ) ;
#314 = PRESENTATION_LAYER_ASSIGNMENT (  '', '', ( #40 ) ) ;
#315 = MECHANICAL_DESIGN_GEOMETRIC_PRESENTATION_REPRESENTATION (  '', ( #40 ), #49 ) ;
#316 = MECHANICAL_DESIGN_GEOMETRIC_PRESENTATION_REPRESENTATION (  '', ( #23 ), #47 ) ;
#317 = AXIS2_PLACEMENT_3D ( 'NONE', #2246, #2241, #2239 ) ;
#318 = PRESENTATION_LAYER_ASSIGNMENT (  '', '', ( #54 ) ) ;
#319 = MECHANICAL_DESIGN_GEOMETRIC_PRESENTATION_REPRESENTATION (  '', ( #59 ), #62 ) ;
#320 = AXIS2_PLACEMENT_3D ( 'NONE', #2210, #2219, #2193 ) ;
#321 = AXIS2_PLACEMENT_3D ( 'NONE', #2205, #2206, #2228 ) ;
#322 = PRESENTATION_LAYER_ASSIGNMENT (  '', '', ( #247 ) ) ;
#323 = PRESENTATION_LAYER_ASSIGNMENT (  '', '', ( #41 ) ) ;
#324 = PRESENTATION_LAYER_ASSIGNMENT (  '', '', ( #59 ) ) ;
#325 = AXIS2_PLACEMENT_3D ( 'NONE', #2229, #2203, #2185 ) ;
#326 = MECHANICAL_DESIGN_GEOMETRIC_PRESENTATION_REPRESENTATION (  '', ( #41 ), #46 ) ;
#327 = UNCERTAINTY_MEASURE_WITH_UNIT (LENGTH_MEASURE( 1.000000000000000100E-005 ), #2163, 'distance_accuracy_value', 'NONE');
#328 = UNCERTAINTY_MEASURE_WITH_UNIT (LENGTH_MEASURE( 1.000000000000000100E-005 ), #2140, 'distance_accuracy_value', 'NONE');
#329 = LINE ( 'NONE', #1712, #341 ) ;
#330 = CLOSED_SHELL ( 'NONE', ( #1485, #1506, #1497, #1499, #1504, #1505, #1494, #1495, #1512, #1478, #1481, #1482, #1490, #1516, #1509, #1503, #1502, #1479, #1491, #1498, #1510, #1518, #1517, #1480, #1484, #1483, #1486, #1493, #1492, #1531, #1500, #1548, #1501, #1514, #1515, #1525, #1532, #1550, #1526, #1535, #1529, #1537, #1522, #1489, #1507, #1513, #1496, #1488, #1487, #1508, #1511 ) ) ;
#331 = ORIENTED_EDGE ( 'NONE', *, *, #1115, .F. ) ;
#332 = ORIENTED_EDGE ( 'NONE', *, *, #1130, .T. ) ;
#333 = ORIENTED_EDGE ( 'NONE', *, *, #1074, .F. ) ;
#334 = ORIENTED_EDGE ( 'NONE', *, *, #1111, .F. ) ;
#335 = ORIENTED_EDGE ( 'NONE', *, *, #1109, .T. ) ;
#336 = ORIENTED_EDGE ( 'NONE', *, *, #857, .F. ) ;
#337 = ORIENTED_EDGE ( 'NONE', *, *, #1112, .T. ) ;
#338 = ORIENTED_EDGE ( 'NONE', *, *, #845, .F. ) ;
#339 = ORIENTED_EDGE ( 'NONE', *, *, #815, .T. ) ;
#340 = ORIENTED_EDGE ( 'NONE', *, *, #1122, .F. ) ;
#341 = VECTOR ( 'NONE', #1715, 39.37007874015748100 ) ;
#342 = ORIENTED_EDGE ( 'NONE', *, *, #858, .T. ) ;
#343 = ORIENTED_EDGE ( 'NONE', *, *, #1110, .T. ) ;
#344 = ORIENTED_EDGE ( 'NONE', *, *, #1025, .F. ) ;
#345 = ORIENTED_EDGE ( 'NONE', *, *, #812, .F. ) ;
#346 = ORIENTED_EDGE ( 'NONE', *, *, #818, .F. ) ;
#347 = ORIENTED_EDGE ( 'NONE', *, *, #819, .F. ) ;
#348 = ORIENTED_EDGE ( 'NONE', *, *, #1131, .T. ) ;
#349 = ORIENTED_EDGE ( 'NONE', *, *, #1121, .T. ) ;
#350 = LINE ( 'NONE', #1665, #681 ) ;
#351 = ORIENTED_EDGE ( 'NONE', *, *, #855, .F. ) ;
#352 = ORIENTED_EDGE ( 'NONE', *, *, #821, .F. ) ;
#353 = ORIENTED_EDGE ( 'NONE', *, *, #808, .F. ) ;
#354 = ORIENTED_EDGE ( 'NONE', *, *, #856, .T. ) ;
#355 = ORIENTED_EDGE ( 'NONE', *, *, #1116, .T. ) ;
#356 = ORIENTED_EDGE ( 'NONE', *, *, #823, .T. ) ;
#357 = ORIENTED_EDGE ( 'NONE', *, *, #1129, .T. ) ;
#358 = ORIENTED_EDGE ( 'NONE', *, *, #1120, .T. ) ;
#359 = ORIENTED_EDGE ( 'NONE', *, *, #805, .F. ) ;
#360 = ORIENTED_EDGE ( 'NONE', *, *, #822, .T. ) ;
#361 = ORIENTED_EDGE ( 'NONE', *, *, #1035, .T. ) ;
#362 = ORIENTED_EDGE ( 'NONE', *, *, #816, .T. ) ;
#363 = ORIENTED_EDGE ( 'NONE', *, *, #820, .T. ) ;
#364 = ORIENTED_EDGE ( 'NONE', *, *, #1077, .T. ) ;
#365 = ORIENTED_EDGE ( 'NONE', *, *, #864, .F. ) ;
#366 = ORIENTED_EDGE ( 'NONE', *, *, #1117, .T. ) ;
#367 = ORIENTED_EDGE ( 'NONE', *, *, #1126, .F. ) ;
#368 = ORIENTED_EDGE ( 'NONE', *, *, #1123, .T. ) ;
#369 = ORIENTED_EDGE ( 'NONE', *, *, #846, .T. ) ;
#370 = ORIENTED_EDGE ( 'NONE', *, *, #1133, .T. ) ;
#371 = ORIENTED_EDGE ( 'NONE', *, *, #813, .T. ) ;
#372 = ORIENTED_EDGE ( 'NONE', *, *, #840, .T. ) ;
#373 = ORIENTED_EDGE ( 'NONE', *, *, #1078, .T. ) ;
#374 = ORIENTED_EDGE ( 'NONE', *, *, #1063, .T. ) ;
#375 = ORIENTED_EDGE ( 'NONE', *, *, #1108, .T. ) ;
#376 = ORIENTED_EDGE ( 'NONE', *, *, #808, .T. ) ;
#377 = ORIENTED_EDGE ( 'NONE', *, *, #1073, .T. ) ;
#378 = ORIENTED_EDGE ( 'NONE', *, *, #1127, .F. ) ;
#379 = ORIENTED_EDGE ( 'NONE', *, *, #1128, .F. ) ;
#380 = ORIENTED_EDGE ( 'NONE', *, *, #852, .F. ) ;
#381 = ORIENTED_EDGE ( 'NONE', *, *, #1080, .F. ) ;
#382 = ORIENTED_EDGE ( 'NONE', *, *, #810, .T. ) ;
#383 = ORIENTED_EDGE ( 'NONE', *, *, #863, .T. ) ;
#384 = ORIENTED_EDGE ( 'NONE', *, *, #843, .F. ) ;
#385 = ORIENTED_EDGE ( 'NONE', *, *, #854, .T. ) ;
#386 = ORIENTED_EDGE ( 'NONE', *, *, #1065, .T. ) ;
#387 = ORIENTED_EDGE ( 'NONE', *, *, #1047, .T. ) ;
#388 = ORIENTED_EDGE ( 'NONE', *, *, #824, .T. ) ;
#389 = ORIENTED_EDGE ( 'NONE', *, *, #1044, .T. ) ;
#390 = ORIENTED_EDGE ( 'NONE', *, *, #817, .T. ) ;
#391 = ORIENTED_EDGE ( 'NONE', *, *, #1049, .F. ) ;
#392 = ORIENTED_EDGE ( 'NONE', *, *, #825, .F. ) ;
#393 = ORIENTED_EDGE ( 'NONE', *, *, #1125, .F. ) ;
#394 = ORIENTED_EDGE ( 'NONE', *, *, #1132, .F. ) ;
#395 = ORIENTED_EDGE ( 'NONE', *, *, #1107, .T. ) ;
#396 = ORIENTED_EDGE ( 'NONE', *, *, #1131, .F. ) ;
#397 = ORIENTED_EDGE ( 'NONE', *, *, #812, .T. ) ;
#398 = ORIENTED_EDGE ( 'NONE', *, *, #1101, .T. ) ;
#399 = ORIENTED_EDGE ( 'NONE', *, *, #844, .F. ) ;
#400 = ORIENTED_EDGE ( 'NONE', *, *, #1121, .F. ) ;
#401 = ORIENTED_EDGE ( 'NONE', *, *, #863, .F. ) ;
#402 = ORIENTED_EDGE ( 'NONE', *, *, #1125, .T. ) ;
#403 = ORIENTED_EDGE ( 'NONE', *, *, #1097, .T. ) ;
#404 = ORIENTED_EDGE ( 'NONE', *, *, #854, .F. ) ;
#405 = ORIENTED_EDGE ( 'NONE', *, *, #1127, .T. ) ;
#406 = ORIENTED_EDGE ( 'NONE', *, *, #1061, .T. ) ;
#407 = ORIENTED_EDGE ( 'NONE', *, *, #811, .F. ) ;
#408 = ORIENTED_EDGE ( 'NONE', *, *, #1114, .T. ) ;
#409 = ORIENTED_EDGE ( 'NONE', *, *, #1103, .F. ) ;
#410 = ORIENTED_EDGE ( 'NONE', *, *, #1122, .T. ) ;
#411 = ORIENTED_EDGE ( 'NONE', *, *, #845, .T. ) ;
#412 = ORIENTED_EDGE ( 'NONE', *, *, #1111, .T. ) ;
#413 = ORIENTED_EDGE ( 'NONE', *, *, #1102, .F. ) ;
#414 = ORIENTED_EDGE ( 'NONE', *, *, #820, .F. ) ;
#415 = ORIENTED_EDGE ( 'NONE', *, *, #1025, .T. ) ;
#416 = ORIENTED_EDGE ( 'NONE', *, *, #1024, .F. ) ;
#417 = ORIENTED_EDGE ( 'NONE', *, *, #1118, .T. ) ;
#418 = ORIENTED_EDGE ( 'NONE', *, *, #1135, .T. ) ;
#419 = ORIENTED_EDGE ( 'NONE', *, *, #844, .T. ) ;
#420 = ORIENTED_EDGE ( 'NONE', *, *, #1124, .T. ) ;
#421 = ORIENTED_EDGE ( 'NONE', *, *, #1033, .F. ) ;
#422 = ORIENTED_EDGE ( 'NONE', *, *, #852, .T. ) ;
#423 = ORIENTED_EDGE ( 'NONE', *, *, #1120, .F. ) ;
#424 = ORIENTED_EDGE ( 'NONE', *, *, #843, .T. ) ;
#425 = ORIENTED_EDGE ( 'NONE', *, *, #1133, .F. ) ;
#426 = ORIENTED_EDGE ( 'NONE', *, *, #1115, .T. ) ;
#427 = ORIENTED_EDGE ( 'NONE', *, *, #1123, .F. ) ;
#428 = ORIENTED_EDGE ( 'NONE', *, *, #822, .F. ) ;
#429 = ORIENTED_EDGE ( 'NONE', *, *, #1110, .F. ) ;
#430 = ORIENTED_EDGE ( 'NONE', *, *, #864, .T. ) ;
#431 = ORIENTED_EDGE ( 'NONE', *, *, #840, .F. ) ;
#432 = ORIENTED_EDGE ( 'NONE', *, *, #1067, .T. ) ;
#433 = ORIENTED_EDGE ( 'NONE', *, *, #1119, .F. ) ;
#434 = ORIENTED_EDGE ( 'NONE', *, *, #817, .F. ) ;
#435 = ORIENTED_EDGE ( 'NONE', *, *, #1134, .T. ) ;
#436 = ORIENTED_EDGE ( 'NONE', *, *, #1130, .F. ) ;
#437 = ORIENTED_EDGE ( 'NONE', *, *, #1109, .F. ) ;
#438 = ORIENTED_EDGE ( 'NONE', *, *, #809, .T. ) ;
#439 = ORIENTED_EDGE ( 'NONE', *, *, #809, .F. ) ;
#440 = ORIENTED_EDGE ( 'NONE', *, *, #1086, .F. ) ;
#441 = ORIENTED_EDGE ( 'NONE', *, *, #815, .F. ) ;
#442 = ORIENTED_EDGE ( 'NONE', *, *, #1024, .T. ) ;
#443 = ORIENTED_EDGE ( 'NONE', *, *, #857, .T. ) ;
#444 = ORIENTED_EDGE ( 'NONE', *, *, #1136, .F. ) ;
#445 = ORIENTED_EDGE ( 'NONE', *, *, #1107, .F. ) ;
#446 = ORIENTED_EDGE ( 'NONE', *, *, #1049, .T. ) ;
#447 = ORIENTED_EDGE ( 'NONE', *, *, #1029, .F. ) ;
#448 = ORIENTED_EDGE ( 'NONE', *, *, #856, .F. ) ;
#449 = ORIENTED_EDGE ( 'NONE', *, *, #814, .T. ) ;
#450 = ORIENTED_EDGE ( 'NONE', *, *, #1119, .T. ) ;
#451 = ORIENTED_EDGE ( 'NONE', *, *, #1096, .T. ) ;
#452 = ORIENTED_EDGE ( 'NONE', *, *, #810, .F. ) ;
#453 = ORIENTED_EDGE ( 'NONE', *, *, #1108, .F. ) ;
#454 = ORIENTED_EDGE ( 'NONE', *, *, #1136, .T. ) ;
#455 = ORIENTED_EDGE ( 'NONE', *, *, #1099, .F. ) ;
#456 = ORIENTED_EDGE ( 'NONE', *, *, #1087, .F. ) ;
#457 = ORIENTED_EDGE ( 'NONE', *, *, #1071, .F. ) ;
#458 = ORIENTED_EDGE ( 'NONE', *, *, #858, .F. ) ;
#459 = ORIENTED_EDGE ( 'NONE', *, *, #1050, .T. ) ;
#460 = ORIENTED_EDGE ( 'NONE', *, *, #1104, .T. ) ;
#461 = ORIENTED_EDGE ( 'NONE', *, *, #1069, .F. ) ;
#462 = ORIENTED_EDGE ( 'NONE', *, *, #1089, .F. ) ;
#463 = ORIENTED_EDGE ( 'NONE', *, *, #816, .F. ) ;
#464 = ORIENTED_EDGE ( 'NONE', *, *, #1072, .T. ) ;
#465 = ORIENTED_EDGE ( 'NONE', *, *, #1029, .T. ) ;
#466 = ORIENTED_EDGE ( 'NONE', *, *, #1129, .F. ) ;
#467 = ORIENTED_EDGE ( 'NONE', *, *, #1100, .F. ) ;
#468 = ORIENTED_EDGE ( 'NONE', *, *, #1102, .T. ) ;
#469 = ORIENTED_EDGE ( 'NONE', *, *, #1083, .F. ) ;
#470 = ORIENTED_EDGE ( 'NONE', *, *, #1058, .T. ) ;
#471 = ORIENTED_EDGE ( 'NONE', *, *, #813, .F. ) ;
#472 = ORIENTED_EDGE ( 'NONE', *, *, #1077, .F. ) ;
#473 = ORIENTED_EDGE ( 'NONE', *, *, #1078, .F. ) ;
#474 = ORIENTED_EDGE ( 'NONE', *, *, #1098, .T. ) ;
#475 = ORIENTED_EDGE ( 'NONE', *, *, #1106, .T. ) ;
#476 = ORIENTED_EDGE ( 'NONE', *, *, #1092, .T. ) ;
#477 = ORIENTED_EDGE ( 'NONE', *, *, #1117, .F. ) ;
#478 = ORIENTED_EDGE ( 'NONE', *, *, #1096, .F. ) ;
#479 = ORIENTED_EDGE ( 'NONE', *, *, #1100, .T. ) ;
#480 = ORIENTED_EDGE ( 'NONE', *, *, #1060, .T. ) ;
#481 = ORIENTED_EDGE ( 'NONE', *, *, #1101, .F. ) ;
#482 = ORIENTED_EDGE ( 'NONE', *, *, #814, .F. ) ;
#483 = ORIENTED_EDGE ( 'NONE', *, *, #1103, .T. ) ;
#484 = ORIENTED_EDGE ( 'NONE', *, *, #1087, .T. ) ;
#485 = ORIENTED_EDGE ( 'NONE', *, *, #1132, .T. ) ;
#486 = ORIENTED_EDGE ( 'NONE', *, *, #1104, .F. ) ;
#487 = ORIENTED_EDGE ( 'NONE', *, *, #1071, .T. ) ;
#488 = ORIENTED_EDGE ( 'NONE', *, *, #1099, .T. ) ;
#489 = ORIENTED_EDGE ( 'NONE', *, *, #1106, .F. ) ;
#490 = ORIENTED_EDGE ( 'NONE', *, *, #1037, .T. ) ;
#491 = ORIENTED_EDGE ( 'NONE', *, *, #821, .T. ) ;
#492 = ORIENTED_EDGE ( 'NONE', *, *, #1086, .T. ) ;
#493 = ORIENTED_EDGE ( 'NONE', *, *, #1039, .T. ) ;
#494 = ORIENTED_EDGE ( 'NONE', *, *, #855, .T. ) ;
#495 = ORIENTED_EDGE ( 'NONE', *, *, #1040, .F. ) ;
#496 = ORIENTED_EDGE ( 'NONE', *, *, #1134, .F. ) ;
#497 = ORIENTED_EDGE ( 'NONE', *, *, #1092, .F. ) ;
#498 = ORIENTED_EDGE ( 'NONE', *, *, #1112, .F. ) ;
#499 = ORIENTED_EDGE ( 'NONE', *, *, #1054, .T. ) ;
#500 = ORIENTED_EDGE ( 'NONE', *, *, #1043, .F. ) ;
#501 = ORIENTED_EDGE ( 'NONE', *, *, #1124, .F. ) ;
#502 = ORIENTED_EDGE ( 'NONE', *, *, #1095, .F. ) ;
#503 = ORIENTED_EDGE ( 'NONE', *, *, #1075, .F. ) ;
#504 = ORIENTED_EDGE ( 'NONE', *, *, #1097, .F. ) ;
#505 = ORIENTED_EDGE ( 'NONE', *, *, #1089, .T. ) ;
#506 = ORIENTED_EDGE ( 'NONE', *, *, #1051, .T. ) ;
#507 = ORIENTED_EDGE ( 'NONE', *, *, #1036, .F. ) ;
#508 = ORIENTED_EDGE ( 'NONE', *, *, #1026, .F. ) ;
#509 = ORIENTED_EDGE ( 'NONE', *, *, #1030, .T. ) ;
#510 = ORIENTED_EDGE ( 'NONE', *, *, #1068, .T. ) ;
#511 = ORIENTED_EDGE ( 'NONE', *, *, #1026, .T. ) ;
#512 = ORIENTED_EDGE ( 'NONE', *, *, #1047, .F. ) ;
#513 = ORIENTED_EDGE ( 'NONE', *, *, #1113, .F. ) ;
#514 = ORIENTED_EDGE ( 'NONE', *, *, #1054, .F. ) ;
#515 = ORIENTED_EDGE ( 'NONE', *, *, #1069, .T. ) ;
#516 = ORIENTED_EDGE ( 'NONE', *, *, #1084, .F. ) ;
#517 = ORIENTED_EDGE ( 'NONE', *, *, #1027, .T. ) ;
#518 = ORIENTED_EDGE ( 'NONE', *, *, #1040, .T. ) ;
#519 = ORIENTED_EDGE ( 'NONE', *, *, #1034, .T. ) ;
#520 = ORIENTED_EDGE ( 'NONE', *, *, #1073, .F. ) ;
#521 = ORIENTED_EDGE ( 'NONE', *, *, #1105, .F. ) ;
#522 = ORIENTED_EDGE ( 'NONE', *, *, #1118, .F. ) ;
#523 = ORIENTED_EDGE ( 'NONE', *, *, #1090, .T. ) ;
#524 = ORIENTED_EDGE ( 'NONE', *, *, #1031, .T. ) ;
#525 = ORIENTED_EDGE ( 'NONE', *, *, #1082, .F. ) ;
#526 = ORIENTED_EDGE ( 'NONE', *, *, #1038, .T. ) ;
#527 = ORIENTED_EDGE ( 'NONE', *, *, #1037, .F. ) ;
#528 = ORIENTED_EDGE ( 'NONE', *, *, #1105, .T. ) ;
#529 = ORIENTED_EDGE ( 'NONE', *, *, #1128, .T. ) ;
#530 = ORIENTED_EDGE ( 'NONE', *, *, #1085, .F. ) ;
#531 = ORIENTED_EDGE ( 'NONE', *, *, #1059, .F. ) ;
#532 = ORIENTED_EDGE ( 'NONE', *, *, #1091, .F. ) ;
#533 = ORIENTED_EDGE ( 'NONE', *, *, #1038, .F. ) ;
#534 = ORIENTED_EDGE ( 'NONE', *, *, #1075, .T. ) ;
#535 = ORIENTED_EDGE ( 'NONE', *, *, #1030, .F. ) ;
#536 = ORIENTED_EDGE ( 'NONE', *, *, #1028, .T. ) ;
#537 = ORIENTED_EDGE ( 'NONE', *, *, #1090, .F. ) ;
#538 = ORIENTED_EDGE ( 'NONE', *, *, #1081, .T. ) ;
#539 = ORIENTED_EDGE ( 'NONE', *, *, #1126, .T. ) ;
#540 = ORIENTED_EDGE ( 'NONE', *, *, #811, .T. ) ;
#541 = ORIENTED_EDGE ( 'NONE', *, *, #1095, .T. ) ;
#542 = ORIENTED_EDGE ( 'NONE', *, *, #1048, .F. ) ;
#543 = ORIENTED_EDGE ( 'NONE', *, *, #1055, .T. ) ;
#544 = ORIENTED_EDGE ( 'NONE', *, *, #1065, .F. ) ;
#545 = ORIENTED_EDGE ( 'NONE', *, *, #1079, .F. ) ;
#546 = ORIENTED_EDGE ( 'NONE', *, *, #1052, .T. ) ;
#547 = ORIENTED_EDGE ( 'NONE', *, *, #1066, .F. ) ;
#548 = ORIENTED_EDGE ( 'NONE', *, *, #1093, .T. ) ;
#549 = ORIENTED_EDGE ( 'NONE', *, *, #1062, .T. ) ;
#550 = ORIENTED_EDGE ( 'NONE', *, *, #1060, .F. ) ;
#551 = ORIENTED_EDGE ( 'NONE', *, *, #1081, .F. ) ;
#552 = ORIENTED_EDGE ( 'NONE', *, *, #1082, .T. ) ;
#553 = ORIENTED_EDGE ( 'NONE', *, *, #1074, .T. ) ;
#554 = ORIENTED_EDGE ( 'NONE', *, *, #1076, .T. ) ;
#555 = ORIENTED_EDGE ( 'NONE', *, *, #1056, .F. ) ;
#556 = ORIENTED_EDGE ( 'NONE', *, *, #1055, .F. ) ;
#557 = ORIENTED_EDGE ( 'NONE', *, *, #1085, .T. ) ;
#558 = ORIENTED_EDGE ( 'NONE', *, *, #1056, .T. ) ;
#559 = ORIENTED_EDGE ( 'NONE', *, *, #1046, .T. ) ;
#560 = ORIENTED_EDGE ( 'NONE', *, *, #1053, .F. ) ;
#561 = ORIENTED_EDGE ( 'NONE', *, *, #1042, .T. ) ;
#562 = ORIENTED_EDGE ( 'NONE', *, *, #1084, .T. ) ;
#563 = ORIENTED_EDGE ( 'NONE', *, *, #818, .T. ) ;
#564 = ORIENTED_EDGE ( 'NONE', *, *, #1053, .T. ) ;
#565 = ORIENTED_EDGE ( 'NONE', *, *, #1046, .F. ) ;
#566 = ORIENTED_EDGE ( 'NONE', *, *, #1093, .F. ) ;
#567 = ORIENTED_EDGE ( 'NONE', *, *, #824, .F. ) ;
#568 = ORIENTED_EDGE ( 'NONE', *, *, #1050, .F. ) ;
#569 = ORIENTED_EDGE ( 'NONE', *, *, #1070, .F. ) ;
#570 = ORIENTED_EDGE ( 'NONE', *, *, #1062, .F. ) ;
#571 = ORIENTED_EDGE ( 'NONE', *, *, #825, .T. ) ;
#572 = ORIENTED_EDGE ( 'NONE', *, *, #846, .F. ) ;
#573 = ORIENTED_EDGE ( 'NONE', *, *, #1079, .T. ) ;
#574 = ORIENTED_EDGE ( 'NONE', *, *, #1045, .F. ) ;
#575 = ORIENTED_EDGE ( 'NONE', *, *, #1031, .F. ) ;
#576 = ORIENTED_EDGE ( 'NONE', *, *, #1058, .F. ) ;
#577 = ORIENTED_EDGE ( 'NONE', *, *, #1035, .F. ) ;
#578 = ORIENTED_EDGE ( 'NONE', *, *, #1088, .T. ) ;
#579 = ORIENTED_EDGE ( 'NONE', *, *, #1036, .T. ) ;
#580 = ORIENTED_EDGE ( 'NONE', *, *, #1072, .F. ) ;
#581 = ORIENTED_EDGE ( 'NONE', *, *, #1094, .F. ) ;
#582 = ORIENTED_EDGE ( 'NONE', *, *, #1113, .T. ) ;
#583 = ORIENTED_EDGE ( 'NONE', *, *, #1114, .F. ) ;
#584 = ORIENTED_EDGE ( 'NONE', *, *, #1045, .T. ) ;
#585 = ORIENTED_EDGE ( 'NONE', *, *, #1135, .F. ) ;
#586 = ORIENTED_EDGE ( 'NONE', *, *, #1070, .T. ) ;
#587 = ORIENTED_EDGE ( 'NONE', *, *, #1076, .F. ) ;
#588 = ORIENTED_EDGE ( 'NONE', *, *, #1094, .T. ) ;
#589 = ORIENTED_EDGE ( 'NONE', *, *, #1051, .F. ) ;
#590 = ORIENTED_EDGE ( 'NONE', *, *, #1061, .F. ) ;
#591 = ORIENTED_EDGE ( 'NONE', *, *, #1034, .F. ) ;
#592 = ORIENTED_EDGE ( 'NONE', *, *, #1083, .T. ) ;
#593 = ORIENTED_EDGE ( 'NONE', *, *, #1059, .T. ) ;
#594 = ORIENTED_EDGE ( 'NONE', *, *, #1042, .F. ) ;
#595 = ORIENTED_EDGE ( 'NONE', *, *, #1091, .T. ) ;
#596 = ORIENTED_EDGE ( 'NONE', *, *, #1088, .F. ) ;
#597 = ORIENTED_EDGE ( 'NONE', *, *, #1033, .T. ) ;
#598 = ORIENTED_EDGE ( 'NONE', *, *, #1027, .F. ) ;
#599 = ORIENTED_EDGE ( 'NONE', *, *, #1116, .F. ) ;
#600 = ORIENTED_EDGE ( 'NONE', *, *, #1041, .F. ) ;
#601 = ORIENTED_EDGE ( 'NONE', *, *, #1098, .F. ) ;
#602 = ORIENTED_EDGE ( 'NONE', *, *, #1063, .F. ) ;
#603 = ORIENTED_EDGE ( 'NONE', *, *, #1068, .F. ) ;
#604 = ORIENTED_EDGE ( 'NONE', *, *, #1043, .T. ) ;
#605 = ORIENTED_EDGE ( 'NONE', *, *, #1052, .F. ) ;
#606 = ORIENTED_EDGE ( 'NONE', *, *, #805, .T. ) ;
#607 = ORIENTED_EDGE ( 'NONE', *, *, #823, .F. ) ;
#608 = ORIENTED_EDGE ( 'NONE', *, *, #1028, .F. ) ;
#609 = ORIENTED_EDGE ( 'NONE', *, *, #1032, .F. ) ;
#610 = ORIENTED_EDGE ( 'NONE', *, *, #1041, .T. ) ;
#611 = ORIENTED_EDGE ( 'NONE', *, *, #1067, .F. ) ;
#612 = ORIENTED_EDGE ( 'NONE', *, *, #1048, .T. ) ;
#613 = ORIENTED_EDGE ( 'NONE', *, *, #1032, .T. ) ;
#614 = ORIENTED_EDGE ( 'NONE', *, *, #1080, .T. ) ;
#615 = ORIENTED_EDGE ( 'NONE', *, *, #1066, .T. ) ;
#616 = ORIENTED_EDGE ( 'NONE', *, *, #1044, .F. ) ;
#617 = EDGE_LOOP ( 'NONE', ( #417, #430 ) ) ;
#618 = EDGE_LOOP ( 'NONE', ( #385, #379, #368, #355, #422, #420 ) ) ;
#619 = EDGE_LOOP ( 'NONE', ( #609, #603, #612, #575 ) ) ;
#620 = EDGE_LOOP ( 'NONE', ( #529, #491, #500, #540 ) ) ;
#621 = ORIENTED_EDGE ( 'NONE', *, *, #1039, .F. ) ;
#622 = EDGE_LOOP ( 'NONE', ( #384, #391, #408, #421 ) ) ;
#623 = EDGE_LOOP ( 'NONE', ( #370, #348 ) ) ;
#624 = EDGE_LOOP ( 'NONE', ( #505, #528, #548, #460 ) ) ;
#625 = EDGE_LOOP ( 'NONE', ( #591, #616, #572, #585, #590, #581, #514, #570 ) ) ;
#626 = EDGE_LOOP ( 'NONE', ( #481, #475, #464, #467 ) ) ;
#627 = EDGE_LOOP ( 'NONE', ( #411, #454, #401, #418 ) ) ;
#628 = EDGE_LOOP ( 'NONE', ( #651, #582 ) ) ;
#629 = EDGE_LOOP ( 'NONE', ( #436, #415, #438, #428 ) ) ;
#630 = EDGE_LOOP ( 'NONE', ( #593, #605, #573, #611, #610, #510, #586, #561, #577, #519, #574 ) ) ;
#631 = EDGE_LOOP ( 'NONE', ( #550, #601 ) ) ;
#632 = EDGE_LOOP ( 'NONE', ( #365, #388, #347, #367 ) ) ;
#633 = EDGE_LOOP ( 'NONE', ( #389, #361, #446, #458 ) ) ;
#634 = EDGE_LOOP ( 'NONE', ( #441, #425, #426, #448 ) ) ;
#635 = EDGE_LOOP ( 'NONE', ( #473, #451, #483, #457 ) ) ;
#636 = EDGE_LOOP ( 'NONE', ( #374, #432, #387, #380 ) ) ;
#637 = EDGE_LOOP ( 'NONE', ( #595, #615, #579, #558 ) ) ;
#638 = EDGE_LOOP ( 'NONE', ( #556, #459, #493, #509 ) ) ;
#639 = EDGE_LOOP ( 'NONE', ( #472, #476, #492, #456 ) ) ;
#640 = EDGE_LOOP ( 'NONE', ( #445, #399, #353, #424 ) ) ;
#641 = EDGE_LOOP ( 'NONE', ( #453, #403, #474, #455 ) ) ;
#642 = EDGE_LOOP ( 'NONE', ( #413, #409 ) ) ;
#643 = EDGE_LOOP ( 'NONE', ( #434, #450, #443, #442 ) ) ;
#644 = EDGE_LOOP ( 'NONE', ( #504, #466, #488, #480 ) ) ;
#645 = EDGE_LOOP ( 'NONE', ( #337, #364 ) ) ;
#646 = EDGE_LOOP ( 'NONE', ( #478, #477, #487, #468 ) ) ;
#647 = EDGE_LOOP ( 'NONE', ( #546, #526, #551, #515 ) ) ;
#648 = EDGE_LOOP ( 'NONE', ( #393, #377, #346, #394 ) ) ;
#649 = EDGE_LOOP ( 'NONE', ( #396, #339, #378, #331 ) ) ;
#650 = EDGE_LOOP ( 'NONE', ( #357, #375 ) ) ;
#651 = ORIENTED_EDGE ( 'NONE', *, *, #819, .T. ) ;
#652 = EDGE_LOOP ( 'NONE', ( #340, #371, #333, #351 ) ) ;
#653 = EDGE_LOOP ( 'NONE', ( #567, #522, #539, #513 ) ) ;
#654 = EDGE_LOOP ( 'NONE', ( #437, #414, #431, #416 ) ) ;
#655 = EDGE_LOOP ( 'NONE', ( #538, #557, #517, #499, #506, #536, #554, #524, #490, #543, #534 ) ) ;
#656 = EDGE_LOOP ( 'NONE', ( #563, #592 ) ) ;
#657 = EDGE_LOOP ( 'NONE', ( #366, #373 ) ) ;
#658 = EDGE_LOOP ( 'NONE', ( #571, #604, #606, #552, #621, #511 ) ) ;
#659 = EDGE_LOOP ( 'NONE', ( #397, #332, #334, #363 ) ) ;
#660 = EDGE_LOOP ( 'NONE', ( #369, #342, #376, #343, #344, #345, #335, #336, #349, #338 ) ) ;
#661 = EDGE_LOOP ( 'NONE', ( #359, #352, #404, #386 ) ) ;
#662 = EDGE_LOOP ( 'NONE', ( #516, #532, #502, #521 ) ) ;
#663 = EDGE_LOOP ( 'NONE', ( #520, #496, #485, #469 ) ) ;
#664 = EDGE_LOOP ( 'NONE', ( #541, #555, #564, #566 ) ) ;
#665 = EDGE_LOOP ( 'NONE', ( #427, #407, #392, #356 ) ) ;
#666 = EDGE_LOOP ( 'NONE', ( #362, #398 ) ) ;
#667 = EDGE_LOOP ( 'NONE', ( #489, #463, #479, #470 ) ) ;
#668 = EDGE_LOOP ( 'NONE', ( #589, #588, #614, #597 ) ) ;
#669 = EDGE_LOOP ( 'NONE', ( #449, #410 ) ) ;
#670 = EDGE_LOOP ( 'NONE', ( #503, #535, #525, #544, #501, #512, #545, #461 ) ) ;
#671 = EDGE_LOOP ( 'NONE', ( #537, #547, #562, #462 ) ) ;
#672 = EDGE_LOOP ( 'NONE', ( #435, #402 ) ) ;
#673 = EDGE_LOOP ( 'NONE', ( #497, #498, #484, #465 ) ) ;
#674 = EDGE_LOOP ( 'NONE', ( #447, #440 ) ) ;
#675 = EDGE_LOOP ( 'NONE', ( #576, #580 ) ) ;
#676 = EDGE_LOOP ( 'NONE', ( #400, #433, #423, #444 ) ) ;
#677 = EDGE_LOOP ( 'NONE', ( #452, #439, #429, #419 ) ) ;
#678 = EDGE_LOOP ( 'NONE', ( #553, #518 ) ) ;
#679 = EDGE_LOOP ( 'NONE', ( #598, #559, #584, #549 ) ) ;
#680 = EDGE_LOOP ( 'NONE', ( #587, #596, #569, #613 ) ) ;
#681 = VECTOR ( 'NONE', #1652, 39.37007874015748900 ) ;
#682 =( GEOMETRIC_REPRESENTATION_CONTEXT ( 3 ) GLOBAL_UNCERTAINTY_ASSIGNED_CONTEXT ( ( #787 ) ) GLOBAL_UNIT_ASSIGNED_CONTEXT ( ( #1662, #1649, #1673 ) ) REPRESENTATION_CONTEXT ( 'NONE', 'WORKASPACE' ) );
#683 = EDGE_LOOP ( 'NONE', ( #583, #594, #578, #608 ) ) ;
#684 = VECTOR ( 'NONE', #1643, 39.37007874015748900 ) ;
#685 = VECTOR ( 'NONE', #1663, 39.37007874015748100 ) ;
#686 = LINE ( 'NONE', #1658, #696 ) ;
#687 = LINE ( 'NONE', #1688, #712 ) ;
#688 = CIRCLE ( 'NONE', #828, 0.2559055118110238300 ) ;
#689 = LINE ( 'NONE', #1670, #708 ) ;
#690 = EDGE_LOOP ( 'NONE', ( #560, #507, #523, #486 ) ) ;
#691 = EDGE_LOOP ( 'NONE', ( #530, #533, #531, #565 ) ) ;
#692 = CIRCLE ( 'NONE', #860, 0.7874015748031496500 ) ;
#693 = CIRCLE ( 'NONE', #838, 0.7874015748031497600 ) ;
#694 = PRESENTATION_STYLE_ASSIGNMENT (( #1644 ) ) ;
#695 = EDGE_LOOP ( 'NONE', ( #471, #482, #494, #495 ) ) ;
#696 = VECTOR ( 'NONE', #1687, 39.37007874015748100 ) ;
#697 = CIRCLE ( 'NONE', #827, 0.2559055118110238300 ) ;
#698 = CIRCLE ( 'NONE', #859, 0.2559055118110238300 ) ;
#699 = CIRCLE ( 'NONE', #831, 0.7874015748031497600 ) ;
#700 = VECTOR ( 'NONE', #1731, 39.37007874015748100 ) ;
#701 = VECTOR ( 'NONE', #1720, 39.37007874015748100 ) ;
#702 = CIRCLE ( 'NONE', #842, 0.2559055118110238300 ) ;
#703 = COLOUR_RGB ( '',0.7921568627450980000, 0.8196078431372548800, 0.9333333333333333500 ) ;
#704 = LINE ( 'NONE', #1734, #700 ) ;
#705 = LENGTH_MEASURE_WITH_UNIT ( LENGTH_MEASURE( 0.02539999999999999900 ), #1690 );
#706 = CIRCLE ( 'NONE', #829, 0.7874015748031495400 ) ;
#707 = LINE ( 'NONE', #1703, #722 ) ;
#708 = VECTOR ( 'NONE', #1693, 39.37007874015748100 ) ;
#709 = LINE ( 'NONE', #1667, #710 ) ;
#710 = VECTOR ( 'NONE', #1694, 39.37007874015748100 ) ;
#711 = LINE ( 'NONE', #1563, #684 ) ;
#712 = VECTOR ( 'NONE', #1691, 39.37007874015748100 ) ;
#713 = LINE ( 'NONE', #1678, #716 ) ;
#714 = EDGE_LOOP ( 'NONE', ( #405, #354 ) ) ;
#715 = SURFACE_STYLE_FILL_AREA ( #1656 ) ;
#716 = VECTOR ( 'NONE', #1650, 39.37007874015748100 ) ;
#717 = LINE ( 'NONE', #1696, #701 ) ;
#718 = EDGE_LOOP ( 'NONE', ( #381, #406, #383, #358, #390, #372, #412, #360, #382, #395 ) ) ;
#719 = STYLED_ITEM ( 'NONE', ( #694 ), #788 ) ;
#720 = LINE ( 'NONE', #1686, #685 ) ;
#721 = EDGE_LOOP ( 'NONE', ( #600, #602, #599, #607, #508, #568, #527, #542 ) ) ;
#722 = VECTOR ( 'NONE', #1722, 39.37007874015747400 ) ;
#723 = LINE ( 'NONE', #1695, #724 ) ;
#724 = VECTOR ( 'NONE', #1733, 39.37007874015748900 ) ;
#725 = FACE_OUTER_BOUND ( 'NONE', #625, .T. ) ;
#726 =( GEOMETRIC_REPRESENTATION_CONTEXT ( 3 ) GLOBAL_UNCERTAINTY_ASSIGNED_CONTEXT ( ( #256 ) ) GLOBAL_UNIT_ASSIGNED_CONTEXT ( ( #1261, #1253, #1263 ) ) REPRESENTATION_CONTEXT ( 'NONE', 'WORKASPACE' ) );
#727 = SHAPE_DEFINITION_REPRESENTATION ( #786, #258 ) ;
#728 = FACE_OUTER_BOUND ( 'NONE', #679, .T. ) ;
#729 = COLOUR_RGB ( '',0.6274509803921568500, 0.6274509803921568500, 0.6274509803921568500 ) ;
#730 = SURFACE_STYLE_FILL_AREA ( #2150 ) ;
#731 = LENGTH_MEASURE_WITH_UNIT ( LENGTH_MEASURE( 0.02539999999999999900 ), #2083 );
#732 =( GEOMETRIC_REPRESENTATION_CONTEXT ( 3 ) GLOBAL_UNCERTAINTY_ASSIGNED_CONTEXT ( ( #796 ) ) GLOBAL_UNIT_ASSIGNED_CONTEXT ( ( #2117, #2118, #2086 ) ) REPRESENTATION_CONTEXT ( 'NONE', 'WORKASPACE' ) );
#733 = FACE_OUTER_BOUND ( 'NONE', #630, .T. ) ;
#734 = COLOUR_RGB ( '',0.6274509803921568500, 0.6274509803921568500, 0.6274509803921568500 ) ;
#735 = COLOUR_RGB ( '',0.6274509803921568500, 0.6274509803921568500, 0.6274509803921568500 ) ;
#736 = SURFACE_STYLE_FILL_AREA ( #2108 ) ;
#737 =( GEOMETRIC_REPRESENTATION_CONTEXT ( 3 ) GLOBAL_UNCERTAINTY_ASSIGNED_CONTEXT ( ( #800 ) ) GLOBAL_UNIT_ASSIGNED_CONTEXT ( ( #2087, #2120, #2099 ) ) REPRESENTATION_CONTEXT ( 'NONE', 'WORKASPACE' ) );
#738 = PRESENTATION_STYLE_ASSIGNMENT (( #2110 ) ) ;
#739 = STYLED_ITEM ( 'NONE', ( #738 ), #1486 ) ;
#740 = PRESENTATION_STYLE_ASSIGNMENT (( #2112 ) ) ;
#741 = STYLED_ITEM ( 'NONE', ( #740 ), #1484 ) ;
#742 = CYLINDRICAL_SURFACE ( 'NONE', #297, 0.2559055118110238300 ) ;
#743 = FACE_BOUND ( 'NONE', #637, .T. ) ;
#744 = LENGTH_MEASURE_WITH_UNIT ( LENGTH_MEASURE( 0.02539999999999999900 ), #2040 );
#745 = STYLED_ITEM ( 'NONE', ( #1410 ), #1480 ) ;
#746 =( GEOMETRIC_REPRESENTATION_CONTEXT ( 3 ) GLOBAL_UNCERTAINTY_ASSIGNED_CONTEXT ( ( #801 ) ) GLOBAL_UNIT_ASSIGNED_CONTEXT ( ( #2023, #2014, #2011 ) ) REPRESENTATION_CONTEXT ( 'NONE', 'WORKASPACE' ) );
#747 = FACE_OUTER_BOUND ( 'NONE', #618, .T. ) ;
#748 = SURFACE_STYLE_FILL_AREA ( #2058 ) ;
#749 = FACE_BOUND ( 'NONE', #672, .T. ) ;
#750 = FACE_BOUND ( 'NONE', #645, .T. ) ;
#751 = FACE_BOUND ( 'NONE', #669, .T. ) ;
#752 = FACE_BOUND ( 'NONE', #657, .T. ) ;
#753 = FACE_BOUND ( 'NONE', #650, .T. ) ;
#754 = STYLED_ITEM ( 'NONE', ( #768 ), #1482 ) ;
#755 = LENGTH_MEASURE_WITH_UNIT ( LENGTH_MEASURE( 0.02539999999999999900 ), #2019 );
#756 = FACE_BOUND ( 'NONE', #678, .T. ) ;
#757 = CYLINDRICAL_SURFACE ( 'NONE', #292, 0.7874015748031496500 ) ;
#758 = FACE_BOUND ( 'NONE', #656, .T. ) ;
#759 = FACE_OUTER_BOUND ( 'NONE', #639, .T. ) ;
#760 = SURFACE_STYLE_FILL_AREA ( #2028 ) ;
#761 = FACE_BOUND ( 'NONE', #642, .T. ) ;
#762 = PRESENTATION_STYLE_ASSIGNMENT (( #2013 ) ) ;
#763 = FACE_BOUND ( 'NONE', #628, .T. ) ;
#764 = FACE_BOUND ( 'NONE', #631, .T. ) ;
#765 = FACE_BOUND ( 'NONE', #617, .T. ) ;
#766 = FACE_OUTER_BOUND ( 'NONE', #627, .T. ) ;
#767 = LENGTH_MEASURE_WITH_UNIT ( LENGTH_MEASURE( 0.02539999999999999900 ), #2018 );
#768 = PRESENTATION_STYLE_ASSIGNMENT (( #2015 ) ) ;
#769 = FACE_BOUND ( 'NONE', #675, .T. ) ;
#770 = COLOUR_RGB ( '',0.6274509803921568500, 0.6274509803921568500, 0.6274509803921568500 ) ;
#771 =( GEOMETRIC_REPRESENTATION_CONTEXT ( 3 ) GLOBAL_UNCERTAINTY_ASSIGNED_CONTEXT ( ( #798 ) ) GLOBAL_UNIT_ASSIGNED_CONTEXT ( ( #2017, #2032, #2047 ) ) REPRESENTATION_CONTEXT ( 'NONE', 'WORKASPACE' ) );
#772 =( GEOMETRIC_REPRESENTATION_CONTEXT ( 3 ) GLOBAL_UNCERTAINTY_ASSIGNED_CONTEXT ( ( #799 ) ) GLOBAL_UNIT_ASSIGNED_CONTEXT ( ( #2049, #2060, #2035 ) ) REPRESENTATION_CONTEXT ( 'NONE', 'WORKASPACE' ) );
#773 = FACE_BOUND ( 'NONE', #674, .T. ) ;
#774 = SURFACE_STYLE_FILL_AREA ( #2085 ) ;
#775 = FACE_OUTER_BOUND ( 'NONE', #658, .T. ) ;
#776 = FACE_OUTER_BOUND ( 'NONE', #622, .T. ) ;
#777 = COLOUR_RGB ( '',0.6274509803921568500, 0.6274509803921568500, 0.6274509803921568500 ) ;
#778 = FACE_BOUND ( 'NONE', #666, .T. ) ;
#779 = STYLED_ITEM ( 'NONE', ( #762 ), #1481 ) ;
#780 = COLOUR_RGB ( '',0.6274509803921568500, 0.6274509803921568500, 0.6274509803921568500 ) ;
#781 = STYLED_ITEM ( 'NONE', ( #782 ), #1483 ) ;
#782 = PRESENTATION_STYLE_ASSIGNMENT (( #2095 ) ) ;
#783 = SURFACE_STYLE_FILL_AREA ( #2115 ) ;
#784 = LENGTH_MEASURE_WITH_UNIT ( LENGTH_MEASURE( 0.02539999999999999900 ), #2105 );
#785 = PRODUCT_DEFINITION_CONTEXT ( 'detailed design', #1260, 'design' ) ;
#786 = PRODUCT_DEFINITION_SHAPE ( 'NONE', 'NONE',  #892 ) ;
#787 = UNCERTAINTY_MEASURE_WITH_UNIT (LENGTH_MEASURE( 1.000000000000000100E-005 ), #1662, 'distance_accuracy_value', 'NONE');
#788 = MANIFOLD_SOLID_BREP ( 'Cut-Extrude1', #330 ) ;
#789 = B_SPLINE_CURVE_WITH_KNOTS ( 'NONE', 3,
 ( #1758, #1780, #1767, #1754 ),
 .UNSPECIFIED., .F., .F.,
 ( 4, 4 ),
 ( 0.0000000000000000000, 1.000000000000000000 ),
 .UNSPECIFIED. ) ;
#790 = UNCERTAINTY_MEASURE_WITH_UNIT (LENGTH_MEASURE( 1.000000000000000100E-005 ), #2021, 'distance_accuracy_value', 'NONE');
#791 = B_SPLINE_CURVE_WITH_KNOTS ( 'NONE', 3,
 ( #1829, #1816, #1804, #1827 ),
 .UNSPECIFIED., .F., .F.,
 ( 4, 4 ),
 ( 0.0000000000000000000, 1.000000000000000000 ),
 .UNSPECIFIED. ) ;
#792 = UNCERTAINTY_MEASURE_WITH_UNIT (LENGTH_MEASURE( 1.000000000000000100E-005 ), #2065, 'distance_accuracy_value', 'NONE');
#793 = UNCERTAINTY_MEASURE_WITH_UNIT (LENGTH_MEASURE( 1.000000000000000100E-005 ), #2183, 'distance_accuracy_value', 'NONE');
#794 = UNCERTAINTY_MEASURE_WITH_UNIT (LENGTH_MEASURE( 1.000000000000000100E-005 ), #2148, 'distance_accuracy_value', 'NONE');
#795 = UNCERTAINTY_MEASURE_WITH_UNIT (LENGTH_MEASURE( 1.000000000000000100E-005 ), #2225, 'distance_accuracy_value', 'NONE');
#796 = UNCERTAINTY_MEASURE_WITH_UNIT (LENGTH_MEASURE( 1.000000000000000100E-005 ), #2117, 'distance_accuracy_value', 'NONE');
#797 = UNCERTAINTY_MEASURE_WITH_UNIT (LENGTH_MEASURE( 1.000000000000000100E-005 ), #2145, 'distance_accuracy_value', 'NONE');
#798 = UNCERTAINTY_MEASURE_WITH_UNIT (LENGTH_MEASURE( 1.000000000000000100E-005 ), #2017, 'distance_accuracy_value', 'NONE');
#799 = UNCERTAINTY_MEASURE_WITH_UNIT (LENGTH_MEASURE( 1.000000000000000100E-005 ), #2049, 'distance_accuracy_value', 'NONE');
#800 = UNCERTAINTY_MEASURE_WITH_UNIT (LENGTH_MEASURE( 1.000000000000000100E-005 ), #2087, 'distance_accuracy_value', 'NONE');
#801 = UNCERTAINTY_MEASURE_WITH_UNIT (LENGTH_MEASURE( 1.000000000000000100E-005 ), #2023, 'distance_accuracy_value', 'NONE');
#802 = AXIS2_PLACEMENT_3D ( 'NONE', #1742, #1750, #1751 ) ;
#803 = AXIS2_PLACEMENT_3D ( 'NONE', #1777, #1790, #1808 ) ;
#804 = AXIS2_PLACEMENT_3D ( 'NONE', #1766, #1788, #1817 ) ;
#805 = EDGE_CURVE ( 'NONE', #1569, #1571, #711, .T. ) ;
#806 = AXIS2_PLACEMENT_3D ( 'NONE', #1727, #1782, #1768 ) ;
#807 = AXIS2_PLACEMENT_3D ( 'NONE', #1826, #1809, #1791 ) ;
#808 = EDGE_CURVE ( 'NONE', #1684, #1637, #692, .T. ) ;
#809 = EDGE_CURVE ( 'NONE', #1629, #1560, #687, .T. ) ;
#810 = EDGE_CURVE ( 'NONE', #1560, #1567, #350, .T. ) ;
#811 = EDGE_CURVE ( 'NONE', #1566, #1556, #713, .T. ) ;
#812 = EDGE_CURVE ( 'NONE', #1668, #1661, #706, .T. ) ;
#813 = EDGE_CURVE ( 'NONE', #1587, #1600, #720, .T. ) ;
#814 = EDGE_CURVE ( 'NONE', #1623, #1587, #688, .T. ) ;
#815 = EDGE_CURVE ( 'NONE', #1632, #1672, #686, .T. ) ;
#816 = EDGE_CURVE ( 'NONE', #1634, #1615, #697, .T. ) ;
#817 = EDGE_CURVE ( 'NONE', #1561, #1565, #699, .T. ) ;
#818 = EDGE_CURVE ( 'NONE', #1606, #1607, #698, .T. ) ;
#819 = EDGE_CURVE ( 'NONE', #1593, #1625, #702, .T. ) ;
#820 = EDGE_CURVE ( 'NONE', #1659, #1668, #689, .T. ) ;
#821 = EDGE_CURVE ( 'NONE', #1676, #1569, #717, .T. ) ;
#822 = EDGE_CURVE ( 'NONE', #1655, #1560, #693, .T. ) ;
#823 = EDGE_CURVE ( 'NONE', #1557, #1570, #704, .T. ) ;
#824 = EDGE_CURVE ( 'NONE', #1651, #1625, #709, .T. ) ;
#825 = EDGE_CURVE ( 'NONE', #1557, #1566, #707, .T. ) ;
#826 = MECHANICAL_DESIGN_GEOMETRIC_PRESENTATION_REPRESENTATION (  '', ( #719 ), #682 ) ;
#827 = AXIS2_PLACEMENT_3D ( 'NONE', #1671, #1657, #1660 ) ;
#828 = AXIS2_PLACEMENT_3D ( 'NONE', #1648, #1653, #1682 ) ;
#829 = AXIS2_PLACEMENT_3D ( 'NONE', #1689, #1666, #1681 ) ;
#830 = AXIS2_PLACEMENT_3D ( 'NONE', #1724, #1716, #1717 ) ;
#831 = AXIS2_PLACEMENT_3D ( 'NONE', #1692, #1685, #1664 ) ;
#832 = AXIS2_PLACEMENT_3D ( 'NONE', #1710, #1700, #1701 ) ;
#833 = AXIS2_PLACEMENT_3D ( 'NONE', #1979, #1983, #1965 ) ;
#834 = AXIS2_PLACEMENT_3D ( 'NONE', #1697, #1699, #1736 ) ;
#835 = AXIS2_PLACEMENT_3D ( 'NONE', #1779, #1778, #1752 ) ;
#836 = AXIS2_PLACEMENT_3D ( 'NONE', #1725, #1711, #1714 ) ;
#837 = AXIS2_PLACEMENT_3D ( 'NONE', #1741, #1823, #1810 ) ;
#838 = AXIS2_PLACEMENT_3D ( 'NONE', #1707, #1721, #1730 ) ;
#839 = PRESENTATION_LAYER_ASSIGNMENT (  '', '', ( #719 ) ) ;
#840 = EDGE_CURVE ( 'NONE', #1565, #1659, #723, .T. ) ;
#841 = AXIS2_PLACEMENT_3D ( 'NONE', #1792, #1820, #1807 ) ;
#842 = AXIS2_PLACEMENT_3D ( 'NONE', #1680, #1647, #1732 ) ;
#843 = EDGE_CURVE ( 'NONE', #1684, #1573, #329, .T. ) ;
#844 = EDGE_CURVE ( 'NONE', #1637, #1567, #1274, .T. ) ;
#845 = EDGE_CURVE ( 'NONE', #1592, #1591, #1270, .T. ) ;
#846 = EDGE_CURVE ( 'NONE', #1592, #1641, #1275, .T. ) ;
#847 = AXIS2_PLACEMENT_3D ( 'NONE', #1746, #1762, #1763 ) ;
#848 = AXIS2_PLACEMENT_3D ( 'NONE', #1970, #1974, #2007 ) ;
#849 = AXIS2_PLACEMENT_3D ( 'NONE', #1821, #1814, #1793 ) ;
#850 = AXIS2_PLACEMENT_3D ( 'NONE', #1799, #1815, #1789 ) ;
#851 = AXIS2_PLACEMENT_3D ( 'NONE', #1719, #1728, #1729 ) ;
#852 = EDGE_CURVE ( 'NONE', #1562, #1572, #1265, .T. ) ;
#853 = AXIS2_PLACEMENT_3D ( 'NONE', #1743, #1755, #1761 ) ;
#854 = EDGE_CURVE ( 'NONE', #1674, #1676, #1296, .T. ) ;
#855 = EDGE_CURVE ( 'NONE', #1623, #1612, #1297, .T. ) ;
#856 = EDGE_CURVE ( 'NONE', #1672, #1590, #1277, .T. ) ;
#857 = EDGE_CURVE ( 'NONE', #1630, #1588, #1267, .T. ) ;
#858 = EDGE_CURVE ( 'NONE', #1641, #1684, #1271, .T. ) ;
#859 = AXIS2_PLACEMENT_3D ( 'NONE', #1669, #1683, #1677 ) ;
#860 = AXIS2_PLACEMENT_3D ( 'NONE', #1645, #1654, #1646 ) ;
#861 = AXIS2_PLACEMENT_3D ( 'NONE', #1748, #1738, #1749 ) ;
#862 = AXIS2_PLACEMENT_3D ( 'NONE', #1773, #1776, #1775 ) ;
#863 = EDGE_CURVE ( 'NONE', #1568, #1564, #1299, .T. ) ;
#864 = EDGE_CURVE ( 'NONE', #1651, #1675, #1279, .T. ) ;
#865 = AXIS2_PLACEMENT_3D ( 'NONE', #1951, #1929, #1930 ) ;
#866 = AXIS2_PLACEMENT_3D ( 'NONE', #1805, #1806, #1825 ) ;
#867 = AXIS2_PLACEMENT_3D ( 'NONE', #1863, #1839, #1845 ) ;
#868 = AXIS2_PLACEMENT_3D ( 'NONE', #1872, #1881, #1914 ) ;
#869 = AXIS2_PLACEMENT_3D ( 'NONE', #1800, #1822, #1824 ) ;
#870 = AXIS2_PLACEMENT_3D ( 'NONE', #1856, #1833, #1840 ) ;
#871 = AXIS2_PLACEMENT_3D ( 'NONE', #1860, #1857, #1864 ) ;
#872 = AXIS2_PLACEMENT_3D ( 'NONE', #1850, #1878, #1887 ) ;
#873 = AXIS2_PLACEMENT_3D ( 'NONE', #1915, #1889, #1894 ) ;
#874 = AXIS2_PLACEMENT_3D ( 'NONE', #1938, #1964, #1948 ) ;
#875 = AXIS2_PLACEMENT_3D ( 'NONE', #1903, #1886, #1913 ) ;
#876 = AXIS2_PLACEMENT_3D ( 'NONE', #2008, #2005, #1995 ) ;
#877 = AXIS2_PLACEMENT_3D ( 'NONE', #1910, #1947, #1963 ) ;
#878 = AXIS2_PLACEMENT_3D ( 'NONE', #1980, #1968, #1982 ) ;
#879 = AXIS2_PLACEMENT_3D ( 'NONE', #1953, #1957, #1927 ) ;
#880 = AXIS2_PLACEMENT_3D ( 'NONE', #1837, #1849, #1869 ) ;
#881 = AXIS2_PLACEMENT_3D ( 'NONE', #1908, #1922, #1955 ) ;
#882 = AXIS2_PLACEMENT_3D ( 'NONE', #1932, #1956, #1962 ) ;
#883 = AXIS2_PLACEMENT_3D ( 'NONE', #1945, #1920, #1960 ) ;
#884 = AXIS2_PLACEMENT_3D ( 'NONE', #1830, #1838, #1831 ) ;
#885 = AXIS2_PLACEMENT_3D ( 'NONE', #1861, #1836, #1841 ) ;
#886 = AXIS2_PLACEMENT_3D ( 'NONE', #1900, #1893, #1904 ) ;
#887 = AXIS2_PLACEMENT_3D ( 'NONE', #1936, #1954, #1941 ) ;
#888 = AXIS2_PLACEMENT_3D ( 'NONE', #1997, #1993, #1975 ) ;
#889 = AXIS2_PLACEMENT_3D ( 'NONE', #1958, #1931, #1959 ) ;
#890 = AXIS2_PLACEMENT_3D ( 'NONE', #1939, #1981, #2006 ) ;
#891 = AXIS2_PLACEMENT_3D ( 'NONE', #1937, #1944, #1952 ) ;
#892 = PRODUCT_DEFINITION ( 'UNKNOWN', '', #894, #785 ) ;
#893 = AXIS2_PLACEMENT_3D ( 'NONE', #1943, #1987, #1992 ) ;
#894 = PRODUCT_DEFINITION_FORMATION_WITH_SPECIFIED_SOURCE ( 'ANY', '', #1137, .NOT_KNOWN. ) ;
#895 = UNCERTAINTY_MEASURE_WITH_UNIT (LENGTH_MEASURE( 1.000000000000000100E-005 ), #2482, 'distance_accuracy_value', 'NONE');
#896 = UNCERTAINTY_MEASURE_WITH_UNIT (LENGTH_MEASURE( 1.000000000000000100E-005 ), #2212, 'distance_accuracy_value', 'NONE');
#897 = UNCERTAINTY_MEASURE_WITH_UNIT (LENGTH_MEASURE( 1.000000000000000100E-005 ), #2278, 'distance_accuracy_value', 'NONE');
#898 = UNCERTAINTY_MEASURE_WITH_UNIT (LENGTH_MEASURE( 1.000000000000000100E-005 ), #2443, 'distance_accuracy_value', 'NONE');
#899 = UNCERTAINTY_MEASURE_WITH_UNIT (LENGTH_MEASURE( 1.000000000000000100E-005 ), #2352, 'distance_accuracy_value', 'NONE');
#900 = UNCERTAINTY_MEASURE_WITH_UNIT (LENGTH_MEASURE( 1.000000000000000100E-005 ), #2369, 'distance_accuracy_value', 'NONE');
#901 = UNCERTAINTY_MEASURE_WITH_UNIT (LENGTH_MEASURE( 1.000000000000000100E-005 ), #2328, 'distance_accuracy_value', 'NONE');
#902 = UNCERTAINTY_MEASURE_WITH_UNIT (LENGTH_MEASURE( 1.000000000000000100E-005 ), #2401, 'distance_accuracy_value', 'NONE');
#903 = UNCERTAINTY_MEASURE_WITH_UNIT (LENGTH_MEASURE( 1.000000000000000100E-005 ), #2459, 'distance_accuracy_value', 'NONE');
#904 = UNCERTAINTY_MEASURE_WITH_UNIT (LENGTH_MEASURE( 1.000000000000000100E-005 ), #2487, 'distance_accuracy_value', 'NONE');
#905 = UNCERTAINTY_MEASURE_WITH_UNIT (LENGTH_MEASURE( 1.000000000000000100E-005 ), #2269, 'distance_accuracy_value', 'NONE');
#906 = UNCERTAINTY_MEASURE_WITH_UNIT (LENGTH_MEASURE( 1.000000000000000100E-005 ), #2438, 'distance_accuracy_value', 'NONE');
#907 = UNCERTAINTY_MEASURE_WITH_UNIT (LENGTH_MEASURE( 1.000000000000000100E-005 ), #2519, 'distance_accuracy_value', 'NONE');
#908 = UNCERTAINTY_MEASURE_WITH_UNIT (LENGTH_MEASURE( 1.000000000000000100E-005 ), #2507, 'distance_accuracy_value', 'NONE');
#909 = UNCERTAINTY_MEASURE_WITH_UNIT (LENGTH_MEASURE( 1.000000000000000100E-005 ), #2195, 'distance_accuracy_value', 'NONE');
#910 = UNCERTAINTY_MEASURE_WITH_UNIT (LENGTH_MEASURE( 1.000000000000000100E-005 ), #2291, 'distance_accuracy_value', 'NONE');
#911 = UNCERTAINTY_MEASURE_WITH_UNIT (LENGTH_MEASURE( 1.000000000000000100E-005 ), #2298, 'distance_accuracy_value', 'NONE');
#912 = UNCERTAINTY_MEASURE_WITH_UNIT (LENGTH_MEASURE( 1.000000000000000100E-005 ), #2342, 'distance_accuracy_value', 'NONE');
#913 = UNCERTAINTY_MEASURE_WITH_UNIT (LENGTH_MEASURE( 1.000000000000000100E-005 ), #2268, 'distance_accuracy_value', 'NONE');
#914 = UNCERTAINTY_MEASURE_WITH_UNIT (LENGTH_MEASURE( 1.000000000000000100E-005 ), #2368, 'distance_accuracy_value', 'NONE');
#915 = UNCERTAINTY_MEASURE_WITH_UNIT (LENGTH_MEASURE( 1.000000000000000100E-005 ), #2398, 'distance_accuracy_value', 'NONE');
#916 = UNCERTAINTY_MEASURE_WITH_UNIT (LENGTH_MEASURE( 1.000000000000000100E-005 ), #2307, 'distance_accuracy_value', 'NONE');
#917 = UNCERTAINTY_MEASURE_WITH_UNIT (LENGTH_MEASURE( 1.000000000000000100E-005 ), #2237, 'distance_accuracy_value', 'NONE');
#918 = UNCERTAINTY_MEASURE_WITH_UNIT (LENGTH_MEASURE( 1.000000000000000100E-005 ), #2316, 'distance_accuracy_value', 'NONE');
#919 = UNCERTAINTY_MEASURE_WITH_UNIT (LENGTH_MEASURE( 1.000000000000000100E-005 ), #2430, 'distance_accuracy_value', 'NONE');
#920 = UNCERTAINTY_MEASURE_WITH_UNIT (LENGTH_MEASURE( 1.000000000000000100E-005 ), #2217, 'distance_accuracy_value', 'NONE');
#921 = UNCERTAINTY_MEASURE_WITH_UNIT (LENGTH_MEASURE( 1.000000000000000100E-005 ), #2456, 'distance_accuracy_value', 'NONE');
#922 = LENGTH_MEASURE_WITH_UNIT ( LENGTH_MEASURE( 0.02539999999999999900 ), #2170 );
#923 =( GEOMETRIC_REPRESENTATION_CONTEXT ( 3 ) GLOBAL_UNCERTAINTY_ASSIGNED_CONTEXT ( ( #794 ) ) GLOBAL_UNIT_ASSIGNED_CONTEXT ( ( #2148, #2143, #2155 ) ) REPRESENTATION_CONTEXT ( 'NONE', 'WORKASPACE' ) );
#924 = CYLINDRICAL_SURFACE ( 'NONE', #302, 0.7874015748031496500 ) ;
#925 = MECHANICAL_DESIGN_GEOMETRIC_PRESENTATION_REPRESENTATION (  '', ( #245 ), #233 ) ;
#926 = AXIS2_PLACEMENT_3D ( 'NONE', #2463, #2468, #2497 ) ;
#927 = MECHANICAL_DESIGN_GEOMETRIC_PRESENTATION_REPRESENTATION (  '', ( #229 ), #235 ) ;
#928 = MECHANICAL_DESIGN_GEOMETRIC_PRESENTATION_REPRESENTATION (  '', ( #224 ), #203 ) ;
#929 = AXIS2_PLACEMENT_3D ( 'NONE', #2466, #2479, #2469 ) ;
#930 = MECHANICAL_DESIGN_GEOMETRIC_PRESENTATION_REPRESENTATION (  '', ( #223 ), #211 ) ;
#931 = AXIS2_PLACEMENT_3D ( 'NONE', #2512, #2514, #2503 ) ;
#932 = PRESENTATION_LAYER_ASSIGNMENT (  '', '', ( #224 ) ) ;
#933 = PRESENTATION_LAYER_ASSIGNMENT (  '', '', ( #227 ) ) ;
#934 = MECHANICAL_DESIGN_GEOMETRIC_PRESENTATION_REPRESENTATION (  '', ( #227 ), #243 ) ;
#935 = PRESENTATION_LAYER_ASSIGNMENT (  '', '', ( #229 ) ) ;
#936 = AXIS2_PLACEMENT_3D ( 'NONE', #1553, #1554, #1555 ) ;
#937 = AXIS2_PLACEMENT_3D ( 'NONE', #2516, #2502, #2525 ) ;
#938 = PRESENTATION_LAYER_ASSIGNMENT (  '', '', ( #245 ) ) ;
#939 = PRESENTATION_LAYER_ASSIGNMENT (  '', '', ( #223 ) ) ;
#940 = PRESENTATION_LAYER_ASSIGNMENT (  '', '', ( #202 ) ) ;
#941 = MECHANICAL_DESIGN_GEOMETRIC_PRESENTATION_REPRESENTATION (  '', ( #202 ), #216 ) ;
#942 = AXIS2_PLACEMENT_3D ( 'NONE', #2483, #2485, #2486 ) ;
#943 = PRESENTATION_LAYER_ASSIGNMENT (  '', '', ( #167 ) ) ;
#944 = MECHANICAL_DESIGN_GEOMETRIC_PRESENTATION_REPRESENTATION (  '', ( #167 ), #179 ) ;
#945 = PRESENTATION_LAYER_ASSIGNMENT (  '', '', ( #190 ) ) ;
#946 = MECHANICAL_DESIGN_GEOMETRIC_PRESENTATION_REPRESENTATION (  '', ( #174 ), #155 ) ;
#947 = PRESENTATION_LAYER_ASSIGNMENT (  '', '', ( #132 ) ) ;
#948 = AXIS2_PLACEMENT_3D ( 'NONE', #2422, #2420, #2433 ) ;
#949 = PRESENTATION_LAYER_ASSIGNMENT (  '', '', ( #200 ) ) ;
#950 = PRESENTATION_LAYER_ASSIGNMENT (  '', '', ( #182 ) ) ;
#951 = AXIS2_PLACEMENT_3D ( 'NONE', #2404, #2462, #2454 ) ;
#952 = AXIS2_PLACEMENT_3D ( 'NONE', #2473, #2467, #2495 ) ;
#953 = MECHANICAL_DESIGN_GEOMETRIC_PRESENTATION_REPRESENTATION (  '', ( #153 ), #175 ) ;
#954 = AXIS2_PLACEMENT_3D ( 'NONE', #2359, #2383, #2423 ) ;
#955 = PRESENTATION_LAYER_ASSIGNMENT (  '', '', ( #174 ) ) ;
#956 = PRESENTATION_LAYER_ASSIGNMENT (  '', '', ( #153 ) ) ;
#957 = MECHANICAL_DESIGN_GEOMETRIC_PRESENTATION_REPRESENTATION (  '', ( #132 ), #176 ) ;
#958 = AXIS2_PLACEMENT_3D ( 'NONE', #2399, #2402, #2427 ) ;
#959 = MECHANICAL_DESIGN_GEOMETRIC_PRESENTATION_REPRESENTATION (  '', ( #190 ), #181 ) ;
#960 = AXIS2_PLACEMENT_3D ( 'NONE', #2435, #2426, #2436 ) ;
#961 = MECHANICAL_DESIGN_GEOMETRIC_PRESENTATION_REPRESENTATION (  '', ( #200 ), #194 ) ;
#962 = AXIS2_PLACEMENT_3D ( 'NONE', #2439, #2432, #2396 ) ;
#963 = MECHANICAL_DESIGN_GEOMETRIC_PRESENTATION_REPRESENTATION (  '', ( #182 ), #195 ) ;
#964 = SURFACE_STYLE_FILL_AREA ( #2126 ) ;
#965 = FACE_OUTER_BOUND ( 'NONE', #667, .T. ) ;
#966 = CYLINDRICAL_SURFACE ( 'NONE', #300, 0.7874015748031503200 ) ;
#967 = FACE_OUTER_BOUND ( 'NONE', #620, .T. ) ;
#968 = LENGTH_MEASURE_WITH_UNIT ( LENGTH_MEASURE( 0.02539999999999999900 ), #2160 );
#969 = LENGTH_MEASURE_WITH_UNIT ( LENGTH_MEASURE( 0.02539999999999999900 ), #2175 );
#970 =( GEOMETRIC_REPRESENTATION_CONTEXT ( 3 ) GLOBAL_UNCERTAINTY_ASSIGNED_CONTEXT ( ( #797 ) ) GLOBAL_UNIT_ASSIGNED_CONTEXT ( ( #2145, #2135, #2125 ) ) REPRESENTATION_CONTEXT ( 'NONE', 'WORKASPACE' ) );
#971 = CYLINDRICAL_SURFACE ( 'NONE', #286, 0.2559055118110238300 ) ;
#972 = FACE_OUTER_BOUND ( 'NONE', #644, .T. ) ;
#973 = CYLINDRICAL_SURFACE ( 'NONE', #280, 0.2559055118110238300 ) ;
#974 = PRESENTATION_STYLE_ASSIGNMENT (( #2162 ) ) ;
#975 = SURFACE_STYLE_FILL_AREA ( #2169 ) ;
#976 = FACE_OUTER_BOUND ( 'NONE', #676, .T. ) ;
#977 = COLOUR_RGB ( '',0.6274509803921568500, 0.6274509803921568500, 0.6274509803921568500 ) ;
#978 = STYLED_ITEM ( 'NONE', ( #974 ), #1489 ) ;
#979 = LENGTH_MEASURE_WITH_UNIT ( LENGTH_MEASURE( 0.02539999999999999900 ), #2151 );
#980 =( GEOMETRIC_REPRESENTATION_CONTEXT ( 3 ) GLOBAL_UNCERTAINTY_ASSIGNED_CONTEXT ( ( #327 ) ) GLOBAL_UNIT_ASSIGNED_CONTEXT ( ( #2163, #2156, #2144 ) ) REPRESENTATION_CONTEXT ( 'NONE', 'WORKASPACE' ) );
#981 = COLOUR_RGB ( '',0.6274509803921568500, 0.6274509803921568500, 0.6274509803921568500 ) ;
#982 = SURFACE_STYLE_FILL_AREA ( #2142 ) ;
#983 = COLOUR_RGB ( '',0.6274509803921568500, 0.6274509803921568500, 0.6274509803921568500 ) ;
#984 = PRESENTATION_STYLE_ASSIGNMENT (( #2171 ) ) ;
#985 = FACE_OUTER_BOUND ( 'NONE', #640, .T. ) ;
#986 = STYLED_ITEM ( 'NONE', ( #990 ), #1491 ) ;
#987 =( GEOMETRIC_REPRESENTATION_CONTEXT ( 3 ) GLOBAL_UNCERTAINTY_ASSIGNED_CONTEXT ( ( #328 ) ) GLOBAL_UNIT_ASSIGNED_CONTEXT ( ( #2140, #2146, #2164 ) ) REPRESENTATION_CONTEXT ( 'NONE', 'WORKASPACE' ) );
#988 = LENGTH_MEASURE_WITH_UNIT ( LENGTH_MEASURE( 0.02539999999999999900 ), #2177 );
#989 = STYLED_ITEM ( 'NONE', ( #984 ), #1490 ) ;
#990 = PRESENTATION_STYLE_ASSIGNMENT (( #2166 ) ) ;
#991 = AXIS2_PLACEMENT_3D ( 'NONE', #2339, #2332, #2290 ) ;
#992 = PRESENTATION_LAYER_ASSIGNMENT (  '', '', ( #78 ) ) ;
#993 = AXIS2_PLACEMENT_3D ( 'NONE', #2296, #2329, #2335 ) ;
#994 = PRESENTATION_LAYER_ASSIGNMENT (  '', '', ( #125 ) ) ;
#995 = MECHANICAL_DESIGN_GEOMETRIC_PRESENTATION_REPRESENTATION (  '', ( #92 ), #89 ) ;
#996 = MECHANICAL_DESIGN_GEOMETRIC_PRESENTATION_REPRESENTATION (  '', ( #78 ), #103 ) ;
#997 = AXIS2_PLACEMENT_3D ( 'NONE', #2318, #2346, #2382 ) ;
#998 = AXIS2_PLACEMENT_3D ( 'NONE', #2334, #2308, #2305 ) ;
#999 = PRESENTATION_LAYER_ASSIGNMENT (  '', '', ( #71 ) ) ;
#1000 = MECHANICAL_DESIGN_GEOMETRIC_PRESENTATION_REPRESENTATION (  '', ( #71 ), #81 ) ;
#1001 = PRESENTATION_LAYER_ASSIGNMENT (  '', '', ( #80 ) ) ;
#1002 = AXIS2_PLACEMENT_3D ( 'NONE', #2321, #2327, #2336 ) ;
#1003 = AXIS2_PLACEMENT_3D ( 'NONE', #2319, #2299, #2301 ) ;
#1004 = PRESENTATION_LAYER_ASSIGNMENT (  '', '', ( #114 ) ) ;
#1005 = MECHANICAL_DESIGN_GEOMETRIC_PRESENTATION_REPRESENTATION (  '', ( #80 ), #97 ) ;
#1006 = AXIS2_PLACEMENT_3D ( 'NONE', #2356, #2347, #2340 ) ;
#1007 = MECHANICAL_DESIGN_GEOMETRIC_PRESENTATION_REPRESENTATION (  '', ( #114 ), #140 ) ;
#1008 = AXIS2_PLACEMENT_3D ( 'NONE', #2354, #2370, #2355 ) ;
#1009 = PRESENTATION_LAYER_ASSIGNMENT (  '', '', ( #109 ) ) ;
#1010 = AXIS2_PLACEMENT_3D ( 'NONE', #2259, #2267, #2273 ) ;
#1011 = PRESENTATION_LAYER_ASSIGNMENT (  '', '', ( #92 ) ) ;
#1012 = PRESENTATION_LAYER_ASSIGNMENT (  '', '', ( #141 ) ) ;
#1013 = PRESENTATION_LAYER_ASSIGNMENT (  '', '', ( #151 ) ) ;
#1014 = MECHANICAL_DESIGN_GEOMETRIC_PRESENTATION_REPRESENTATION (  '', ( #109 ), #127 ) ;
#1015 = MECHANICAL_DESIGN_GEOMETRIC_PRESENTATION_REPRESENTATION (  '', ( #151 ), #149 ) ;
#1016 = PRESENTATION_LAYER_ASSIGNMENT (  '', '', ( #238 ) ) ;
#1017 = MECHANICAL_DESIGN_GEOMETRIC_PRESENTATION_REPRESENTATION (  '', ( #141 ), #130 ) ;
#1018 = AXIS2_PLACEMENT_3D ( 'NONE', #2478, #2517, #1144 ) ;
#1019 = AXIS2_PLACEMENT_3D ( 'NONE', #2330, #2325, #2288 ) ;
#1020 = MECHANICAL_DESIGN_GEOMETRIC_PRESENTATION_REPRESENTATION (  '', ( #125 ), #107 ) ;
#1021 = AXIS2_PLACEMENT_3D ( 'NONE', #2357, #2391, #2366 ) ;
#1022 = AXIS2_PLACEMENT_3D ( 'NONE', #2388, #2377, #2372 ) ;
#1023 = MECHANICAL_DESIGN_GEOMETRIC_PRESENTATION_REPRESENTATION (  '', ( #238 ), #251 ) ;
#1024 = EDGE_CURVE ( 'NONE', #1588, #1565, #1272, .T. ) ;
#1025 = EDGE_CURVE ( 'NONE', #1661, #1629, #1301, .T. ) ;
#1026 = EDGE_CURVE ( 'NONE', #1584, #1557, #1280, .T. ) ;
#1027 = EDGE_CURVE ( 'NONE', #1617, #1581, #1283, .T. ) ;
#1028 = EDGE_CURVE ( 'NONE', #1605, #1596, #1284, .T. ) ;
#1029 = EDGE_CURVE ( 'NONE', #1609, #1621, #1286, .T. ) ;
#1030 = EDGE_CURVE ( 'NONE', #1580, #1627, #1288, .T. ) ;
#1031 = EDGE_CURVE ( 'NONE', #1598, #1583, #1295, .T. ) ;
#1032 = EDGE_CURVE ( 'NONE', #1616, #1598, #1281, .T. ) ;
#1033 = EDGE_CURVE ( 'NONE', #1573, #1605, #789, .T. ) ;
#1034 = EDGE_CURVE ( 'NONE', #1574, #1603, #1291, .T. ) ;
#1035 = EDGE_CURVE ( 'NONE', #1574, #1575, #1289, .T. ) ;
#1036 = EDGE_CURVE ( 'NONE', #1618, #1626, #1276, .T. ) ;
#1037 = EDGE_CURVE ( 'NONE', #1583, #1610, #1285, .T. ) ;
#1038 = EDGE_CURVE ( 'NONE', #1614, #1608, #1349, .T. ) ;
#1039 = EDGE_CURVE ( 'NONE', #1584, #1580, #1287, .T. ) ;
#1040 = EDGE_CURVE ( 'NONE', #1600, #1612, #1319, .T. ) ;
#1041 = EDGE_CURVE ( 'NONE', #1576, #1597, #1335, .T. ) ;
#1042 = EDGE_CURVE ( 'NONE', #1633, #1575, #1345, .T. ) ;
#1043 = EDGE_CURVE ( 'NONE', #1566, #1569, #1308, .T. ) ;
#1044 = EDGE_CURVE ( 'NONE', #1641, #1574, #1309, .T. ) ;
#1045 = EDGE_CURVE ( 'NONE', #1619, #1603, #1347, .T. ) ;
#1046 = EDGE_CURVE ( 'NONE', #1617, #1619, #1340, .T. ) ;
#1047 = EDGE_CURVE ( 'NONE', #1577, #1572, #1329, .T. ) ;
#1048 = EDGE_CURVE ( 'NONE', #1597, #1583, #1302, .T. ) ;
#1049 = EDGE_CURVE ( 'NONE', #1575, #1684, #791, .T. ) ;
#1050 = EDGE_CURVE ( 'NONE', #1610, #1584, #1342, .T. ) ;
#1051 = EDGE_CURVE ( 'NONE', #1585, #1605, #1336, .T. ) ;
#1052 = EDGE_CURVE ( 'NONE', #1638, #1614, #1330, .T. ) ;
#1053 = EDGE_CURVE ( 'NONE', #1626, #1594, #1307, .T. ) ;
#1054 = EDGE_CURVE ( 'NONE', #1581, #1585, #1331, .T. ) ;
#1055 = EDGE_CURVE ( 'NONE', #1610, #1627, #1320, .T. ) ;
#1056 = EDGE_CURVE ( 'NONE', #1626, #1595, #1315, .T. ) ;
#1057 = MECHANICAL_DESIGN_GEOMETRIC_PRESENTATION_REPRESENTATION (  '', ( #247 ), #726 ) ;
#1058 = EDGE_CURVE ( 'NONE', #1628, #1586, #1333, .T. ) ;
#1059 = EDGE_CURVE ( 'NONE', #1619, #1614, #1304, .T. ) ;
#1060 = EDGE_CURVE ( 'NONE', #1640, #1624, #1344, .T. ) ;
#1061 = EDGE_CURVE ( 'NONE', #1578, #1568, #1317, .T. ) ;
#1062 = EDGE_CURVE ( 'NONE', #1603, #1581, #1321, .T. ) ;
#1063 = EDGE_CURVE ( 'NONE', #1562, #1576, #1313, .T. ) ;
#1064 = AXIS2_PLACEMENT_3D ( 'NONE', #1252, #1264, #1258 ) ;
#1065 = EDGE_CURVE ( 'NONE', #1674, #1571, #1350, .T. ) ;
#1066 = EDGE_CURVE ( 'NONE', #1601, #1618, #1346, .T. ) ;
#1067 = EDGE_CURVE ( 'NONE', #1576, #1577, #1303, .T. ) ;
#1068 = EDGE_CURVE ( 'NONE', #1597, #1616, #1314, .T. ) ;
#1069 = EDGE_CURVE ( 'NONE', #1636, #1638, #1318, .T. ) ;
#1070 = EDGE_CURVE ( 'NONE', #1616, #1633, #1322, .T. ) ;
#1071 = EDGE_CURVE ( 'NONE', #1599, #1611, #1377, .T. ) ;
#1072 = EDGE_CURVE ( 'NONE', #1586, #1628, #1362, .T. ) ;
#1073 = EDGE_CURVE ( 'NONE', #1631, #1607, #1361, .T. ) ;
#1074 = EDGE_CURVE ( 'NONE', #1612, #1600, #1384, .T. ) ;
#1075 = EDGE_CURVE ( 'NONE', #1627, #1636, #1332, .T. ) ;
#1076 = EDGE_CURVE ( 'NONE', #1596, #1598, #1358, .T. ) ;
#1077 = EDGE_CURVE ( 'NONE', #1604, #1602, #1364, .T. ) ;
#1078 = EDGE_CURVE ( 'NONE', #1620, #1599, #1397, .T. ) ;
#1079 = EDGE_CURVE ( 'NONE', #1638, #1577, #1390, .T. ) ;
#1080 = EDGE_CURVE ( 'NONE', #1578, #1573, #1365, .T. ) ;
#1081 = EDGE_CURVE ( 'NONE', #1636, #1608, #1366, .T. ) ;
#1082 = EDGE_CURVE ( 'NONE', #1571, #1580, #1312, .T. ) ;
#1083 = EDGE_CURVE ( 'NONE', #1607, #1606, #1382, .T. ) ;
#1084 = EDGE_CURVE ( 'NONE', #1601, #1613, #1393, .T. ) ;
#1085 = EDGE_CURVE ( 'NONE', #1608, #1617, #1387, .T. ) ;
#1086 = EDGE_CURVE ( 'NONE', #1621, #1609, #1372, .T. ) ;
#1087 = EDGE_CURVE ( 'NONE', #1602, #1609, #1367, .T. ) ;
#1088 = EDGE_CURVE ( 'NONE', #1633, #1596, #1357, .T. ) ;
#1089 = EDGE_CURVE ( 'NONE', #1622, #1613, #1389, .T. ) ;
#1090 = EDGE_CURVE ( 'NONE', #1618, #1622, #1394, .T. ) ;
#1091 = EDGE_CURVE ( 'NONE', #1595, #1601, #1395, .T. ) ;
#1092 = EDGE_CURVE ( 'NONE', #1604, #1621, #1356, .T. ) ;
#1093 = EDGE_CURVE ( 'NONE', #1582, #1594, #1369, .T. ) ;
#1094 = EDGE_CURVE ( 'NONE', #1585, #1578, #1354, .T. ) ;
#1095 = EDGE_CURVE ( 'NONE', #1582, #1595, #1370, .T. ) ;
#1096 = EDGE_CURVE ( 'NONE', #1620, #1589, #1376, .T. ) ;
#1097 = EDGE_CURVE ( 'NONE', #1579, #1624, #1360, .T. ) ;
#1098 = EDGE_CURVE ( 'NONE', #1624, #1640, #1425, .T. ) ;
#1099 = EDGE_CURVE ( 'NONE', #1635, #1640, #1392, .T. ) ;
#1100 = EDGE_CURVE ( 'NONE', #1634, #1628, #1426, .T. ) ;
#1101 = EDGE_CURVE ( 'NONE', #1615, #1634, #1416, .T. ) ;
#1102 = EDGE_CURVE ( 'NONE', #1611, #1589, #1405, .T. ) ;
#1103 = EDGE_CURVE ( 'NONE', #1589, #1611, #1415, .T. ) ;
#1104 = EDGE_CURVE ( 'NONE', #1594, #1622, #1400, .T. ) ;
#1105 = EDGE_CURVE ( 'NONE', #1613, #1582, #1401, .T. ) ;
#1106 = EDGE_CURVE ( 'NONE', #1615, #1586, #1421, .T. ) ;
#1107 = EDGE_CURVE ( 'NONE', #1567, #1573, #1428, .T. ) ;
#1108 = EDGE_CURVE ( 'NONE', #1579, #1635, #1414, .T. ) ;
#1109 = EDGE_CURVE ( 'NONE', #1668, #1588, #1403, .T. ) ;
#1110 = EDGE_CURVE ( 'NONE', #1637, #1629, #1424, .T. ) ;
#1111 = EDGE_CURVE ( 'NONE', #1659, #1655, #1417, .T. ) ;
#1112 = EDGE_CURVE ( 'NONE', #1602, #1604, #1430, .T. ) ;
#1113 = EDGE_CURVE ( 'NONE', #1625, #1593, #1409, .T. ) ;
#1114 = EDGE_CURVE ( 'NONE', #1575, #1605, #1404, .T. ) ;
#1115 = EDGE_CURVE ( 'NONE', #1642, #1590, #1431, .T. ) ;
#1116 = EDGE_CURVE ( 'NONE', #1570, #1562, #1418, .T. ) ;
#1117 = EDGE_CURVE ( 'NONE', #1599, #1620, #1423, .T. ) ;
#1118 = EDGE_CURVE ( 'NONE', #1675, #1651, #1399, .T. ) ;
#1119 = EDGE_CURVE ( 'NONE', #1561, #1630, #1402, .T. ) ;
#1120 = EDGE_CURVE ( 'NONE', #1564, #1561, #1467, .T. ) ;
#1121 = EDGE_CURVE ( 'NONE', #1630, #1591, #1463, .T. ) ;
#1122 = EDGE_CURVE ( 'NONE', #1587, #1623, #1462, .T. ) ;
#1123 = EDGE_CURVE ( 'NONE', #1556, #1570, #1411, .T. ) ;
#1124 = EDGE_CURVE ( 'NONE', #1572, #1674, #1447, .T. ) ;
#1125 = EDGE_CURVE ( 'NONE', #1631, #1639, #1443, .T. ) ;
#1126 = EDGE_CURVE ( 'NONE', #1675, #1593, #1448, .T. ) ;
#1127 = EDGE_CURVE ( 'NONE', #1590, #1672, #1464, .T. ) ;
#1128 = EDGE_CURVE ( 'NONE', #1556, #1676, #1444, .T. ) ;
#1129 = EDGE_CURVE ( 'NONE', #1635, #1579, #1435, .T. ) ;
#1130 = EDGE_CURVE ( 'NONE', #1661, #1655, #1439, .T. ) ;
#1131 = EDGE_CURVE ( 'NONE', #1632, #1642, #1449, .T. ) ;
#1132 = EDGE_CURVE ( 'NONE', #1639, #1606, #1445, .T. ) ;
#1133 = EDGE_CURVE ( 'NONE', #1642, #1632, #1468, .T. ) ;
#1134 = EDGE_CURVE ( 'NONE', #1639, #1631, #1451, .T. ) ;
#1135 = EDGE_CURVE ( 'NONE', #1568, #1592, #1446, .T. ) ;
#1136 = EDGE_CURVE ( 'NONE', #1591, #1564, #1453, .T. ) ;
#1137 = PRODUCT ( 'bracket-mod-R2', 'bracket-mod-R2', '', ( #1262 ) ) ;
#1138 = CARTESIAN_POINT ( 'NONE',  ( 0.5905511811023631500, -0.7999691798137166200, -1.901574803149606300 ) ) ;
#1139 = CARTESIAN_POINT ( 'NONE',  ( 2.322310057011896400, 0.06731912968119334300, -1.803532161036999000 ) ) ;
#1140 = CARTESIAN_POINT ( 'NONE',  ( -3.543307086614173200, 2.353967828060300200, -2.051574803149606800 ) ) ;
#1141 =( LENGTH_UNIT ( ) NAMED_UNIT ( * ) SI_UNIT ( $, .METRE. ) );
#1142 = FILL_AREA_STYLE ('',( #1184 ) ) ;
#1143 = CARTESIAN_POINT ( 'NONE',  ( -2.987748086329134400, 2.353967828060295400, -5.083493322805628300 ) ) ;
#1144 = DIRECTION ( 'NONE',  ( 1.000000000000000000, 1.776356839400250100E-016, 0.0000000000000000000 ) ) ;
#1145 = CARTESIAN_POINT ( 'NONE',  ( 2.232080209590297400, 2.120436819125291400, -1.795638072275935100 ) ) ;
#1146 = SURFACE_STYLE_USAGE ( .BOTH. , #1151 ) ;
#1147 =( NAMED_UNIT ( * ) PLANE_ANGLE_UNIT ( ) SI_UNIT ( $, .RADIAN. ) );
#1148 = CARTESIAN_POINT ( 'NONE',  ( -1.968503937007873600, 2.105936331997305900, -2.229183160789035800 ) ) ;
#1149 = CARTESIAN_POINT ( 'NONE',  ( -3.543307086614172700, 2.353967828060300200, -2.229183160789027800 ) ) ;
#1150 = CARTESIAN_POINT ( 'NONE',  ( -3.543307086614173200, 1.955936331997307300, -1.901574803149606300 ) ) ;
#1151 = SURFACE_SIDE_STYLE ('',( #207 ) ) ;
#1152 = CARTESIAN_POINT ( 'NONE',  ( -1.968503937007873600, 2.353967828060299800, -2.229183160789031800 ) ) ;
#1153 = CARTESIAN_POINT ( 'NONE',  ( -3.072038747149103100, 2.105936331997301000, -6.064129352126603800 ) ) ;
#1154 = CARTESIAN_POINT ( 'NONE',  ( -0.6141732283464567100, 0.2079048359343166100, -1.653543307086614300 ) ) ;
#1155 =( CONVERSION_BASED_UNIT ( 'INCH', #250 ) LENGTH_UNIT ( ) NAMED_UNIT ( #2533 ) );
#1156 = CARTESIAN_POINT ( 'NONE',  ( -4.193606468897777400, 2.353967828060288300, -9.662139112743975700 ) ) ;
#1157 = CARTESIAN_POINT ( 'NONE',  ( -1.968503937007874100, 1.168534757194157600, -1.653543307086614300 ) ) ;
#1158 = CARTESIAN_POINT ( 'NONE',  ( 2.522805895123418000, 0.5145110038752759300, -2.070052210039472500 ) ) ;
#1159 = CARTESIAN_POINT ( 'NONE',  ( -3.543307086614173200, 2.105936331997307200, -2.051574803149606400 ) ) ;
#1160 = CARTESIAN_POINT ( 'NONE',  ( 1.133410738451885900, -0.7999691798137167400, -1.699516948589303400 ) ) ;
#1161 = CARTESIAN_POINT ( 'NONE',  ( 1.666451657693811500, -0.5693445980708395900, -1.995130922301996200 ) ) ;
#1162 = CARTESIAN_POINT ( 'NONE',  ( 1.111793369187701600, -0.7999691798137169600, -1.946604609927020000 ) ) ;
#1163 =( NAMED_UNIT ( * ) SI_UNIT ( $, .STERADIAN. ) SOLID_ANGLE_UNIT ( ) );
#1164 = CARTESIAN_POINT ( 'NONE',  ( -2.622315091384840100, 2.353967828060289600, -9.702278851446470400 ) ) ;
#1165 = CARTESIAN_POINT ( 'NONE',  ( 0.5905511811023631500, -0.7999691798137166200, -1.653543307086614300 ) ) ;
#1166 = CARTESIAN_POINT ( 'NONE',  ( 1.688069026957992500, -0.5693445980708400400, -1.748043260964279300 ) ) ;
#1167 = CARTESIAN_POINT ( 'NONE',  ( -3.409201195139455600, 2.105936331997296100, -9.986671197415770300 ) ) ;
#1168 = CARTESIAN_POINT ( 'NONE',  ( -0.1732283464566929400, 0.2079048359343166100, -1.653543307086614300 ) ) ;
#1169 = CARTESIAN_POINT ( 'NONE',  ( -1.968503937007874100, 1.955936331997307300, -1.901574803149606300 ) ) ;
#1170 = CARTESIAN_POINT ( 'NONE',  ( -0.6141732283464567100, 0.2079048359343166100, -1.901574803149606300 ) ) ;
#1171 = CARTESIAN_POINT ( 'NONE',  ( -1.968503937007874100, 1.168534757194157600, -1.901574803149606300 ) ) ;
#1172 = CARTESIAN_POINT ( 'NONE',  ( -1.574803149606299300, 0.7748339697925826800, -1.653543307086614300 ) ) ;
#1173 = DIRECTION ( 'NONE',  ( -0.7071067811865469100, 0.7071067811865479100, 0.0000000000000000000 ) ) ;
#1174 = CARTESIAN_POINT ( 'NONE',  ( 1.200376999629890500, 2.230021937991485600, -1.705375737281094000 ) ) ;
#1175 = PLANE ( 'NONE',  #306 ) ;
#1176 = CARTESIAN_POINT ( 'NONE',  ( 2.544423264387601700, 0.5145110038752749300, -1.822964548701755800 ) ) ;
#1177 = CARTESIAN_POINT ( 'NONE',  ( -2.622315091384841000, 2.105936331997296600, -9.702278851446468600 ) ) ;
#1178 = CARTESIAN_POINT ( 'NONE',  ( 0.6252419117786973700, 0.8391381337232009000, -1.655057937098127800 ) ) ;
#1179 = CARTESIAN_POINT ( 'NONE',  ( 0.5905511811023653700, 0.8304910535544337600, -1.901574803149606300 ) ) ;
#1180 = CARTESIAN_POINT ( 'NONE',  ( -2.036052313092051100, -0.7999691798137165100, -1.653543307086614300 ) ) ;
#1181 = CARTESIAN_POINT ( 'NONE',  ( -3.156329407969070000, 2.353967828060291800, -7.044765381447578400 ) ) ;
#1182 = CARTESIAN_POINT ( 'NONE',  ( -3.326403280154845100, 2.353967828060289600, -8.494096979756477600 ) ) ;
#1183 = CARTESIAN_POINT ( 'NONE',  ( 0.2997742221919476600, 0.7748339697925826800, -1.653543307086614300 ) ) ;
#1184 = FILL_AREA_STYLE_COLOUR ( '', #244 ) ;
#1185 = CARTESIAN_POINT ( 'NONE',  ( -1.968503937007874100, 2.353967828060300200, -2.051574803149606800 ) ) ;
#1186 = CARTESIAN_POINT ( 'NONE',  ( 0.6252419117786942600, -0.7999691798137166200, -1.655057937098127800 ) ) ;
#1187 = CARTESIAN_POINT ( 'NONE',  ( -2.952755905511811100, -0.2094179987113527500, -1.653543307086614300 ) ) ;
#1188 = CARTESIAN_POINT ( 'NONE',  ( -1.968503937007873800, 2.105936331997307200, -2.051574803149606400 ) ) ;
#1189 = DIRECTION ( 'NONE',  ( 0.7071067811865480200, 0.7071067811865470200, 0.0000000000000000000 ) ) ;
#1190 = CARTESIAN_POINT ( 'NONE',  ( 1.091540296945740000, 1.452650425729538100, -1.695853759620688800 ) ) ;
#1191 = CARTESIAN_POINT ( 'NONE',  ( -3.072038747149103100, 2.353967828060293600, -6.064129352126603800 ) ) ;
#1192 = CARTESIAN_POINT ( 'NONE',  ( 2.753919991393518200, 2.010851700259097500, -1.841293137360560800 ) ) ;
#1193 = CARTESIAN_POINT ( 'NONE',  ( -1.574803149606299300, 0.7748339697925825700, -1.901574803149606300 ) ) ;
#1194 = CARTESIAN_POINT ( 'NONE',  ( -3.543307086614173200, 0.7072855937084054900, -1.653543307086614300 ) ) ;
#1195 = CARTESIAN_POINT ( 'NONE',  ( -3.240620068789037900, 2.105936331997301500, -7.513590387146504800 ) ) ;
#1196 = CARTESIAN_POINT ( 'NONE',  ( -3.240620068789037900, 2.353967828060293600, -7.513590387146504800 ) ) ;
#1197 = CARTESIAN_POINT ( 'NONE',  ( 2.739936400335507100, 2.120436819125291400, -2.089048667751186800 ) ) ;
#1198 = CARTESIAN_POINT ( 'NONE',  ( -2.903457425509166100, 2.353967828060296700, -4.102857293484652800 ) ) ;
#1199 = CARTESIAN_POINT ( 'NONE',  ( -3.543307086614173200, 1.955936331997307300, -1.653543307086614300 ) ) ;
#1200 = CARTESIAN_POINT ( 'NONE',  ( -3.543307086614173600, 2.105936331997306800, -2.229183160789035300 ) ) ;
#1201 = FILL_AREA_STYLE_COLOUR ( '', #246 ) ;
#1202 = FILL_AREA_STYLE ('',( #1201 ) ) ;
#1203 = CARTESIAN_POINT ( 'NONE',  ( -2.903457425509166100, 2.105936331997304600, -4.102857293484651900 ) ) ;
#1204 = CARTESIAN_POINT ( 'NONE',  ( -3.240620068789037900, 2.353967828060292300, -8.025401410768552100 ) ) ;
#1205 = CARTESIAN_POINT ( 'NONE',  ( -2.903457425509166100, 2.105936331997305900, -3.591046269862604700 ) ) ;
#1206 = CARTESIAN_POINT ( 'NONE',  ( -0.1732283464566929700, -0.2330400459554471700, -1.901574803149606300 ) ) ;
#1207 = CARTESIAN_POINT ( 'NONE',  ( -3.312682504871296900, 0.1505086006481325400, -1.653543307086614300 ) ) ;
#1208 = CARTESIAN_POINT ( 'NONE',  ( -2.036052313092051100, -0.7999691798137166200, -1.901574803149606300 ) ) ;
#1209 = CARTESIAN_POINT ( 'NONE',  ( -3.409201195139455600, 2.105936331997297500, -9.474860173793722100 ) ) ;
#1210 = CARTESIAN_POINT ( 'NONE',  ( -0.1732283464566929400, 0.2079048359343166300, -1.901574803149606300 ) ) ;
#1211 = CARTESIAN_POINT ( 'NONE',  ( 1.700599412168921400, 2.120436819125291400, -1.998118463703433300 ) ) ;
#1212 = CARTESIAN_POINT ( 'NONE',  ( -3.072038747149103100, 2.105936331997301900, -5.552318328504555600 ) ) ;
#1213 = CARTESIAN_POINT ( 'NONE',  ( -2.592829306152323100, -0.5693445980708397000, -1.653543307086614300 ) ) ;
#1214 = CARTESIAN_POINT ( 'NONE',  ( 2.761553769599689900, 2.120436819125291400, -1.841961006413471700 ) ) ;
#1215 = CARTESIAN_POINT ( 'NONE',  ( 1.722216781433104400, 2.120436819125291400, -1.751030802365716200 ) ) ;
#1216 = CARTESIAN_POINT ( 'NONE',  ( -3.326403280154845100, 2.105936331997297500, -8.494096979756477600 ) ) ;
#1217 = CARTESIAN_POINT ( 'NONE',  ( 0.6036245425145185800, 0.8391381337232009000, -1.902145598435844000 ) ) ;
#1218 = CARTESIAN_POINT ( 'NONE',  ( -2.903457425509166100, 2.353967828060298000, -3.591046269862605100 ) ) ;
#1219 = CARTESIAN_POINT ( 'NONE',  ( 1.178759630365706900, 2.230021937991484300, -1.952463398618810700 ) ) ;
#1220 = CARTESIAN_POINT ( 'NONE',  ( -4.193606468897777400, 2.105936331997298800, -9.662139112743975700 ) ) ;
#1221 = CARTESIAN_POINT ( 'NONE',  ( -3.156329407969070000, 2.105936331997299700, -7.044765381447578400 ) ) ;
#1222 = CARTESIAN_POINT ( 'NONE',  ( -0.6141732283464567100, -0.2330400459554471700, -1.901574803149606300 ) ) ;
#1223 = CARTESIAN_POINT ( 'NONE',  ( 0.5905511811023642600, 0.8304910535544347500, -1.653543307086614300 ) ) ;
#1224 = CARTESIAN_POINT ( 'NONE',  ( -3.240620068789037900, 2.105936331997300100, -8.025401410768552100 ) ) ;
#1225 = CARTESIAN_POINT ( 'NONE',  ( -2.987748086329134400, 2.105936331997303700, -5.083493322805626500 ) ) ;
#1226 = CARTESIAN_POINT ( 'NONE',  ( 2.732302622129332700, 2.010851700259098400, -2.088380798698275400 ) ) ;
#1227 = CARTESIAN_POINT ( 'NONE',  ( 2.210462840326114600, 2.120436819125291400, -2.042725733613652000 ) ) ;
#1228 = CARTESIAN_POINT ( 'NONE',  ( -1.968503937007874100, 1.955936331997307300, -1.653543307086614300 ) ) ;
#1229 = CARTESIAN_POINT ( 'NONE',  ( -3.312682504871297300, 0.1505086006481340900, -1.901574803149606300 ) ) ;
#1230 =( LENGTH_UNIT ( ) NAMED_UNIT ( * ) SI_UNIT ( $, .METRE. ) );
#1231 =( CONVERSION_BASED_UNIT ( 'INCH', #248 ) LENGTH_UNIT ( ) NAMED_UNIT ( #2534 ) );
#1232 = CARTESIAN_POINT ( 'NONE',  ( -2.592829306152324900, -0.5693445980708394800, -1.901574803149606300 ) ) ;
#1233 = CARTESIAN_POINT ( 'NONE',  ( -3.072038747149103100, 2.353967828060294500, -5.552318328504555600 ) ) ;
#1234 =( NAMED_UNIT ( * ) SI_UNIT ( $, .STERADIAN. ) SOLID_ANGLE_UNIT ( ) );
#1235 = CARTESIAN_POINT ( 'NONE',  ( -2.987748086329134400, 2.105936331997304600, -4.571682299183579300 ) ) ;
#1236 = CARTESIAN_POINT ( 'NONE',  ( -3.326403280154845100, 2.105936331997296100, -9.005908003378525700 ) ) ;
#1237 = CARTESIAN_POINT ( 'NONE',  ( -0.6141732283464567100, -0.2330400459554471700, -1.653543307086614300 ) ) ;
#1238 = CARTESIAN_POINT ( 'NONE',  ( -3.409201195139455600, 2.353967828060289600, -9.474860173793722100 ) ) ;
#1239 = CARTESIAN_POINT ( 'NONE',  ( -3.326403280154845100, 2.353967828060288700, -9.005908003378525700 ) ) ;
#1240 = CARTESIAN_POINT ( 'NONE',  ( 2.300692687747713600, 0.06731912968119409300, -2.050619822374716500 ) ) ;
#1241 = CARTESIAN_POINT ( 'NONE',  ( 1.069922927681558900, 1.452650425729538700, -1.942941420958404600 ) ) ;
#1242 = CARTESIAN_POINT ( 'NONE',  ( 0.6036245425145127000, -0.7999691798137165100, -1.902145598435843700 ) ) ;
#1243 = CARTESIAN_POINT ( 'NONE',  ( -2.987748086329134400, 2.353967828060296300, -4.571682299183580200 ) ) ;
#1244 = CARTESIAN_POINT ( 'NONE',  ( -3.156329407969070000, 2.353967828060292700, -6.532954357825530200 ) ) ;
#1245 = CARTESIAN_POINT ( 'NONE',  ( -0.1732283464566929900, -0.2330400459554472200, -1.653543307086614300 ) ) ;
#1246 = CARTESIAN_POINT ( 'NONE',  ( 0.2997742221919477100, 0.7748339697925826800, -1.901574803149606300 ) ) ;
#1247 = CARTESIAN_POINT ( 'NONE',  ( -3.409201195139455600, 2.353967828060288700, -9.986671197415770300 ) ) ;
#1248 = CARTESIAN_POINT ( 'NONE',  ( -3.543307086614173200, 0.7072855937084054900, -1.901574803149606300 ) ) ;
#1249 = CARTESIAN_POINT ( 'NONE',  ( -3.156329407969070000, 2.105936331997300600, -6.532954357825530200 ) ) ;
#1250 =( NAMED_UNIT ( * ) PLANE_ANGLE_UNIT ( ) SI_UNIT ( $, .RADIAN. ) );
#1251 = APPLICATION_CONTEXT ( 'automotive_design' ) ;
#1252 = CARTESIAN_POINT ( 'NONE',  ( 0.0000000000000000000, 0.0000000000000000000, 0.0000000000000000000 ) ) ;
#1253 =( NAMED_UNIT ( * ) PLANE_ANGLE_UNIT ( ) SI_UNIT ( $, .RADIAN. ) );
#1254 = SURFACE_STYLE_USAGE ( .BOTH. , #1259 ) ;
#1255 = APPLICATION_PROTOCOL_DEFINITION ( 'draft international standard', 'automotive_design', 1998, #1260 ) ;
#1256 =( LENGTH_UNIT ( ) NAMED_UNIT ( * ) SI_UNIT ( $, .METRE. ) );
#1257 = APPLICATION_PROTOCOL_DEFINITION ( 'draft international standard', 'automotive_design', 1998, #1251 ) ;
#1258 = DIRECTION ( 'NONE',  ( 1.000000000000000000, 0.0000000000000000000, 0.0000000000000000000 ) ) ;
#1259 = SURFACE_SIDE_STYLE ('',( #253 ) ) ;
#1260 = APPLICATION_CONTEXT ( 'automotive_design' ) ;
#1261 =( CONVERSION_BASED_UNIT ( 'INCH', #249 ) LENGTH_UNIT ( ) NAMED_UNIT ( #2549 ) );
#1262 = PRODUCT_CONTEXT ( 'NONE', #1251, 'mechanical' ) ;
#1263 =( NAMED_UNIT ( * ) SI_UNIT ( $, .STERADIAN. ) SOLID_ANGLE_UNIT ( ) );
#1264 = DIRECTION ( 'NONE',  ( 0.0000000000000000000, 0.0000000000000000000, 1.000000000000000000 ) ) ;
#1265 = LINE ( 'NONE', #1698, #1273 ) ;
#1266 = VECTOR ( 'NONE', #1723, 39.37007874015748100 ) ;
#1267 = CIRCLE ( 'NONE', #832, 0.7874015748031495400 ) ;
#1268 = VECTOR ( 'NONE', #1709, 39.37007874015748100 ) ;
#1269 = VECTOR ( 'NONE', #1760, 39.37007874015748100 ) ;
#1270 = CIRCLE ( 'NONE', #830, 0.7874015748031496500 ) ;
#1271 = LINE ( 'NONE', #1713, #1293 ) ;
#1272 = LINE ( 'NONE', #1708, #1278 ) ;
#1273 = VECTOR ( 'NONE', #1737, 39.37007874015748100 ) ;
#1274 = LINE ( 'NONE', #1705, #1290 ) ;
#1275 = LINE ( 'NONE', #1735, #1268 ) ;
#1276 = LINE ( 'NONE', #1759, #1269 ) ;
#1277 = CIRCLE ( 'NONE', #834, 0.2559055118110238300 ) ;
#1278 = VECTOR ( 'NONE', #1745, 39.37007874015748100 ) ;
#1279 = CIRCLE ( 'NONE', #851, 0.2559055118110238300 ) ;
#1280 = LINE ( 'NONE', #1756, #1294 ) ;
#1281 = LINE ( 'NONE', #1753, #1282 ) ;
#1282 = VECTOR ( 'NONE', #1764, 39.37007874015748100 ) ;
#1283 = CIRCLE ( 'NONE', #806, 0.7874015748031497600 ) ;
#1284 = CIRCLE ( 'NONE', #861, 0.7874015748031496500 ) ;
#1285 = LINE ( 'NONE', #1765, #1325 ) ;
#1286 = CIRCLE ( 'NONE', #802, 0.2559055118110238300 ) ;
#1287 = LINE ( 'NONE', #1771, #1323 ) ;
#1288 = CIRCLE ( 'NONE', #853, 0.3980314960629921500 ) ;
#1289 = LINE ( 'NONE', #1757, #1292 ) ;
#1290 = VECTOR ( 'NONE', #1706, 39.37007874015748100 ) ;
#1291 = LINE ( 'NONE', #1781, #1298 ) ;
#1292 = VECTOR ( 'NONE', #1783, 39.37007874015748100 ) ;
#1293 = VECTOR ( 'NONE', #1702, 39.37007874015748100 ) ;
#1294 = VECTOR ( 'NONE', #1747, 39.37007874015748100 ) ;
#1295 = CIRCLE ( 'NONE', #835, 0.3937007874015748800 ) ;
#1296 = LINE ( 'NONE', #1718, #1300 ) ;
#1297 = LINE ( 'NONE', #1704, #1266 ) ;
#1298 = VECTOR ( 'NONE', #1744, 39.37007874015748100 ) ;
#1299 = CIRCLE ( 'NONE', #836, 0.7874015748031496500 ) ;
#1300 = VECTOR ( 'NONE', #1726, 39.37007874015748100 ) ;
#1301 = CIRCLE ( 'NONE', #847, 0.7874015748031495400 ) ;
#1302 = LINE ( 'NONE', #1794, #1311 ) ;
#1303 = LINE ( 'NONE', #1846, #1310 ) ;
#1304 = LINE ( 'NONE', #1798, #1343 ) ;
#1305 = VECTOR ( 'NONE', #1874, 39.37007874015748100 ) ;
#1306 = VECTOR ( 'NONE', #1867, 39.37007874015748100 ) ;
#1307 = LINE ( 'NONE', #1795, #1351 ) ;
#1308 = CIRCLE ( 'NONE', #804, 0.7874015748031503200 ) ;
#1309 = CIRCLE ( 'NONE', #837, 0.1499999999999999700 ) ;
#1310 = VECTOR ( 'NONE', #1859, 39.37007874015748100 ) ;
#1311 = VECTOR ( 'NONE', #1813, 39.37007874015748100 ) ;
#1312 = LINE ( 'NONE', #1902, #1391 ) ;
#1313 = CIRCLE ( 'NONE', #870, 0.1500000000000000500 ) ;
#1314 = CIRCLE ( 'NONE', #884, 0.3937007874015748800 ) ;
#1315 = LINE ( 'NONE', #1785, #1338 ) ;
#1316 = VECTOR ( 'NONE', #1818, 39.37007874015748100 ) ;
#1317 = LINE ( 'NONE', #1784, #1324 ) ;
#1318 = LINE ( 'NONE', #1871, #1305 ) ;
#1319 = CIRCLE ( 'NONE', #862, 0.2559055118110238300 ) ;
#1320 = LINE ( 'NONE', #1796, #1327 ) ;
#1321 = LINE ( 'NONE', #1835, #1326 ) ;
#1322 = LINE ( 'NONE', #1847, #1334 ) ;
#1323 = VECTOR ( 'NONE', #1772, 39.37007874015748100 ) ;
#1324 = VECTOR ( 'NONE', #1854, 39.37007874015748100 ) ;
#1325 = VECTOR ( 'NONE', #1769, 39.37007874015748100 ) ;
#1326 = VECTOR ( 'NONE', #1855, 39.37007874015748100 ) ;
#1327 = VECTOR ( 'NONE', #1803, 39.37007874015748100 ) ;
#1328 = VECTOR ( 'NONE', #1787, 39.37007874015748100 ) ;
#1329 = CIRCLE ( 'NONE', #841, 0.1500000000000000500 ) ;
#1330 = CIRCLE ( 'NONE', #850, 0.7874015748031497600 ) ;
#1331 = LINE ( 'NONE', #1812, #1316 ) ;
#1332 = LINE ( 'NONE', #1848, #1396 ) ;
#1333 = CIRCLE ( 'NONE', #869, 0.2559055118110238300 ) ;
#1334 = VECTOR ( 'NONE', #1853, 39.37007874015748100 ) ;
#1335 = LINE ( 'NONE', #1774, #1339 ) ;
#1336 = LINE ( 'NONE', #1786, #1348 ) ;
#1337 = VECTOR ( 'NONE', #1770, 39.37007874015748100 ) ;
#1338 = VECTOR ( 'NONE', #1797, 39.37007874015748100 ) ;
#1339 = VECTOR ( 'NONE', #1740, 39.37007874015748100 ) ;
#1340 = LINE ( 'NONE', #1828, #1328 ) ;
#1341 = VECTOR ( 'NONE', #1873, 39.37007874015748100 ) ;
#1342 = CIRCLE ( 'NONE', #849, 0.3980314960629921500 ) ;
#1343 = VECTOR ( 'NONE', #1802, 39.37007874015748900 ) ;
#1344 = CIRCLE ( 'NONE', #866, 0.2559055118110238300 ) ;
#1345 = CIRCLE ( 'NONE', #803, 0.7874015748031496500 ) ;
#1346 = LINE ( 'NONE', #1801, #1306 ) ;
#1347 = CIRCLE ( 'NONE', #807, 0.7874015748031497600 ) ;
#1348 = VECTOR ( 'NONE', #1811, 39.37007874015748100 ) ;
#1349 = LINE ( 'NONE', #1739, #1337 ) ;
#1350 = LINE ( 'NONE', #1858, #1341 ) ;
#1351 = VECTOR ( 'NONE', #1819, 39.37007874015748100 ) ;
#1352 = VECTOR ( 'NONE', #1899, 39.37007874015748100 ) ;
#1353 = VECTOR ( 'NONE', #1876, 39.37007874015748100 ) ;
#1354 = CIRCLE ( 'NONE', #875, 0.3980314960629921000 ) ;
#1355 = VECTOR ( 'NONE', #1891, 39.37007874015748100 ) ;
#1356 = LINE ( 'NONE', #1885, #1373 ) ;
#1357 = LINE ( 'NONE', #1912, #1385 ) ;
#1358 = LINE ( 'NONE', #1834, #1363 ) ;
#1359 = VECTOR ( 'NONE', #1907, 39.37007874015748100 ) ;
#1360 = LINE ( 'NONE', #1877, #1352 ) ;
#1361 = LINE ( 'NONE', #1865, #1386 ) ;
#1362 = CIRCLE ( 'NONE', #871, 0.2559055118110238300 ) ;
#1363 = VECTOR ( 'NONE', #1866, 39.37007874015748100 ) ;
#1364 = CIRCLE ( 'NONE', #880, 0.2559055118110238300 ) ;
#1365 = LINE ( 'NONE', #1842, #1379 ) ;
#1366 = CIRCLE ( 'NONE', #872, 0.7874015748031497600 ) ;
#1367 = LINE ( 'NONE', #1918, #1388 ) ;
#1368 = VECTOR ( 'NONE', #1909, 39.37007874015748100 ) ;
#1369 = LINE ( 'NONE', #1916, #1353 ) ;
#1370 = LINE ( 'NONE', #1898, #1375 ) ;
#1371 = VECTOR ( 'NONE', #1870, 39.37007874015748100 ) ;
#1372 = CIRCLE ( 'NONE', #873, 0.2559055118110238300 ) ;
#1373 = VECTOR ( 'NONE', #1897, 39.37007874015748100 ) ;
#1374 = PRESENTATION_STYLE_ASSIGNMENT (( #2158 ) ) ;
#1375 = VECTOR ( 'NONE', #1879, 39.37007874015748100 ) ;
#1376 = LINE ( 'NONE', #1906, #1359 ) ;
#1377 = LINE ( 'NONE', #1868, #1371 ) ;
#1378 = VECTOR ( 'NONE', #1880, 39.37007874015748100 ) ;
#1379 = VECTOR ( 'NONE', #1851, 39.37007874015748100 ) ;
#1380 = VECTOR ( 'NONE', #1844, 39.37007874015748100 ) ;
#1381 = VECTOR ( 'NONE', #1888, 39.37007874015748900 ) ;
#1382 = CIRCLE ( 'NONE', #868, 0.2559055118110238300 ) ;
#1383 = VECTOR ( 'NONE', #1884, 39.37007874015748100 ) ;
#1384 = CIRCLE ( 'NONE', #885, 0.2559055118110238300 ) ;
#1385 = VECTOR ( 'NONE', #1896, 39.37007874015748100 ) ;
#1386 = VECTOR ( 'NONE', #1832, 39.37007874015748100 ) ;
#1387 = LINE ( 'NONE', #1852, #1381 ) ;
#1388 = VECTOR ( 'NONE', #1895, 39.37007874015748100 ) ;
#1389 = LINE ( 'NONE', #1875, #1355 ) ;
#1390 = LINE ( 'NONE', #1843, #1380 ) ;
#1391 = VECTOR ( 'NONE', #1917, 39.37007874015748100 ) ;
#1392 = LINE ( 'NONE', #1905, #1368 ) ;
#1393 = LINE ( 'NONE', #1882, #1378 ) ;
#1394 = LINE ( 'NONE', #1883, #1383 ) ;
#1395 = LINE ( 'NONE', #1890, #1398 ) ;
#1396 = VECTOR ( 'NONE', #1862, 39.37007874015748100 ) ;
#1397 = CIRCLE ( 'NONE', #867, 0.2559055118110238300 ) ;
#1398 = VECTOR ( 'NONE', #1892, 39.37007874015748100 ) ;
#1399 = CIRCLE ( 'NONE', #891, 0.2559055118110238300 ) ;
#1400 = LINE ( 'NONE', #1961, #1419 ) ;
#1401 = LINE ( 'NONE', #1928, #1427 ) ;
#1402 = LINE ( 'NONE', #1971, #1412 ) ;
#1403 = LINE ( 'NONE', #1924, #1429 ) ;
#1404 = LINE ( 'NONE', #1933, #1407 ) ;
#1405 = CIRCLE ( 'NONE', #881, 0.2559055118110238300 ) ;
#1406 = VECTOR ( 'NONE', #1919, 39.37007874015748900 ) ;
#1407 = VECTOR ( 'NONE', #1940, 39.37007874015748100 ) ;
#1408 = VECTOR ( 'NONE', #1911, 39.37007874015748100 ) ;
#1409 = CIRCLE ( 'NONE', #889, 0.2559055118110238300 ) ;
#1410 = PRESENTATION_STYLE_ASSIGNMENT (( #2026 ) ) ;
#1411 = LINE ( 'NONE', #1978, #1413 ) ;
#1412 = VECTOR ( 'NONE', #1977, 39.37007874015748100 ) ;
#1413 = VECTOR ( 'NONE', #1985, 39.37007874015748100 ) ;
#1414 = CIRCLE ( 'NONE', #874, 0.2559055118110238300 ) ;
#1415 = CIRCLE ( 'NONE', #883, 0.2559055118110238300 ) ;
#1416 = CIRCLE ( 'NONE', #877, 0.2559055118110238300 ) ;
#1417 = CIRCLE ( 'NONE', #879, 0.7874015748031497600 ) ;
#1418 = LINE ( 'NONE', #1946, #1422 ) ;
#1419 = VECTOR ( 'NONE', #1921, 39.37007874015748100 ) ;
#1420 = VECTOR ( 'NONE', #1923, 39.37007874015748100 ) ;
#1421 = LINE ( 'NONE', #1942, #1420 ) ;
#1422 = VECTOR ( 'NONE', #1950, 39.37007874015748100 ) ;
#1423 = CIRCLE ( 'NONE', #887, 0.2559055118110238300 ) ;
#1424 = LINE ( 'NONE', #1925, #1406 ) ;
#1425 = CIRCLE ( 'NONE', #886, 0.2559055118110238300 ) ;
#1426 = LINE ( 'NONE', #1901, #1408 ) ;
#1427 = VECTOR ( 'NONE', #1926, 39.37007874015748100 ) ;
#1428 = CIRCLE ( 'NONE', #882, 0.7874015748031495400 ) ;
#1429 = VECTOR ( 'NONE', #1949, 39.37007874015748900 ) ;
#1430 = CIRCLE ( 'NONE', #865, 0.2559055118110238300 ) ;
#1431 = LINE ( 'NONE', #1934, #1432 ) ;
#1432 = VECTOR ( 'NONE', #1935, 39.37007874015748100 ) ;
#1433 = FACE_BOUND ( 'NONE', #623, .T. ) ;
#1434 = COLOUR_RGB ( '',0.6274509803921568500, 0.6274509803921568500, 0.6274509803921568500 ) ;
#1435 = CIRCLE ( 'NONE', #878, 0.2559055118110238300 ) ;
#1436 = COLOUR_RGB ( '',0.6274509803921568500, 0.6274509803921568500, 0.6274509803921568500 ) ;
#1437 = FACE_OUTER_BOUND ( 'NONE', #634, .T. ) ;
#1438 = SURFACE_STYLE_FILL_AREA ( #2037 ) ;
#1439 = LINE ( 'NONE', #2002, #1465 ) ;
#1440 = COLOUR_RGB ( '',0.6274509803921568500, 0.6274509803921568500, 0.6274509803921568500 ) ;
#1441 = SURFACE_STYLE_FILL_AREA ( #2054 ) ;
#1442 = FACE_OUTER_BOUND ( 'NONE', #660, .T. ) ;
#1443 = CIRCLE ( 'NONE', #893, 0.2559055118110238300 ) ;
#1444 = CIRCLE ( 'NONE', #848, 0.7874015748031503200 ) ;
#1445 = LINE ( 'NONE', #1989, #1450 ) ;
#1446 = LINE ( 'NONE', #1999, #1459 ) ;
#1447 = LINE ( 'NONE', #1972, #1452 ) ;
#1448 = LINE ( 'NONE', #2010, #1454 ) ;
#1449 = CIRCLE ( 'NONE', #876, 0.2559055118110235600 ) ;
#1450 = VECTOR ( 'NONE', #1976, 39.37007874015748100 ) ;
#1451 = CIRCLE ( 'NONE', #263, 0.2559055118110238300 ) ;
#1452 = VECTOR ( 'NONE', #1990, 39.37007874015748100 ) ;
#1453 = LINE ( 'NONE', #1994, #1458 ) ;
#1454 = VECTOR ( 'NONE', #2003, 39.37007874015748100 ) ;
#1455 = CYLINDRICAL_SURFACE ( 'NONE', #266, 0.2559055118110238300 ) ;
#1456 = VECTOR ( 'NONE', #1969, 39.37007874015748100 ) ;
#1457 = SURFACE_STYLE_FILL_AREA ( #2051 ) ;
#1458 = VECTOR ( 'NONE', #1998, 39.37007874015748900 ) ;
#1459 = VECTOR ( 'NONE', #2000, 39.37007874015748900 ) ;
#1460 = PRESENTATION_STYLE_ASSIGNMENT (( #2030 ) ) ;
#1461 = FACE_BOUND ( 'NONE', #714, .T. ) ;
#1462 = CIRCLE ( 'NONE', #890, 0.2559055118110238300 ) ;
#1463 = LINE ( 'NONE', #1967, #1470 ) ;
#1464 = CIRCLE ( 'NONE', #888, 0.2559055118110238300 ) ;
#1465 = VECTOR ( 'NONE', #2004, 39.37007874015748100 ) ;
#1466 = LENGTH_MEASURE_WITH_UNIT ( LENGTH_MEASURE( 0.02539999999999999900 ), #2036 );
#1467 = LINE ( 'NONE', #1973, #1456 ) ;
#1468 = CIRCLE ( 'NONE', #833, 0.2559055118110235600 ) ;
#1469 = STYLED_ITEM ( 'NONE', ( #1460 ), #1478 ) ;
#1470 = VECTOR ( 'NONE', #1996, 39.37007874015748900 ) ;
#1471 =( GEOMETRIC_REPRESENTATION_CONTEXT ( 3 ) GLOBAL_UNCERTAINTY_ASSIGNED_CONTEXT ( ( #790 ) ) GLOBAL_UNIT_ASSIGNED_CONTEXT ( ( #2021, #2012, #2050 ) ) REPRESENTATION_CONTEXT ( 'NONE', 'WORKASPACE' ) );
#1472 = PRESENTATION_STYLE_ASSIGNMENT (( #2020 ) ) ;
#1473 = FACE_OUTER_BOUND ( 'NONE', #718, .T. ) ;
#1474 = STYLED_ITEM ( 'NONE', ( #1472 ), #1479 ) ;
#1475 = LENGTH_MEASURE_WITH_UNIT ( LENGTH_MEASURE( 0.02539999999999999900 ), #2063 );
#1476 = STYLED_ITEM ( 'NONE', ( #1374 ), #1492 ) ;
#1477 =( GEOMETRIC_REPRESENTATION_CONTEXT ( 3 ) GLOBAL_UNCERTAINTY_ASSIGNED_CONTEXT ( ( #792 ) ) GLOBAL_UNIT_ASSIGNED_CONTEXT ( ( #2065, #2022, #2055 ) ) REPRESENTATION_CONTEXT ( 'NONE', 'WORKASPACE' ) );
#1478 = ADVANCED_FACE ( 'NONE', ( #1433, #1442 ), #2009, .F. ) ;
#1479 = ADVANCED_FACE ( 'NONE', ( #1437 ), #1455, .F. ) ;
#1480 = ADVANCED_FACE ( 'NONE', ( #1461, #1473 ), #2038, .T. ) ;
#1481 = ADVANCED_FACE ( 'NONE', ( #750, #752, #753, #778, #747, #751, #749, #765 ), #2039, .F. ) ;
#1482 = ADVANCED_FACE ( 'NONE', ( #766 ), #757, .T. ) ;
#1483 = ADVANCED_FACE ( 'NONE', ( #773, #761, #764, #769, #775, #756, #758, #763 ), #2027, .T. ) ;
#1484 = ADVANCED_FACE ( 'NONE', ( #776 ), #2, .F. ) ;
#1485 = ADVANCED_FACE ( 'NONE', ( #759 ), #742, .F. ) ;
#1486 = ADVANCED_FACE ( 'NONE', ( #743, #733 ), #2101, .F. ) ;
#1487 = ADVANCED_FACE ( 'NONE', ( #972 ), #971, .F. ) ;
#1488 = ADVANCED_FACE ( 'NONE', ( #965 ), #973, .F. ) ;
#1489 = ADVANCED_FACE ( 'NONE', ( #967 ), #966, .T. ) ;
#1490 = ADVANCED_FACE ( 'NONE', ( #976 ), #2147, .F. ) ;
#1491 = ADVANCED_FACE ( 'NONE', ( #985 ), #924, .F. ) ;
#1492 = ADVANCED_FACE ( 'NONE', ( #725 ), #2127, .F. ) ;
#1493 = ADVANCED_FACE ( 'NONE', ( #728 ), #25, .T. ) ;
#1494 = ADVANCED_FACE ( 'NONE', ( #7 ), #8, .F. ) ;
#1495 = ADVANCED_FACE ( 'NONE', ( #6 ), #3, .F. ) ;
#1496 = ADVANCED_FACE ( 'NONE', ( #9 ), #5, .F. ) ;
#1497 = ADVANCED_FACE ( 'NONE', ( #43 ), #51, .F. ) ;
#1498 = ADVANCED_FACE ( 'NONE', ( #38 ), #2238, .F. ) ;
#1499 = ADVANCED_FACE ( 'NONE', ( #28 ), #39, .F. ) ;
#1500 = ADVANCED_FACE ( 'NONE', ( #31 ), #52, .F. ) ;
#1501 = ADVANCED_FACE ( 'NONE', ( #44 ), #32, .F. ) ;
#1502 = ADVANCED_FACE ( 'NONE', ( #55 ), #2258, .F. ) ;
#1503 = ADVANCED_FACE ( 'NONE', ( #69 ), #67, .T. ) ;
#1504 = ADVANCED_FACE ( 'NONE', ( #76 ), #73, .F. ) ;
#1505 = ADVANCED_FACE ( 'NONE', ( #94 ), #98, .F. ) ;
#1506 = ADVANCED_FACE ( 'NONE', ( #99 ), #82, .F. ) ;
#1507 = ADVANCED_FACE ( 'NONE', ( #86 ), #101, .F. ) ;
#1508 = ADVANCED_FACE ( 'NONE', ( #83 ), #100, .F. ) ;
#1509 = ADVANCED_FACE ( 'NONE', ( #108 ), #2302, .F. ) ;
#1510 = ADVANCED_FACE ( 'NONE', ( #115 ), #2380, .F. ) ;
#1511 = ADVANCED_FACE ( 'NONE', ( #117 ), #104, .F. ) ;
#1512 = ADVANCED_FACE ( 'NONE', ( #128 ), #111, .T. ) ;
#1513 = ADVANCED_FACE ( 'NONE', ( #118 ), #112, .F. ) ;
#1514 = ADVANCED_FACE ( 'NONE', ( #138 ), #2392, .F. ) ;
#1515 = ADVANCED_FACE ( 'NONE', ( #145 ), #133, .T. ) ;
#1516 = ADVANCED_FACE ( 'NONE', ( #147 ), #136, .T. ) ;
#1517 = ADVANCED_FACE ( 'NONE', ( #164 ), #156, .F. ) ;
#1518 = ADVANCED_FACE ( 'NONE', ( #173 ), #158, .F. ) ;
#1519 = DIMENSIONAL_EXPONENTS ( 1.000000000000000000, 0.0000000000000000000, 0.0000000000000000000, 0.0000000000000000000, 0.0000000000000000000, 0.0000000000000000000, 0.0000000000000000000 ) ;
#1520 = DIMENSIONAL_EXPONENTS ( 1.000000000000000000, 0.0000000000000000000, 0.0000000000000000000, 0.0000000000000000000, 0.0000000000000000000, 0.0000000000000000000, 0.0000000000000000000 ) ;
#1521 = DIMENSIONAL_EXPONENTS ( 1.000000000000000000, 0.0000000000000000000, 0.0000000000000000000, 0.0000000000000000000, 0.0000000000000000000, 0.0000000000000000000, 0.0000000000000000000 ) ;
#1522 = ADVANCED_FACE ( 'NONE', ( #159, #201 ), #2400, .T. ) ;
#1523 = DIMENSIONAL_EXPONENTS ( 1.000000000000000000, 0.0000000000000000000, 0.0000000000000000000, 0.0000000000000000000, 0.0000000000000000000, 0.0000000000000000000, 0.0000000000000000000 ) ;
#1524 = DIMENSIONAL_EXPONENTS ( 1.000000000000000000, 0.0000000000000000000, 0.0000000000000000000, 0.0000000000000000000, 0.0000000000000000000, 0.0000000000000000000, 0.0000000000000000000 ) ;
#1525 = ADVANCED_FACE ( 'NONE', ( #183 ), #2490, .F. ) ;
#1526 = ADVANCED_FACE ( 'NONE', ( #178 ), #2496, .F. ) ;
#1527 = DIMENSIONAL_EXPONENTS ( 1.000000000000000000, 0.0000000000000000000, 0.0000000000000000000, 0.0000000000000000000, 0.0000000000000000000, 0.0000000000000000000, 0.0000000000000000000 ) ;
#1528 = DIMENSIONAL_EXPONENTS ( 1.000000000000000000, 0.0000000000000000000, 0.0000000000000000000, 0.0000000000000000000, 0.0000000000000000000, 0.0000000000000000000, 0.0000000000000000000 ) ;
#1529 = ADVANCED_FACE ( 'NONE', ( #197 ), #2484, .F. ) ;
#1530 = DIMENSIONAL_EXPONENTS ( 1.000000000000000000, 0.0000000000000000000, 0.0000000000000000000, 0.0000000000000000000, 0.0000000000000000000, 0.0000000000000000000, 0.0000000000000000000 ) ;
#1531 = ADVANCED_FACE ( 'NONE', ( #206 ), #220, .T. ) ;
#1532 = ADVANCED_FACE ( 'NONE', ( #210 ), #212, .T. ) ;
#1533 = DIMENSIONAL_EXPONENTS ( 1.000000000000000000, 0.0000000000000000000, 0.0000000000000000000, 0.0000000000000000000, 0.0000000000000000000, 0.0000000000000000000, 0.0000000000000000000 ) ;
#1534 = DIMENSIONAL_EXPONENTS ( 1.000000000000000000, 0.0000000000000000000, 0.0000000000000000000, 0.0000000000000000000, 0.0000000000000000000, 0.0000000000000000000, 0.0000000000000000000 ) ;
#1535 = ADVANCED_FACE ( 'NONE', ( #204 ), #2511, .F. ) ;
#1536 = DIMENSIONAL_EXPONENTS ( 1.000000000000000000, 0.0000000000000000000, 0.0000000000000000000, 0.0000000000000000000, 0.0000000000000000000, 0.0000000000000000000, 0.0000000000000000000 ) ;
#1537 = ADVANCED_FACE ( 'NONE', ( #214 ), #2508, .F. ) ;
#1538 = DIMENSIONAL_EXPONENTS ( 1.000000000000000000, 0.0000000000000000000, 0.0000000000000000000, 0.0000000000000000000, 0.0000000000000000000, 0.0000000000000000000, 0.0000000000000000000 ) ;
#1539 = DIMENSIONAL_EXPONENTS ( 1.000000000000000000, 0.0000000000000000000, 0.0000000000000000000, 0.0000000000000000000, 0.0000000000000000000, 0.0000000000000000000, 0.0000000000000000000 ) ;
#1540 = DIMENSIONAL_EXPONENTS ( 1.000000000000000000, 0.0000000000000000000, 0.0000000000000000000, 0.0000000000000000000, 0.0000000000000000000, 0.0000000000000000000, 0.0000000000000000000 ) ;
#1541 = DIMENSIONAL_EXPONENTS ( 1.000000000000000000, 0.0000000000000000000, 0.0000000000000000000, 0.0000000000000000000, 0.0000000000000000000, 0.0000000000000000000, 0.0000000000000000000 ) ;
#1542 = DIMENSIONAL_EXPONENTS ( 1.000000000000000000, 0.0000000000000000000, 0.0000000000000000000, 0.0000000000000000000, 0.0000000000000000000, 0.0000000000000000000, 0.0000000000000000000 ) ;
#1543 = DIMENSIONAL_EXPONENTS ( 1.000000000000000000, 0.0000000000000000000, 0.0000000000000000000, 0.0000000000000000000, 0.0000000000000000000, 0.0000000000000000000, 0.0000000000000000000 ) ;
#1544 = DIMENSIONAL_EXPONENTS ( 1.000000000000000000, 0.0000000000000000000, 0.0000000000000000000, 0.0000000000000000000, 0.0000000000000000000, 0.0000000000000000000, 0.0000000000000000000 ) ;
#1545 = DIMENSIONAL_EXPONENTS ( 1.000000000000000000, 0.0000000000000000000, 0.0000000000000000000, 0.0000000000000000000, 0.0000000000000000000, 0.0000000000000000000, 0.0000000000000000000 ) ;
#1546 = DIMENSIONAL_EXPONENTS ( 1.000000000000000000, 0.0000000000000000000, 0.0000000000000000000, 0.0000000000000000000, 0.0000000000000000000, 0.0000000000000000000, 0.0000000000000000000 ) ;
#1547 = DIMENSIONAL_EXPONENTS ( 1.000000000000000000, 0.0000000000000000000, 0.0000000000000000000, 0.0000000000000000000, 0.0000000000000000000, 0.0000000000000000000, 0.0000000000000000000 ) ;
#1548 = ADVANCED_FACE ( 'NONE', ( #232 ), #1552, .F. ) ;
#1549 = DIMENSIONAL_EXPONENTS ( 1.000000000000000000, 0.0000000000000000000, 0.0000000000000000000, 0.0000000000000000000, 0.0000000000000000000, 0.0000000000000000000, 0.0000000000000000000 ) ;
#1550 = ADVANCED_FACE ( 'NONE', ( #234 ), #1175, .F. ) ;
#1551 =( NAMED_UNIT ( * ) SI_UNIT ( $, .STERADIAN. ) SOLID_ANGLE_UNIT ( ) );
#1552 = PLANE ( 'NONE',  #1018 ) ;
#1553 = CARTESIAN_POINT ( 'NONE',  ( -0.6141732283464567100, -0.2330400459554472500, -1.653543307086614300 ) ) ;
#1554 = DIRECTION ( 'NONE',  ( -1.000000000000000000, -3.965082230804130700E-016, 0.0000000000000000000 ) ) ;
#1555 = DIRECTION ( 'NONE',  ( 3.965082230804130700E-016, -1.000000000000000000, 0.0000000000000000000 ) ) ;
#1556 = VERTEX_POINT ( 'NONE', #1177 ) ;
#1557 = VERTEX_POINT ( 'NONE', #1152 ) ;
#1558 = FILL_AREA_STYLE_COLOUR ( '', #703 ) ;
#1559 = FILL_AREA_STYLE_COLOUR ( '', #239 ) ;
#1560 = VERTEX_POINT ( 'NONE', #1174 ) ;
#1561 = VERTEX_POINT ( 'NONE', #1139 ) ;
#1562 = VERTEX_POINT ( 'NONE', #1188 ) ;
#1563 = CARTESIAN_POINT ( 'NONE',  ( -3.850473623104886400, 2.353967828060294000, -5.740112738535905200 ) ) ;
#1564 = VERTEX_POINT ( 'NONE', #1166 ) ;
#1565 = VERTEX_POINT ( 'NONE', #1176 ) ;
#1566 = VERTEX_POINT ( 'NONE', #1164 ) ;
#1567 = VERTEX_POINT ( 'NONE', #1190 ) ;
#1568 = VERTEX_POINT ( 'NONE', #1160 ) ;
#1569 = VERTEX_POINT ( 'NONE', #1156 ) ;
#1570 = VERTEX_POINT ( 'NONE', #1148 ) ;
#1571 = VERTEX_POINT ( 'NONE', #1149 ) ;
#1572 = VERTEX_POINT ( 'NONE', #1159 ) ;
#1573 = VERTEX_POINT ( 'NONE', #1178 ) ;
#1574 = VERTEX_POINT ( 'NONE', #1138 ) ;
#1575 = VERTEX_POINT ( 'NONE', #1179 ) ;
#1576 = VERTEX_POINT ( 'NONE', #1169 ) ;
#1577 = VERTEX_POINT ( 'NONE', #1150 ) ;
#1578 = VERTEX_POINT ( 'NONE', #1186 ) ;
#1579 = VERTEX_POINT ( 'NONE', #1153 ) ;
#1580 = VERTEX_POINT ( 'NONE', #1140 ) ;
#1581 = VERTEX_POINT ( 'NONE', #1180 ) ;
#1582 = VERTEX_POINT ( 'NONE', #1154 ) ;
#1583 = VERTEX_POINT ( 'NONE', #1157 ) ;
#1584 = VERTEX_POINT ( 'NONE', #1185 ) ;
#1585 = VERTEX_POINT ( 'NONE', #1165 ) ;
#1586 = VERTEX_POINT ( 'NONE', #1181 ) ;
#1587 = VERTEX_POINT ( 'NONE', #1167 ) ;
#1588 = VERTEX_POINT ( 'NONE', #1158 ) ;
#1589 = VERTEX_POINT ( 'NONE', #1143 ) ;
#1590 = VERTEX_POINT ( 'NONE', #1145 ) ;
#1591 = VERTEX_POINT ( 'NONE', #1161 ) ;
#1592 = VERTEX_POINT ( 'NONE', #1162 ) ;
#1593 = VERTEX_POINT ( 'NONE', #1182 ) ;
#1594 = VERTEX_POINT ( 'NONE', #1168 ) ;
#1595 = VERTEX_POINT ( 'NONE', #1170 ) ;
#1596 = VERTEX_POINT ( 'NONE', #1183 ) ;
#1597 = VERTEX_POINT ( 'NONE', #1171 ) ;
#1598 = VERTEX_POINT ( 'NONE', #1172 ) ;
#1599 = VERTEX_POINT ( 'NONE', #1235 ) ;
#1600 = VERTEX_POINT ( 'NONE', #1247 ) ;
#1601 = VERTEX_POINT ( 'NONE', #1222 ) ;
#1602 = VERTEX_POINT ( 'NONE', #1205 ) ;
#1603 = VERTEX_POINT ( 'NONE', #1208 ) ;
#1604 = VERTEX_POINT ( 'NONE', #1203 ) ;
#1605 = VERTEX_POINT ( 'NONE', #1223 ) ;
#1606 = VERTEX_POINT ( 'NONE', #1196 ) ;
#1607 = VERTEX_POINT ( 'NONE', #1204 ) ;
#1608 = VERTEX_POINT ( 'NONE', #1207 ) ;
#1609 = VERTEX_POINT ( 'NONE', #1218 ) ;
#1610 = VERTEX_POINT ( 'NONE', #1228 ) ;
#1611 = VERTEX_POINT ( 'NONE', #1243 ) ;
#1612 = VERTEX_POINT ( 'NONE', #1238 ) ;
#1613 = VERTEX_POINT ( 'NONE', #1237 ) ;
#1614 = VERTEX_POINT ( 'NONE', #1229 ) ;
#1615 = VERTEX_POINT ( 'NONE', #1221 ) ;
#1616 = VERTEX_POINT ( 'NONE', #1193 ) ;
#1617 = VERTEX_POINT ( 'NONE', #1213 ) ;
#1618 = VERTEX_POINT ( 'NONE', #1206 ) ;
#1619 = VERTEX_POINT ( 'NONE', #1232 ) ;
#1620 = VERTEX_POINT ( 'NONE', #1225 ) ;
#1621 = VERTEX_POINT ( 'NONE', #1198 ) ;
#1622 = VERTEX_POINT ( 'NONE', #1245 ) ;
#1623 = VERTEX_POINT ( 'NONE', #1209 ) ;
#1624 = VERTEX_POINT ( 'NONE', #1191 ) ;
#1625 = VERTEX_POINT ( 'NONE', #1239 ) ;
#1626 = VERTEX_POINT ( 'NONE', #1210 ) ;
#1627 = VERTEX_POINT ( 'NONE', #1199 ) ;
#1628 = VERTEX_POINT ( 'NONE', #1244 ) ;
#1629 = VERTEX_POINT ( 'NONE', #1219 ) ;
#1630 = VERTEX_POINT ( 'NONE', #1240 ) ;
#1631 = VERTEX_POINT ( 'NONE', #1224 ) ;
#1632 = VERTEX_POINT ( 'NONE', #1211 ) ;
#1633 = VERTEX_POINT ( 'NONE', #1246 ) ;
#1634 = VERTEX_POINT ( 'NONE', #1249 ) ;
#1635 = VERTEX_POINT ( 'NONE', #1212 ) ;
#1636 = VERTEX_POINT ( 'NONE', #1194 ) ;
#1637 = VERTEX_POINT ( 'NONE', #1241 ) ;
#1638 = VERTEX_POINT ( 'NONE', #1248 ) ;
#1639 = VERTEX_POINT ( 'NONE', #1195 ) ;
#1640 = VERTEX_POINT ( 'NONE', #1233 ) ;
#1641 = VERTEX_POINT ( 'NONE', #1242 ) ;
#1642 = VERTEX_POINT ( 'NONE', #1227 ) ;
#1643 = DIRECTION ( 'NONE',  ( 0.08715574274765891500, 1.705302068707476600E-015, 0.9961946980917454300 ) ) ;
#1644 = SURFACE_STYLE_USAGE ( .BOTH. , #1679 ) ;
#1645 = CARTESIAN_POINT ( 'NONE',  ( 0.2931514317997431800, 1.562235544595732600, -1.874982720918670700 ) ) ;
#1646 = DIRECTION ( 'NONE',  ( 0.9961946980917455500, 0.0000000000000000000, -0.08715574274765838800 ) ) ;
#1647 = DIRECTION ( 'NONE',  ( -0.0000000000000000000, -1.000000000000000000, 1.715124499442879900E-015 ) ) ;
#1648 = CARTESIAN_POINT ( 'NONE',  ( -3.409201195139455600, 2.105936331997296600, -9.730765685604746200 ) ) ;
#1649 =( NAMED_UNIT ( * ) PLANE_ANGLE_UNIT ( ) SI_UNIT ( $, .RADIAN. ) );
#1650 = DIRECTION ( 'NONE',  ( -0.0000000000000000000, -1.000000000000000000, 1.715124499442879700E-015 ) ) ;
#1651 = VERTEX_POINT ( 'NONE', #1236 ) ;
#1652 = DIRECTION ( 'NONE',  ( -0.1386435052934081300, -0.9902680687415698100, 0.01212973498466961300 ) ) ;
#1653 = DIRECTION ( 'NONE',  ( 0.0000000000000000000, 1.000000000000000000, -1.715124499442879900E-015 ) ) ;
#1654 = DIRECTION ( 'NONE',  ( 0.08715574274765845700, -2.322295495842179000E-016, 0.9961946980917455500 ) ) ;
#1655 = VERTEX_POINT ( 'NONE', #1214 ) ;
#1656 = FILL_AREA_STYLE ('',( #1558 ) ) ;
#1657 = DIRECTION ( 'NONE',  ( 0.0000000000000000000, 1.000000000000000000, -1.715124499442879900E-015 ) ) ;
#1658 = CARTESIAN_POINT ( 'NONE',  ( 1.722216781433104400, 2.120436819125291400, -1.751030802365717700 ) ) ;
#1659 = VERTEX_POINT ( 'NONE', #1192 ) ;
#1660 = DIRECTION ( 'NONE',  ( 0.0000000000000000000, 2.135044278125299400E-015, 1.000000000000000000 ) ) ;
#1661 = VERTEX_POINT ( 'NONE', #1197 ) ;
#1662 =( CONVERSION_BASED_UNIT ( 'INCH', #705 ) LENGTH_UNIT ( ) NAMED_UNIT ( #1527 ) );
#1663 = DIRECTION ( 'NONE',  ( 0.0000000000000000000, 1.000000000000000000, -1.715124499442879700E-015 ) ) ;
#1664 = DIRECTION ( 'NONE',  ( 0.9961946980917455500, 0.0000000000000000000, -0.08715574274765837400 ) ) ;
#1665 = CARTESIAN_POINT ( 'NONE',  ( 1.200376999629890100, 2.230021937991484300, -1.705375737281093400 ) ) ;
#1666 = DIRECTION ( 'NONE',  ( 0.08715574274765845700, -2.322295495842179000E-016, 0.9961946980917455500 ) ) ;
#1667 = CARTESIAN_POINT ( 'NONE',  ( -3.326403280154845100, 2.353967828060288700, -9.005908003378525700 ) ) ;
#1668 = VERTEX_POINT ( 'NONE', #1226 ) ;
#1669 = CARTESIAN_POINT ( 'NONE',  ( -3.240620068789037900, 2.353967828060293100, -7.769495898957528900 ) ) ;
#1670 = CARTESIAN_POINT ( 'NONE',  ( 2.753919991393516000, 2.010851700259098400, -1.841293137360560100 ) ) ;
#1671 = CARTESIAN_POINT ( 'NONE',  ( -3.156329407969070000, 2.105936331997300100, -6.788859869636554300 ) ) ;
#1672 = VERTEX_POINT ( 'NONE', #1215 ) ;
#1673 =( NAMED_UNIT ( * ) SI_UNIT ( $, .STERADIAN. ) SOLID_ANGLE_UNIT ( ) );
#1674 = VERTEX_POINT ( 'NONE', #1200 ) ;
#1675 = VERTEX_POINT ( 'NONE', #1216 ) ;
#1676 = VERTEX_POINT ( 'NONE', #1220 ) ;
#1677 = DIRECTION ( 'NONE',  ( 0.0000000000000000000, 2.135044278125299400E-015, 1.000000000000000000 ) ) ;
#1678 = CARTESIAN_POINT ( 'NONE',  ( -2.622315091384841900, 2.353967828060289100, -9.702278851446440200 ) ) ;
#1679 = SURFACE_SIDE_STYLE ('',( #715 ) ) ;
#1680 = CARTESIAN_POINT ( 'NONE',  ( -3.326403280154845100, 2.353967828060289100, -8.750002491567501700 ) ) ;
#1681 = DIRECTION ( 'NONE',  ( 0.9961946980917455500, 0.0000000000000000000, -0.08715574274765840200 ) ) ;
#1682 = DIRECTION ( 'NONE',  ( 0.0000000000000000000, 2.135044278125299400E-015, 1.000000000000000000 ) ) ;
#1683 = DIRECTION ( 'NONE',  ( -0.0000000000000000000, -1.000000000000000000, 1.715124499442879900E-015 ) ) ;
#1684 = VERTEX_POINT ( 'NONE', #1217 ) ;
#1685 = DIRECTION ( 'NONE',  ( 0.08715574274765845700, -2.305988929144469000E-016, 0.9961946980917455500 ) ) ;
#1686 = CARTESIAN_POINT ( 'NONE',  ( -3.409201195139455600, 2.353967828060288700, -9.986671197415770300 ) ) ;
#1687 = DIRECTION ( 'NONE',  ( 0.08715574274765845700, -2.322295495842179000E-016, 0.9961946980917454300 ) ) ;
#1688 = CARTESIAN_POINT ( 'NONE',  ( 1.178759630365706900, 2.230021937991484300, -1.952463398618811600 ) ) ;
#1689 = CARTESIAN_POINT ( 'NONE',  ( 1.955531126247517900, 2.120436819125291400, -2.020422098658542600 ) ) ;
#1690 =( LENGTH_UNIT ( ) NAMED_UNIT ( * ) SI_UNIT ( $, .METRE. ) );
#1691 = DIRECTION ( 'NONE',  ( 0.08715574274765862400, 1.101411730778922600E-015, 0.9961946980917454300 ) ) ;
#1692 = CARTESIAN_POINT ( 'NONE',  ( 1.767651768505787300, 0.6240961227414685300, -1.755005848662023000 ) ) ;
#1693 = DIRECTION ( 'NONE',  ( -0.08715574274765845700, 2.322295495842179000E-016, -0.9961946980917454300 ) ) ;
#1694 = DIRECTION ( 'NONE',  ( 0.0000000000000000000, 1.000000000000000000, -1.715124499442879700E-015 ) ) ;
#1695 = CARTESIAN_POINT ( 'NONE',  ( 2.544423264387603000, 0.5145110038752756000, -1.822964548701756700 ) ) ;
#1696 = CARTESIAN_POINT ( 'NONE',  ( -4.193606468568109600, 2.353967828060289100, -9.662139108975846800 ) ) ;
#1697 = CARTESIAN_POINT ( 'NONE',  ( 1.977148495511700900, 2.120436819125291400, -1.773334437320825700 ) ) ;
#1698 = CARTESIAN_POINT ( 'NONE',  ( -2.657480314960630100, 2.105936331997307200, -2.051574803149606400 ) ) ;
#1699 = DIRECTION ( 'NONE',  ( -0.08715574274765845700, 2.322295495842179000E-016, -0.9961946980917455500 ) ) ;
#1700 = DIRECTION ( 'NONE',  ( 0.08715574274765845700, -2.305988929144469000E-016, 0.9961946980917455500 ) ) ;
#1701 = DIRECTION ( 'NONE',  ( 0.9961946980917455500, 0.0000000000000000000, -0.08715574274765840200 ) ) ;
#1702 = DIRECTION ( 'NONE',  ( 2.664535259100380000E-015, 1.000000000000000000, 0.0000000000000000000 ) ) ;
#1703 = CARTESIAN_POINT ( 'NONE',  ( -1.968503937007874100, 2.353967828060300200, -2.229183160789035800 ) ) ;
#1704 = CARTESIAN_POINT ( 'NONE',  ( -3.409201195139455600, 2.353967828060289600, -9.474860173793722100 ) ) ;
#1705 = CARTESIAN_POINT ( 'NONE',  ( 1.091540296945740600, 1.452650425729539600, -1.695853759620690000 ) ) ;
#1706 = DIRECTION ( 'NONE',  ( 0.08715574274765845700, -2.322295495842179000E-016, 0.9961946980917454300 ) ) ;
#1707 = CARTESIAN_POINT ( 'NONE',  ( 1.977148495511700900, 2.120436819125291400, -1.773334437320827300 ) ) ;
#1708 = CARTESIAN_POINT ( 'NONE',  ( 2.522805895123418000, 0.5145110038752760400, -2.070052210039472500 ) ) ;
#1709 = DIRECTION ( 'NONE',  ( -0.9961946980917451000, 2.677705070082071200E-016, 0.08715574274766395300 ) ) ;
#1710 = CARTESIAN_POINT ( 'NONE',  ( 1.746034399241604500, 0.6240961227414685300, -2.002093509999740100 ) ) ;
#1711 = DIRECTION ( 'NONE',  ( 0.08715574274765845700, -2.322295495842179000E-016, 0.9961946980917455500 ) ) ;
#1712 = CARTESIAN_POINT ( 'NONE',  ( 0.6144332271466077500, 0.8391381337232009000, -1.778601767766985900 ) ) ;
#1713 = CARTESIAN_POINT ( 'NONE',  ( 0.6036245425145138100, -0.01256760501056440400, -1.902145598435844600 ) ) ;
#1714 = DIRECTION ( 'NONE',  ( -0.9961946980917455500, 0.0000000000000000000, 0.08715574274765838800 ) ) ;
#1715 = DIRECTION ( 'NONE',  ( 0.08715574274761803100, -0.0000000000000000000, 0.9961946980917491000 ) ) ;
#1716 = DIRECTION ( 'NONE',  ( 0.08715574274765845700, -2.322295495842179000E-016, 0.9961946980917455500 ) ) ;
#1717 = DIRECTION ( 'NONE',  ( -0.9961946980917455500, 0.0000000000000000000, 0.08715574274765838800 ) ) ;
#1718 = CARTESIAN_POINT ( 'NONE',  ( -3.850473623104886400, 2.105936331997306800, -5.740112738535905200 ) ) ;
#1719 = CARTESIAN_POINT ( 'NONE',  ( -3.326403280154845100, 2.105936331997296600, -8.750002491567501700 ) ) ;
#1720 = DIRECTION ( 'NONE',  ( 1.489141219000823400E-016, 1.000000000000000000, -1.302829750517483100E-017 ) ) ;
#1721 = DIRECTION ( 'NONE',  ( 0.08715574274765845700, -2.322295495842179000E-016, 0.9961946980917455500 ) ) ;
#1722 = DIRECTION ( 'NONE',  ( -0.08715574274765797200, -1.686026076126094800E-015, -0.9961946980917456600 ) ) ;
#1723 = DIRECTION ( 'NONE',  ( 0.0000000000000000000, 1.000000000000000000, -1.715124499442879700E-015 ) ) ;
#1724 = CARTESIAN_POINT ( 'NONE',  ( 1.111793369187702900, -0.01256760501056588900, -1.946604609927019800 ) ) ;
#1725 = CARTESIAN_POINT ( 'NONE',  ( 1.133410738451885900, -0.01256760501056594600, -1.699516948589303600 ) ) ;
#1726 = DIRECTION ( 'NONE',  ( -0.08715574274765884600, 0.0000000000000000000, -0.9961946980917454300 ) ) ;
#1727 = CARTESIAN_POINT ( 'NONE',  ( -2.036052313092051100, -0.01256760501056571100, -1.653543307086614300 ) ) ;
#1728 = DIRECTION ( 'NONE',  ( 0.0000000000000000000, 1.000000000000000000, -1.715124499442879900E-015 ) ) ;
#1729 = DIRECTION ( 'NONE',  ( 0.0000000000000000000, 2.135044278125299400E-015, 1.000000000000000000 ) ) ;
#1730 = DIRECTION ( 'NONE',  ( 0.9961946980917455500, 0.0000000000000000000, -0.08715574274765837400 ) ) ;
#1731 = DIRECTION ( 'NONE',  ( 5.077788558347159900E-031, -1.000000000000000000, 1.503327405774718600E-046 ) ) ;
#1732 = DIRECTION ( 'NONE',  ( 0.0000000000000000000, 2.135044278125299400E-015, 1.000000000000000000 ) ) ;
#1733 = DIRECTION ( 'NONE',  ( 0.1386435052934058600, 0.9902680687415700300, -0.01212973498466922600 ) ) ;
#1734 = CARTESIAN_POINT ( 'NONE',  ( -1.968503937007873600, 2.353967828060303400, -2.229183160789035800 ) ) ;
#1735 = CARTESIAN_POINT ( 'NONE',  ( 1.111793369187700900, -0.7999691798137168500, -1.946604609927019800 ) ) ;
#1736 = DIRECTION ( 'NONE',  ( 0.9961946980917454300, 0.0000000000000000000, -0.08715574274765826300 ) ) ;
#1737 = DIRECTION ( 'NONE',  ( -1.000000000000000000, 0.0000000000000000000, 0.0000000000000000000 ) ) ;
#1738 = DIRECTION ( 'NONE',  ( -0.0000000000000000000, -0.0000000000000000000, -1.000000000000000000 ) ) ;
#1739 = CARTESIAN_POINT ( 'NONE',  ( -3.312682504871297800, 0.1505086006481346200, -1.653543307086614300 ) ) ;
#1740 = DIRECTION ( 'NONE',  ( -2.960594732333750100E-016, -1.000000000000000000, 0.0000000000000000000 ) ) ;
#1741 = CARTESIAN_POINT ( 'NONE',  ( 0.5905511811023640400, -0.7999691798137165100, -2.051574803149606400 ) ) ;
#1742 = CARTESIAN_POINT ( 'NONE',  ( -2.903457425509166100, 2.353967828060297100, -3.846951781673629200 ) ) ;
#1743 = CARTESIAN_POINT ( 'NONE',  ( -3.543307086614173200, 1.955936331997307300, -2.051574803149606400 ) ) ;
#1744 = DIRECTION ( 'NONE',  ( -1.000000000000000000, 9.868649107779168700E-017, 0.0000000000000000000 ) ) ;
#1745 = DIRECTION ( 'NONE',  ( 0.08715574274765935900, -8.260587980841936800E-016, 0.9961946980917454300 ) ) ;
#1746 = CARTESIAN_POINT ( 'NONE',  ( 1.955531126247517900, 2.120436819125291400, -2.020422098658542600 ) ) ;
#1747 = DIRECTION ( 'NONE',  ( -0.0000000000000000000, -1.715124499442879700E-015, -1.000000000000000000 ) ) ;
#1748 = CARTESIAN_POINT ( 'NONE',  ( 0.2997742221919476600, 1.562235544595732600, -1.653543307086614300 ) ) ;
#1749 = DIRECTION ( 'NONE',  ( 1.000000000000000000, 0.0000000000000000000, 0.0000000000000000000 ) ) ;
#1750 = DIRECTION ( 'NONE',  ( 0.0000000000000000000, 1.000000000000000000, -1.715124499442879900E-015 ) ) ;
#1751 = DIRECTION ( 'NONE',  ( 0.0000000000000000000, 2.135044278125299400E-015, 1.000000000000000000 ) ) ;
#1752 = DIRECTION ( 'NONE',  ( 1.000000000000000000, 0.0000000000000000000, 0.0000000000000000000 ) ) ;
#1753 = CARTESIAN_POINT ( 'NONE',  ( -1.574803149606299300, 0.7748339697925826800, -1.653543307086614300 ) ) ;
#1754 = CARTESIAN_POINT ( 'NONE',  ( 0.5905511811023642600, 0.8304910535544347500, -1.653543307086614300 ) ) ;
#1755 = DIRECTION ( 'NONE',  ( 1.000000000000000000, -0.0000000000000000000, -0.0000000000000000000 ) ) ;
#1756 = CARTESIAN_POINT ( 'NONE',  ( -1.968503937007874100, 2.353967828060299400, -2.757966112813508000 ) ) ;
#1757 = CARTESIAN_POINT ( 'NONE',  ( 0.5905511811023622700, 3.038205597340712500, -1.901574803149606300 ) ) ;
#1758 = CARTESIAN_POINT ( 'NONE',  ( 0.6252419117786973700, 0.8391381337232009000, -1.655057937098127800 ) ) ;
#1759 = CARTESIAN_POINT ( 'NONE',  ( -0.1732283464566929400, 0.2079048359343165500, -1.901574803149606300 ) ) ;
#1760 = DIRECTION ( 'NONE',  ( 3.965082230804130700E-016, 1.000000000000000000, 0.0000000000000000000 ) ) ;
#1761 = DIRECTION ( 'NONE',  ( 0.0000000000000000000, -6.863396541945823700E-016, 1.000000000000000000 ) ) ;
#1762 = DIRECTION ( 'NONE',  ( 0.08715574274765845700, -2.322295495842179000E-016, 0.9961946980917455500 ) ) ;
#1763 = DIRECTION ( 'NONE',  ( 0.9961946980917455500, 0.0000000000000000000, -0.08715574274765840200 ) ) ;
#1764 = DIRECTION ( 'NONE',  ( 0.0000000000000000000, 0.0000000000000000000, 1.000000000000000000 ) ) ;
#1765 = CARTESIAN_POINT ( 'NONE',  ( -1.968503937007874100, 3.038205597340712500, -1.653543307086614300 ) ) ;
#1766 = CARTESIAN_POINT ( 'NONE',  ( -3.409201195139455600, 2.353967828060289100, -9.730765685604746200 ) ) ;
#1767 = CARTESIAN_POINT ( 'NONE',  ( 0.6021982514803341200, 0.8332735229960781500, -1.653543307086614300 ) ) ;
#1768 = DIRECTION ( 'NONE',  ( 1.000000000000000000, 0.0000000000000000000, 0.0000000000000000000 ) ) ;
#1769 = DIRECTION ( 'NONE',  ( -0.0000000000000000000, 1.000000000000000000, 0.0000000000000000000 ) ) ;
#1770 = DIRECTION ( 'NONE',  ( 0.0000000000000000000, -0.0000000000000000000, 1.000000000000000000 ) ) ;
#1771 = CARTESIAN_POINT ( 'NONE',  ( -2.657480314960630100, 2.353967828060299400, -2.051574803149606400 ) ) ;
#1772 = DIRECTION ( 'NONE',  ( -1.000000000000000000, 0.0000000000000000000, 0.0000000000000000000 ) ) ;
#1773 = CARTESIAN_POINT ( 'NONE',  ( -3.409201195139455600, 2.353967828060289100, -9.730765685604746200 ) ) ;
#1774 = CARTESIAN_POINT ( 'NONE',  ( -1.968503937007874100, 0.7748339697925827900, -1.901574803149606300 ) ) ;
#1775 = DIRECTION ( 'NONE',  ( 0.0000000000000000000, 2.135044278125299400E-015, 1.000000000000000000 ) ) ;
#1776 = DIRECTION ( 'NONE',  ( -0.0000000000000000000, -1.000000000000000000, 1.715124499442879900E-015 ) ) ;
#1777 = CARTESIAN_POINT ( 'NONE',  ( 0.2997742221919476600, 1.562235544595732600, -1.901574803149606300 ) ) ;
#1778 = DIRECTION ( 'NONE',  ( -0.0000000000000000000, -0.0000000000000000000, -1.000000000000000000 ) ) ;
#1779 = CARTESIAN_POINT ( 'NONE',  ( -1.574803149606299300, 1.168534757194157600, -1.653543307086614300 ) ) ;
#1780 = CARTESIAN_POINT ( 'NONE',  ( 0.6137762453632384900, 0.8361558830523329000, -1.654054821267005200 ) ) ;
#1781 = CARTESIAN_POINT ( 'NONE',  ( -3.543307086614173200, -0.7999691798137165100, -1.901574803149606300 ) ) ;
#1782 = DIRECTION ( 'NONE',  ( 0.0000000000000000000, 0.0000000000000000000, 1.000000000000000000 ) ) ;
#1783 = DIRECTION ( 'NONE',  ( -0.0000000000000000000, 1.000000000000000000, 0.0000000000000000000 ) ) ;
#1784 = CARTESIAN_POINT ( 'NONE',  ( -0.5305586140654685600, -0.7999691798137162900, -1.553938493789461600 ) ) ;
#1785 = CARTESIAN_POINT ( 'NONE',  ( -0.6141732283464567100, 0.2079048359343165500, -1.901574803149606300 ) ) ;
#1786 = CARTESIAN_POINT ( 'NONE',  ( 0.5905511811023622700, 3.038205597340712500, -1.653543307086614300 ) ) ;
#1787 = DIRECTION ( 'NONE',  ( -0.0000000000000000000, 0.0000000000000000000, -1.000000000000000000 ) ) ;
#1788 = DIRECTION ( 'NONE',  ( 0.0000000000000000000, 1.000000000000000000, -1.715124499442879900E-015 ) ) ;
#1789 = DIRECTION ( 'NONE',  ( -1.000000000000000000, 0.0000000000000000000, 0.0000000000000000000 ) ) ;
#1790 = DIRECTION ( 'NONE',  ( 0.0000000000000000000, 0.0000000000000000000, 1.000000000000000000 ) ) ;
#1791 = DIRECTION ( 'NONE',  ( 1.000000000000000000, 0.0000000000000000000, 0.0000000000000000000 ) ) ;
#1792 = CARTESIAN_POINT ( 'NONE',  ( -3.543307086614173200, 1.955936331997307300, -2.051574803149606400 ) ) ;
#1793 = DIRECTION ( 'NONE',  ( 0.0000000000000000000, 0.0000000000000000000, 1.000000000000000000 ) ) ;
#1794 = CARTESIAN_POINT ( 'NONE',  ( -1.968503937007874100, 1.168534757194157600, -1.653543307086614300 ) ) ;
#1795 = CARTESIAN_POINT ( 'NONE',  ( -0.1732283464566929400, 0.2079048359343165500, -1.653543307086614300 ) ) ;
#1796 = CARTESIAN_POINT ( 'NONE',  ( -0.5487822063341810700, 1.955936331997307300, -1.653543307086614300 ) ) ;
#1797 = DIRECTION ( 'NONE',  ( -1.000000000000000000, -9.912705577010330500E-017, 0.0000000000000000000 ) ) ;
#1798 = CARTESIAN_POINT ( 'NONE',  ( -2.952755905511811100, -0.2094179987113527500, -1.901574803149606300 ) ) ;
#1799 = CARTESIAN_POINT ( 'NONE',  ( -2.755905511811024100, 0.7072855937084054900, -1.901574803149606300 ) ) ;
#1800 = CARTESIAN_POINT ( 'NONE',  ( -3.156329407969070000, 2.353967828060292300, -6.788859869636554300 ) ) ;
#1801 = CARTESIAN_POINT ( 'NONE',  ( -0.1732283464566929400, -0.2330400459554472500, -1.901574803149606300 ) ) ;
#1802 = DIRECTION ( 'NONE',  ( -0.7071067811865469100, 0.7071067811865479100, 0.0000000000000000000 ) ) ;
#1803 = DIRECTION ( 'NONE',  ( -1.000000000000000000, -0.0000000000000000000, 0.0000000000000000000 ) ) ;
#1804 = CARTESIAN_POINT ( 'NONE',  ( 0.5993036533905634600, 0.8361558830523159200, -1.901767569621146200 ) ) ;
#1805 = CARTESIAN_POINT ( 'NONE',  ( -3.072038747149103100, 2.353967828060294000, -5.808223840315579700 ) ) ;
#1806 = DIRECTION ( 'NONE',  ( 0.0000000000000000000, 1.000000000000000000, -1.715124499442879900E-015 ) ) ;
#1807 = DIRECTION ( 'NONE',  ( 0.0000000000000000000, 0.0000000000000000000, 1.000000000000000000 ) ) ;
#1808 = DIRECTION ( 'NONE',  ( 1.000000000000000000, 0.0000000000000000000, 0.0000000000000000000 ) ) ;
#1809 = DIRECTION ( 'NONE',  ( 0.0000000000000000000, 0.0000000000000000000, 1.000000000000000000 ) ) ;
#1810 = DIRECTION ( 'NONE',  ( -1.000000000000000000, 2.731847993664264000E-015, 3.460340791974734100E-014 ) ) ;
#1811 = DIRECTION ( 'NONE',  ( -0.0000000000000000000, 1.000000000000000000, 0.0000000000000000000 ) ) ;
#1812 = CARTESIAN_POINT ( 'NONE',  ( -0.5487822063341810700, -0.7999691798137162900, -1.653543307086614300 ) ) ;
#1813 = DIRECTION ( 'NONE',  ( 0.0000000000000000000, 0.0000000000000000000, 1.000000000000000000 ) ) ;
#1814 = DIRECTION ( 'NONE',  ( -1.000000000000000000, 0.0000000000000000000, 0.0000000000000000000 ) ) ;
#1815 = DIRECTION ( 'NONE',  ( -0.0000000000000000000, -0.0000000000000000000, 1.000000000000000000 ) ) ;
#1816 = CARTESIAN_POINT ( 'NONE',  ( 0.5949404331438898900, 0.8332735229960612800, -1.901574803149606500 ) ) ;
#1817 = DIRECTION ( 'NONE',  ( 0.0000000000000000000, 1.734723475976805500E-015, 1.000000000000000000 ) ) ;
#1818 = DIRECTION ( 'NONE',  ( 1.000000000000000000, 0.0000000000000000000, -0.0000000000000000000 ) ) ;
#1819 = DIRECTION ( 'NONE',  ( -0.0000000000000000000, 0.0000000000000000000, 1.000000000000000000 ) ) ;
#1820 = DIRECTION ( 'NONE',  ( -1.000000000000000000, 0.0000000000000000000, 0.0000000000000000000 ) ) ;
#1821 = CARTESIAN_POINT ( 'NONE',  ( -1.968503937007874100, 1.955936331997307300, -2.051574803149606400 ) ) ;
#1822 = DIRECTION ( 'NONE',  ( 0.0000000000000000000, 1.000000000000000000, -1.715124499442879900E-015 ) ) ;
#1823 = DIRECTION ( 'NONE',  ( -2.664535259100380000E-015, -1.000000000000000000, -0.0000000000000000000 ) ) ;
#1824 = DIRECTION ( 'NONE',  ( 0.0000000000000000000, 2.135044278125299400E-015, 1.000000000000000000 ) ) ;
#1825 = DIRECTION ( 'NONE',  ( 0.0000000000000000000, 2.135044278125299400E-015, 1.000000000000000000 ) ) ;
#1826 = CARTESIAN_POINT ( 'NONE',  ( -2.036052313092051100, -0.01256760501056571100, -1.901574803149606300 ) ) ;
#1827 = CARTESIAN_POINT ( 'NONE',  ( 0.6036245425145185800, 0.8391381337232009000, -1.902145598435844000 ) ) ;
#1828 = CARTESIAN_POINT ( 'NONE',  ( -2.592829306152324000, -0.5693445980708399200, -1.653543307086614300 ) ) ;
#1829 = CARTESIAN_POINT ( 'NONE',  ( 0.5905511811023653700, 0.8304910535544337600, -1.901574803149606300 ) ) ;
#1830 = CARTESIAN_POINT ( 'NONE',  ( -1.574803149606299300, 1.168534757194157600, -1.901574803149606300 ) ) ;
#1831 = DIRECTION ( 'NONE',  ( 1.000000000000000000, 0.0000000000000000000, 0.0000000000000000000 ) ) ;
#1832 = DIRECTION ( 'NONE',  ( 0.0000000000000000000, 1.000000000000000000, -1.715124499442879700E-015 ) ) ;
#1833 = DIRECTION ( 'NONE',  ( 1.000000000000000000, -0.0000000000000000000, -0.0000000000000000000 ) ) ;
#1834 = CARTESIAN_POINT ( 'NONE',  ( -0.5487822063341810700, 0.7748339697925826800, -1.653543307086614300 ) ) ;
#1835 = CARTESIAN_POINT ( 'NONE',  ( -2.036052313092051100, -0.7999691798137166200, -1.653543307086614300 ) ) ;
#1836 = DIRECTION ( 'NONE',  ( -0.0000000000000000000, -1.000000000000000000, 1.715124499442879900E-015 ) ) ;
#1837 = CARTESIAN_POINT ( 'NONE',  ( -2.903457425509166100, 2.105936331997305000, -3.846951781673628300 ) ) ;
#1838 = DIRECTION ( 'NONE',  ( 0.0000000000000000000, 0.0000000000000000000, 1.000000000000000000 ) ) ;
#1839 = DIRECTION ( 'NONE',  ( 0.0000000000000000000, 1.000000000000000000, -1.715124499442879900E-015 ) ) ;
#1840 = DIRECTION ( 'NONE',  ( 0.0000000000000000000, 0.0000000000000000000, 1.000000000000000000 ) ) ;
#1841 = DIRECTION ( 'NONE',  ( 0.0000000000000000000, 2.135044278125299400E-015, 1.000000000000000000 ) ) ;
#1842 = CARTESIAN_POINT ( 'NONE',  ( 0.6252419117786950400, -0.01256760501056446200, -1.655057937098127800 ) ) ;
#1843 = CARTESIAN_POINT ( 'NONE',  ( -3.543307086614173200, 2.509422645316240300, -1.901574803149606300 ) ) ;
#1844 = DIRECTION ( 'NONE',  ( -0.0000000000000000000, 1.000000000000000000, 0.0000000000000000000 ) ) ;
#1845 = DIRECTION ( 'NONE',  ( 0.0000000000000000000, 2.135044278125299400E-015, 1.000000000000000000 ) ) ;
#1846 = CARTESIAN_POINT ( 'NONE',  ( -0.5487822063341810700, 1.955936331997307300, -1.901574803149606300 ) ) ;
#1847 = CARTESIAN_POINT ( 'NONE',  ( 0.9842519685039370400, 0.7748339697925827900, -1.901574803149606300 ) ) ;
#1848 = CARTESIAN_POINT ( 'NONE',  ( -3.543307086614173200, 3.038205597340712500, -1.653543307086614300 ) ) ;
#1849 = DIRECTION ( 'NONE',  ( 0.0000000000000000000, 1.000000000000000000, -1.715124499442879900E-015 ) ) ;
#1850 = CARTESIAN_POINT ( 'NONE',  ( -2.755905511811024100, 0.7072855937084054900, -1.653543307086614300 ) ) ;
#1851 = DIRECTION ( 'NONE',  ( 2.664535259100380000E-015, 1.000000000000000000, 0.0000000000000000000 ) ) ;
#1852 = CARTESIAN_POINT ( 'NONE',  ( -3.312682504871299100, 0.1505086006481332600, -1.653543307086614300 ) ) ;
#1853 = DIRECTION ( 'NONE',  ( 1.000000000000000000, 1.776356839400250100E-016, 0.0000000000000000000 ) ) ;
#1854 = DIRECTION ( 'NONE',  ( 0.9961946980917454300, 0.0000000000000000000, -0.08715574274765845700 ) ) ;
#1855 = DIRECTION ( 'NONE',  ( 0.0000000000000000000, -0.0000000000000000000, 1.000000000000000000 ) ) ;
#1856 = CARTESIAN_POINT ( 'NONE',  ( -1.968503937007874100, 1.955936331997307300, -2.051574803149606400 ) ) ;
#1857 = DIRECTION ( 'NONE',  ( 0.0000000000000000000, 1.000000000000000000, -1.715124499442879900E-015 ) ) ;
#1858 = CARTESIAN_POINT ( 'NONE',  ( -3.543307086614173200, 2.353967828060299400, -2.229183160789035800 ) ) ;
#1859 = DIRECTION ( 'NONE',  ( -1.000000000000000000, -0.0000000000000000000, 0.0000000000000000000 ) ) ;
#1860 = CARTESIAN_POINT ( 'NONE',  ( -3.156329407969070000, 2.353967828060292300, -6.788859869636554300 ) ) ;
#1861 = CARTESIAN_POINT ( 'NONE',  ( -3.409201195139455600, 2.353967828060289100, -9.730765685604746200 ) ) ;
#1862 = DIRECTION ( 'NONE',  ( 0.0000000000000000000, -1.000000000000000000, -0.0000000000000000000 ) ) ;
#1863 = CARTESIAN_POINT ( 'NONE',  ( -2.987748086329134400, 2.105936331997304100, -4.827587810994603300 ) ) ;
#1864 = DIRECTION ( 'NONE',  ( 0.0000000000000000000, 2.135044278125299400E-015, 1.000000000000000000 ) ) ;
#1865 = CARTESIAN_POINT ( 'NONE',  ( -3.240620068789037900, 2.353967828060292300, -8.025401410768552100 ) ) ;
#1866 = DIRECTION ( 'NONE',  ( -1.000000000000000000, -0.0000000000000000000, 0.0000000000000000000 ) ) ;
#1867 = DIRECTION ( 'NONE',  ( 1.000000000000000000, -9.912705577010340300E-017, 0.0000000000000000000 ) ) ;
#1868 = CARTESIAN_POINT ( 'NONE',  ( -2.987748086329134400, -0.7999691798137219500, -4.571682299183574800 ) ) ;
#1869 = DIRECTION ( 'NONE',  ( 0.0000000000000000000, 2.135044278125299400E-015, 1.000000000000000000 ) ) ;
#1870 = DIRECTION ( 'NONE',  ( -0.0000000000000000000, 1.000000000000000000, -1.715124499442879700E-015 ) ) ;
#1871 = CARTESIAN_POINT ( 'NONE',  ( -3.543307086614173600, 0.7072855937084054900, -1.653543307086614300 ) ) ;
#1872 = CARTESIAN_POINT ( 'NONE',  ( -3.240620068789037900, 2.353967828060293100, -7.769495898957528900 ) ) ;
#1873 = DIRECTION ( 'NONE',  ( 0.0000000000000000000, 1.000000000000000000, 0.0000000000000000000 ) ) ;
#1874 = DIRECTION ( 'NONE',  ( 0.0000000000000000000, 0.0000000000000000000, -1.000000000000000000 ) ) ;
#1875 = CARTESIAN_POINT ( 'NONE',  ( -0.5487822063341810700, -0.2330400459554471100, -1.653543307086614300 ) ) ;
#1876 = DIRECTION ( 'NONE',  ( 1.000000000000000000, 0.0000000000000000000, -0.0000000000000000000 ) ) ;
#1877 = CARTESIAN_POINT ( 'NONE',  ( -3.072038747149103100, -0.7999691798137244000, -6.064129352126598400 ) ) ;
#1878 = DIRECTION ( 'NONE',  ( -0.0000000000000000000, -0.0000000000000000000, 1.000000000000000000 ) ) ;
#1879 = DIRECTION ( 'NONE',  ( 0.0000000000000000000, -0.0000000000000000000, -1.000000000000000000 ) ) ;
#1880 = DIRECTION ( 'NONE',  ( -0.0000000000000000000, 0.0000000000000000000, 1.000000000000000000 ) ) ;
#1881 = DIRECTION ( 'NONE',  ( -0.0000000000000000000, -1.000000000000000000, 1.715124499442879900E-015 ) ) ;
#1882 = CARTESIAN_POINT ( 'NONE',  ( -0.6141732283464567100, -0.2330400459554472500, -1.653543307086614300 ) ) ;
#1883 = CARTESIAN_POINT ( 'NONE',  ( -0.1732283464566929400, -0.2330400459554472500, -1.653543307086614300 ) ) ;
#1884 = DIRECTION ( 'NONE',  ( -0.0000000000000000000, 0.0000000000000000000, 1.000000000000000000 ) ) ;
#1885 = CARTESIAN_POINT ( 'NONE',  ( -2.903457425509166100, -0.7999691798137210700, -4.102857293484647400 ) ) ;
#1886 = DIRECTION ( 'NONE',  ( 2.664535259100380000E-015, 1.000000000000000000, 0.0000000000000000000 ) ) ;
#1887 = DIRECTION ( 'NONE',  ( -1.000000000000000000, 0.0000000000000000000, 0.0000000000000000000 ) ) ;
#1888 = DIRECTION ( 'NONE',  ( 0.7071067811865493500, -0.7071067811865455700, 0.0000000000000000000 ) ) ;
#1889 = DIRECTION ( 'NONE',  ( 0.0000000000000000000, 1.000000000000000000, -1.715124499442879900E-015 ) ) ;
#1890 = CARTESIAN_POINT ( 'NONE',  ( -0.6141732283464567100, -0.2330400459554472500, -1.901574803149606300 ) ) ;
#1891 = DIRECTION ( 'NONE',  ( -1.000000000000000000, -0.0000000000000000000, 0.0000000000000000000 ) ) ;
#1892 = DIRECTION ( 'NONE',  ( 3.965082230804130700E-016, -1.000000000000000000, 0.0000000000000000000 ) ) ;
#1893 = DIRECTION ( 'NONE',  ( 0.0000000000000000000, 1.000000000000000000, -1.715124499442879900E-015 ) ) ;
#1894 = DIRECTION ( 'NONE',  ( 0.0000000000000000000, 2.135044278125299400E-015, 1.000000000000000000 ) ) ;
#1895 = DIRECTION ( 'NONE',  ( -0.0000000000000000000, 1.000000000000000000, -1.715124499442879700E-015 ) ) ;
#1896 = DIRECTION ( 'NONE',  ( -0.0000000000000000000, 0.0000000000000000000, 1.000000000000000000 ) ) ;
#1897 = DIRECTION ( 'NONE',  ( -0.0000000000000000000, 1.000000000000000000, -1.715124499442879700E-015 ) ) ;
#1898 = CARTESIAN_POINT ( 'NONE',  ( -0.6141732283464569300, 0.2079048359343165500, -1.653543307086614300 ) ) ;
#1899 = DIRECTION ( 'NONE',  ( -0.0000000000000000000, 1.000000000000000000, -1.715124499442879700E-015 ) ) ;
#1900 = CARTESIAN_POINT ( 'NONE',  ( -3.072038747149103100, 2.353967828060294000, -5.808223840315579700 ) ) ;
#1901 = CARTESIAN_POINT ( 'NONE',  ( -3.156329407969070000, -0.7999691798137255100, -6.532954357825524900 ) ) ;
#1902 = CARTESIAN_POINT ( 'NONE',  ( -3.543307086614173200, 2.353967828060299400, -2.757966112813508000 ) ) ;
#1903 = CARTESIAN_POINT ( 'NONE',  ( 0.5905511811023640400, -0.7999691798137165100, -2.051574803149606400 ) ) ;
#1904 = DIRECTION ( 'NONE',  ( 0.0000000000000000000, 2.135044278125299400E-015, 1.000000000000000000 ) ) ;
#1905 = CARTESIAN_POINT ( 'NONE',  ( -3.072038747149103100, -0.7999691798137236200, -5.552318328504550300 ) ) ;
#1906 = CARTESIAN_POINT ( 'NONE',  ( -2.987748086329134400, -0.7999691798137227300, -5.083493322805622000 ) ) ;
#1907 = DIRECTION ( 'NONE',  ( -0.0000000000000000000, 1.000000000000000000, -1.715124499442879700E-015 ) ) ;
#1908 = CARTESIAN_POINT ( 'NONE',  ( -2.987748086329134400, 2.353967828060295800, -4.827587810994604200 ) ) ;
#1909 = DIRECTION ( 'NONE',  ( -0.0000000000000000000, 1.000000000000000000, -1.715124499442879700E-015 ) ) ;
#1910 = CARTESIAN_POINT ( 'NONE',  ( -3.156329407969070000, 2.105936331997300100, -6.788859869636554300 ) ) ;
#1911 = DIRECTION ( 'NONE',  ( -0.0000000000000000000, 1.000000000000000000, -1.715124499442879700E-015 ) ) ;
#1912 = CARTESIAN_POINT ( 'NONE',  ( 0.2997742221919476600, 0.7748339697925826800, -1.653543307086614300 ) ) ;
#1913 = DIRECTION ( 'NONE',  ( -1.000000000000000000, 2.745358616778329900E-015, 0.0000000000000000000 ) ) ;
#1914 = DIRECTION ( 'NONE',  ( 0.0000000000000000000, 2.135044278125299400E-015, 1.000000000000000000 ) ) ;
#1915 = CARTESIAN_POINT ( 'NONE',  ( -2.903457425509166100, 2.353967828060297100, -3.846951781673629200 ) ) ;
#1916 = CARTESIAN_POINT ( 'NONE',  ( -0.5487822063341810700, 0.2079048359343167500, -1.653543307086614300 ) ) ;
#1917 = DIRECTION ( 'NONE',  ( 0.0000000000000000000, 1.715124499442879700E-015, 1.000000000000000000 ) ) ;
#1918 = CARTESIAN_POINT ( 'NONE',  ( -2.903457425509166100, -0.7999691798137202900, -3.591046269862599800 ) ) ;
#1919 = DIRECTION ( 'NONE',  ( 0.1386435052934049700, 0.9902680687415701400, -0.01212973498467136500 ) ) ;
#1920 = DIRECTION ( 'NONE',  ( 0.0000000000000000000, 1.000000000000000000, -1.715124499442879900E-015 ) ) ;
#1921 = DIRECTION ( 'NONE',  ( 0.0000000000000000000, -1.000000000000000000, -0.0000000000000000000 ) ) ;
#1922 = DIRECTION ( 'NONE',  ( 0.0000000000000000000, 1.000000000000000000, -1.715124499442879900E-015 ) ) ;
#1923 = DIRECTION ( 'NONE',  ( -0.0000000000000000000, 1.000000000000000000, -1.715124499442879700E-015 ) ) ;
#1924 = CARTESIAN_POINT ( 'NONE',  ( 2.732302622129331800, 2.010851700259099300, -2.088380798698275400 ) ) ;
#1925 = CARTESIAN_POINT ( 'NONE',  ( 1.069922927681559400, 1.452650425729539800, -1.942941420958405500 ) ) ;
#1926 = DIRECTION ( 'NONE',  ( -0.0000000000000000000, 1.000000000000000000, 0.0000000000000000000 ) ) ;
#1927 = DIRECTION ( 'NONE',  ( 0.9961946980917455500, 0.0000000000000000000, -0.08715574274765837400 ) ) ;
#1928 = CARTESIAN_POINT ( 'NONE',  ( -0.6141732283464567100, 3.038205597340712500, -1.653543307086614300 ) ) ;
#1929 = DIRECTION ( 'NONE',  ( 0.0000000000000000000, 1.000000000000000000, -1.715124499442879900E-015 ) ) ;
#1930 = DIRECTION ( 'NONE',  ( 0.0000000000000000000, 2.135044278125299400E-015, 1.000000000000000000 ) ) ;
#1931 = DIRECTION ( 'NONE',  ( -0.0000000000000000000, -1.000000000000000000, 1.715124499442879900E-015 ) ) ;
#1932 = CARTESIAN_POINT ( 'NONE',  ( 0.3147688010639260200, 1.562235544595732600, -1.627895059580955600 ) ) ;
#1933 = CARTESIAN_POINT ( 'NONE',  ( 0.5905511811023672600, 0.8304910535544344200, -1.653543307086614300 ) ) ;
#1934 = CARTESIAN_POINT ( 'NONE',  ( 2.232080209590297400, 2.120436819125291400, -1.795638072275936400 ) ) ;
#1935 = DIRECTION ( 'NONE',  ( 0.08715574274765845700, -2.322295495842179000E-016, 0.9961946980917454300 ) ) ;
#1936 = CARTESIAN_POINT ( 'NONE',  ( -2.987748086329134400, 2.105936331997304100, -4.827587810994603300 ) ) ;
#1937 = CARTESIAN_POINT ( 'NONE',  ( -3.326403280154845100, 2.105936331997296600, -8.750002491567501700 ) ) ;
#1938 = CARTESIAN_POINT ( 'NONE',  ( -3.072038747149103100, 2.105936331997301500, -5.808223840315579700 ) ) ;
#1939 = CARTESIAN_POINT ( 'NONE',  ( -3.409201195139455600, 2.105936331997296600, -9.730765685604746200 ) ) ;
#1940 = DIRECTION ( 'NONE',  ( 0.0000000000000000000, 0.0000000000000000000, 1.000000000000000000 ) ) ;
#1941 = DIRECTION ( 'NONE',  ( 0.0000000000000000000, 2.135044278125299400E-015, 1.000000000000000000 ) ) ;
#1942 = CARTESIAN_POINT ( 'NONE',  ( -3.156329407969070000, -0.7999691798137262800, -7.044765381447573000 ) ) ;
#1943 = CARTESIAN_POINT ( 'NONE',  ( -3.240620068789037900, 2.105936331997301000, -7.769495898957528900 ) ) ;
#1944 = DIRECTION ( 'NONE',  ( 0.0000000000000000000, 1.000000000000000000, -1.715124499442879900E-015 ) ) ;
#1945 = CARTESIAN_POINT ( 'NONE',  ( -2.987748086329134400, 2.353967828060295800, -4.827587810994604200 ) ) ;
#1946 = CARTESIAN_POINT ( 'NONE',  ( -1.968503937007874100, 2.105936331997307200, -0.4945944852653779100 ) ) ;
#1947 = DIRECTION ( 'NONE',  ( 0.0000000000000000000, 1.000000000000000000, -1.715124499442879900E-015 ) ) ;
#1948 = DIRECTION ( 'NONE',  ( 0.0000000000000000000, 2.135044278125299400E-015, 1.000000000000000000 ) ) ;
#1949 = DIRECTION ( 'NONE',  ( -0.1386435052934040800, -0.9902680687415703600, 0.01212973498466940600 ) ) ;
#1950 = DIRECTION ( 'NONE',  ( -2.960594732333750100E-016, 0.0000000000000000000, 1.000000000000000000 ) ) ;
#1951 = CARTESIAN_POINT ( 'NONE',  ( -2.903457425509166100, 2.105936331997305000, -3.846951781673628300 ) ) ;
#1952 = DIRECTION ( 'NONE',  ( 0.0000000000000000000, 2.135044278125299400E-015, 1.000000000000000000 ) ) ;
#1953 = CARTESIAN_POINT ( 'NONE',  ( 1.977148495511700900, 2.120436819125291400, -1.773334437320827300 ) ) ;
#1954 = DIRECTION ( 'NONE',  ( 0.0000000000000000000, 1.000000000000000000, -1.715124499442879900E-015 ) ) ;
#1955 = DIRECTION ( 'NONE',  ( 0.0000000000000000000, 2.135044278125299400E-015, 1.000000000000000000 ) ) ;
#1956 = DIRECTION ( 'NONE',  ( -0.08715574274765845700, 2.322295495842179000E-016, -0.9961946980917455500 ) ) ;
#1957 = DIRECTION ( 'NONE',  ( 0.08715574274765845700, -2.322295495842179000E-016, 0.9961946980917455500 ) ) ;
#1958 = CARTESIAN_POINT ( 'NONE',  ( -3.326403280154845100, 2.353967828060289100, -8.750002491567501700 ) ) ;
#1959 = DIRECTION ( 'NONE',  ( 0.0000000000000000000, 2.135044278125299400E-015, 1.000000000000000000 ) ) ;
#1960 = DIRECTION ( 'NONE',  ( 0.0000000000000000000, 2.135044278125299400E-015, 1.000000000000000000 ) ) ;
#1961 = CARTESIAN_POINT ( 'NONE',  ( -0.1732283464566928800, 3.038205597340712500, -1.653543307086614300 ) ) ;
#1962 = DIRECTION ( 'NONE',  ( 0.9961946980917455500, 0.0000000000000000000, -0.08715574274765840200 ) ) ;
#1963 = DIRECTION ( 'NONE',  ( 0.0000000000000000000, 2.135044278125299400E-015, 1.000000000000000000 ) ) ;
#1964 = DIRECTION ( 'NONE',  ( 0.0000000000000000000, 1.000000000000000000, -1.715124499442879900E-015 ) ) ;
#1965 = DIRECTION ( 'NONE',  ( 0.9961946980917454300, 0.0000000000000000000, -0.08715574274765836000 ) ) ;
#1966 = DIRECTION ( 'NONE',  ( 0.0000000000000000000, 1.000000000000000000, -1.715124499442879900E-015 ) ) ;
#1967 = CARTESIAN_POINT ( 'NONE',  ( 2.300692687747715800, 0.06731912968119498100, -2.050619822374717000 ) ) ;
#1968 = DIRECTION ( 'NONE',  ( 0.0000000000000000000, 1.000000000000000000, -1.715124499442879900E-015 ) ) ;
#1969 = DIRECTION ( 'NONE',  ( 0.7044160264027610200, 0.7071067811865452400, -0.06162841671621949200 ) ) ;
#1970 = CARTESIAN_POINT ( 'NONE',  ( -3.409201195139455600, 2.105936331997296600, -9.730765685604746200 ) ) ;
#1971 = CARTESIAN_POINT ( 'NONE',  ( 2.322310057011896400, 0.06731912968119478600, -1.803532161036999900 ) ) ;
#1972 = CARTESIAN_POINT ( 'NONE',  ( -3.543307086614173200, 2.105936331997307200, -2.229183160789035800 ) ) ;
#1973 = CARTESIAN_POINT ( 'NONE',  ( 1.688069026957992300, -0.5693445980708388100, -1.748043260964278400 ) ) ;
#1974 = DIRECTION ( 'NONE',  ( 0.0000000000000000000, 1.000000000000000000, -1.715124499442879900E-015 ) ) ;
#1975 = DIRECTION ( 'NONE',  ( 0.9961946980917454300, 0.0000000000000000000, -0.08715574274765826300 ) ) ;
#1976 = DIRECTION ( 'NONE',  ( 0.0000000000000000000, 1.000000000000000000, -1.715124499442879700E-015 ) ) ;
#1977 = DIRECTION ( 'NONE',  ( -0.08715574274765845700, 2.305988929144469000E-016, -0.9961946980917454300 ) ) ;
#1978 = CARTESIAN_POINT ( 'NONE',  ( -1.968503937007874100, 2.105936331997303200, -2.229183160789035800 ) ) ;
#1979 = CARTESIAN_POINT ( 'NONE',  ( 1.955531126247517900, 2.120436819125291400, -2.020422098658542600 ) ) ;
#1980 = CARTESIAN_POINT ( 'NONE',  ( -3.072038747149103100, 2.105936331997301500, -5.808223840315579700 ) ) ;
#1981 = DIRECTION ( 'NONE',  ( 0.0000000000000000000, 1.000000000000000000, -1.715124499442879900E-015 ) ) ;
#1982 = DIRECTION ( 'NONE',  ( 0.0000000000000000000, 2.135044278125299400E-015, 1.000000000000000000 ) ) ;
#1983 = DIRECTION ( 'NONE',  ( 0.08715574274765845700, -2.322295495842179000E-016, 0.9961946980917455500 ) ) ;
#1984 = FILL_AREA_STYLE ('',( #1559 ) ) ;
#1985 = DIRECTION ( 'NONE',  ( 0.08715574274765815200, 0.0000000000000000000, 0.9961946980917454300 ) ) ;
#1986 = CARTESIAN_POINT ( 'NONE',  ( -3.240620068789037900, 2.105936331997301000, -7.769495898957528900 ) ) ;
#1987 = DIRECTION ( 'NONE',  ( 0.0000000000000000000, 1.000000000000000000, -1.715124499442879900E-015 ) ) ;
#1988 = DIRECTION ( 'NONE',  ( 0.0000000000000000000, 2.135044278125299400E-015, 1.000000000000000000 ) ) ;
#1989 = CARTESIAN_POINT ( 'NONE',  ( -3.240620068789037900, 2.353967828060293600, -7.513590387146504800 ) ) ;
#1990 = DIRECTION ( 'NONE',  ( -0.0000000000000000000, 0.0000000000000000000, -1.000000000000000000 ) ) ;
#1991 = CARTESIAN_POINT ( 'NONE',  ( -0.5521759833296535600, 3.038205597340712500, -1.801026155127177100 ) ) ;
#1992 = DIRECTION ( 'NONE',  ( 0.0000000000000000000, 2.135044278125299400E-015, 1.000000000000000000 ) ) ;
#1993 = DIRECTION ( 'NONE',  ( -0.08715574274765845700, 2.322295495842179000E-016, -0.9961946980917455500 ) ) ;
#1994 = CARTESIAN_POINT ( 'NONE',  ( 1.666451657693811800, -0.5693445980708394800, -1.995130922301996200 ) ) ;
#1995 = DIRECTION ( 'NONE',  ( 0.9961946980917454300, 0.0000000000000000000, -0.08715574274765836000 ) ) ;
#1996 = DIRECTION ( 'NONE',  ( -0.7044160264027592400, -0.7071067811865470200, 0.06162841671621856900 ) ) ;
#1997 = CARTESIAN_POINT ( 'NONE',  ( 1.977148495511700900, 2.120436819125291400, -1.773334437320825700 ) ) ;
#1998 = DIRECTION ( 'NONE',  ( 0.08715574274765397500, -4.130293990420974400E-015, 0.9961946980917457700 ) ) ;
#1999 = CARTESIAN_POINT ( 'NONE',  ( 1.133410738451885700, -0.7999691798137168500, -1.699516948589303400 ) ) ;
#2000 = DIRECTION ( 'NONE',  ( -0.08715574274766589600, 0.0000000000000000000, -0.9961946980917447700 ) ) ;
#2001 = FILL_AREA_STYLE_COLOUR ( '', #1434 ) ;
#2002 = CARTESIAN_POINT ( 'NONE',  ( 2.761553769599689900, 2.120436819125291400, -1.841961006413471500 ) ) ;
#2003 = DIRECTION ( 'NONE',  ( 0.0000000000000000000, 1.000000000000000000, -1.715124499442879700E-015 ) ) ;
#2004 = DIRECTION ( 'NONE',  ( 0.08715574274765845700, -2.322295495842179000E-016, 0.9961946980917454300 ) ) ;
#2005 = DIRECTION ( 'NONE',  ( 0.08715574274765845700, -2.322295495842179000E-016, 0.9961946980917455500 ) ) ;
#2006 = DIRECTION ( 'NONE',  ( 0.0000000000000000000, 2.135044278125299400E-015, 1.000000000000000000 ) ) ;
#2007 = DIRECTION ( 'NONE',  ( 0.0000000000000000000, 1.734723475976805500E-015, 1.000000000000000000 ) ) ;
#2008 = CARTESIAN_POINT ( 'NONE',  ( 1.955531126247517900, 2.120436819125291400, -2.020422098658542600 ) ) ;
#2009 = PLANE ( 'NONE',  #262 ) ;
#2010 = CARTESIAN_POINT ( 'NONE',  ( -3.326403280154845100, 2.353967828060289600, -8.494096979756477600 ) ) ;
#2011 =( NAMED_UNIT ( * ) SI_UNIT ( $, .STERADIAN. ) SOLID_ANGLE_UNIT ( ) );
#2012 =( NAMED_UNIT ( * ) PLANE_ANGLE_UNIT ( ) SI_UNIT ( $, .RADIAN. ) );
#2013 = SURFACE_STYLE_USAGE ( .BOTH. , #2016 ) ;
#2014 =( NAMED_UNIT ( * ) PLANE_ANGLE_UNIT ( ) SI_UNIT ( $, .RADIAN. ) );
#2015 = SURFACE_STYLE_USAGE ( .BOTH. , #2033 ) ;
#2016 = SURFACE_SIDE_STYLE ('',( #760 ) ) ;
#2017 =( CONVERSION_BASED_UNIT ( 'INCH', #755 ) LENGTH_UNIT ( ) NAMED_UNIT ( #1547 ) );
#2018 =( LENGTH_UNIT ( ) NAMED_UNIT ( * ) SI_UNIT ( $, .METRE. ) );
#2019 =( LENGTH_UNIT ( ) NAMED_UNIT ( * ) SI_UNIT ( $, .METRE. ) );
#2020 = SURFACE_STYLE_USAGE ( .BOTH. , #2034 ) ;
#2021 =( CONVERSION_BASED_UNIT ( 'INCH', #1466 ) LENGTH_UNIT ( ) NAMED_UNIT ( #1521 ) );
#2022 =( NAMED_UNIT ( * ) PLANE_ANGLE_UNIT ( ) SI_UNIT ( $, .RADIAN. ) );
#2023 =( CONVERSION_BASED_UNIT ( 'INCH', #744 ) LENGTH_UNIT ( ) NAMED_UNIT ( #1523 ) );
#2024 = CARTESIAN_POINT ( 'NONE',  ( -0.5305586140654685600, 3.038205597340712500, -1.553938493789460700 ) ) ;
#2025 = DIRECTION ( 'NONE',  ( 0.08715574274765847100, -2.322295495842178500E-016, 0.9961946980917455500 ) ) ;
#2026 = SURFACE_STYLE_USAGE ( .BOTH. , #2053 ) ;
#2027 = PLANE ( 'NONE',  #293 ) ;
#2028 = FILL_AREA_STYLE ('',( #2048 ) ) ;
#2029 = DIRECTION ( 'NONE',  ( 0.08715574274765847100, -2.322295495842178500E-016, 0.9961946980917455500 ) ) ;
#2030 = SURFACE_STYLE_USAGE ( .BOTH. , #2064 ) ;
#2031 = FILL_AREA_STYLE_COLOUR ( '', #1436 ) ;
#2032 =( NAMED_UNIT ( * ) PLANE_ANGLE_UNIT ( ) SI_UNIT ( $, .RADIAN. ) );
#2033 = SURFACE_SIDE_STYLE ('',( #748 ) ) ;
#2034 = SURFACE_SIDE_STYLE ('',( #1441 ) ) ;
#2035 =( NAMED_UNIT ( * ) SI_UNIT ( $, .STERADIAN. ) SOLID_ANGLE_UNIT ( ) );
#2036 =( LENGTH_UNIT ( ) NAMED_UNIT ( * ) SI_UNIT ( $, .METRE. ) );
#2037 = FILL_AREA_STYLE ('',( #2031 ) ) ;
#2038 = PLANE ( 'NONE',  #274 ) ;
#2039 = PLANE ( 'NONE',  #277 ) ;
#2040 =( LENGTH_UNIT ( ) NAMED_UNIT ( * ) SI_UNIT ( $, .METRE. ) );
#2041 = DIRECTION ( 'NONE',  ( 0.9961946980917454300, 0.0000000000000000000, -0.08715574274765826300 ) ) ;
#2042 = DIRECTION ( 'NONE',  ( 0.9961946980917454300, 0.0000000000000000000, -0.08715574274765845700 ) ) ;
#2043 = CARTESIAN_POINT ( 'NONE',  ( 1.977148495511700900, 2.120436819125291400, -1.773334437320827100 ) ) ;
#2044 = DIRECTION ( 'NONE',  ( 0.08715574274765845700, -2.322295495842179000E-016, 0.9961946980917455500 ) ) ;
#2045 = DIRECTION ( 'NONE',  ( 0.9961946980917454300, 0.0000000000000000000, -0.08715574274765845700 ) ) ;
#2046 = CARTESIAN_POINT ( 'NONE',  ( -0.5487822063341810700, 2.353967828060299400, -2.757966112813508000 ) ) ;
#2047 =( NAMED_UNIT ( * ) SI_UNIT ( $, .STERADIAN. ) SOLID_ANGLE_UNIT ( ) );
#2048 = FILL_AREA_STYLE_COLOUR ( '', #780 ) ;
#2049 =( CONVERSION_BASED_UNIT ( 'INCH', #767 ) LENGTH_UNIT ( ) NAMED_UNIT ( #1544 ) );
#2050 =( NAMED_UNIT ( * ) SI_UNIT ( $, .STERADIAN. ) SOLID_ANGLE_UNIT ( ) );
#2051 = FILL_AREA_STYLE ('',( #2001 ) ) ;
#2052 = CARTESIAN_POINT ( 'NONE',  ( -0.5487822063341810700, 2.105936331997307200, -2.757966112813508000 ) ) ;
#2053 = SURFACE_SIDE_STYLE ('',( #1438 ) ) ;
#2054 = FILL_AREA_STYLE ('',( #2059 ) ) ;
#2055 =( NAMED_UNIT ( * ) SI_UNIT ( $, .STERADIAN. ) SOLID_ANGLE_UNIT ( ) );
#2056 = DIRECTION ( 'NONE',  ( 0.0000000000000000000, 1.000000000000000000, -1.715124499442879700E-015 ) ) ;
#2057 = FILL_AREA_STYLE_COLOUR ( '', #770 ) ;
#2058 = FILL_AREA_STYLE ('',( #2057 ) ) ;
#2059 = FILL_AREA_STYLE_COLOUR ( '', #1440 ) ;
#2060 =( NAMED_UNIT ( * ) PLANE_ANGLE_UNIT ( ) SI_UNIT ( $, .RADIAN. ) );
#2061 = DIRECTION ( 'NONE',  ( 0.0000000000000000000, 1.000000000000000000, -1.715124499442879700E-015 ) ) ;
#2062 = DIRECTION ( 'NONE',  ( 0.0000000000000000000, 1.715124499442879700E-015, 1.000000000000000000 ) ) ;
#2063 =( LENGTH_UNIT ( ) NAMED_UNIT ( * ) SI_UNIT ( $, .METRE. ) );
#2064 = SURFACE_SIDE_STYLE ('',( #1457 ) ) ;
#2065 =( CONVERSION_BASED_UNIT ( 'INCH', #1475 ) LENGTH_UNIT ( ) NAMED_UNIT ( #1533 ) );
#2066 = CARTESIAN_POINT ( 'NONE',  ( 0.6138638897928634400, 0.8361560678294921400, -1.652568531502342400 ) ) ;
#2067 = FILL_AREA_STYLE_COLOUR ( '', #734 ) ;
#2068 = CARTESIAN_POINT ( 'NONE',  ( 0.6253716232911671300, 0.8391381337232009000, -1.653575327726318500 ) ) ;
#2069 = CARTESIAN_POINT ( 'NONE',  ( 0.6022264964168287900, 0.8332733119325866900, -1.652551125287449000 ) ) ;
#2070 = CARTESIAN_POINT ( 'NONE',  ( 0.6138349419821912400, 0.8361560678294921400, -1.653063984783300400 ) ) ;
#2071 = CARTESIAN_POINT ( 'NONE',  ( 0.6253283861203438000, 0.8391381337232009000, -1.654069530850254400 ) ) ;
#2072 = CARTESIAN_POINT ( 'NONE',  ( 0.6022119809431899500, 0.8332733119325866900, -1.653047216187031500 ) ) ;
#2073 = CARTESIAN_POINT ( 'NONE',  ( 0.6138059941715188200, 0.8361560678294921400, -1.653559438064258600 ) ) ;
#2074 = CARTESIAN_POINT ( 'NONE',  ( 0.6022410118904675300, 0.8332733119325866900, -1.652055034387866400 ) ) ;
#2075 = CARTESIAN_POINT ( 'NONE',  ( 0.5905511811023661500, 0.8304910535544369800, -1.653047216187031500 ) ) ;
#2076 = CARTESIAN_POINT ( 'NONE',  ( 0.5905511811023661500, 0.8304910535544369800, -1.653543307086614300 ) ) ;
#2077 = CARTESIAN_POINT ( 'NONE',  ( 0.6021974654695512200, 0.8332733119325866900, -1.653543307086614300 ) ) ;
#2078 = CARTESIAN_POINT ( 'NONE',  ( 0.6137770463608465100, 0.8361560678294921400, -1.654054891345216700 ) ) ;
#2079 = CARTESIAN_POINT ( 'NONE',  ( 0.5905511811023661500, 0.8304910535544369800, -1.736220472440944900 ) ) ;
#2080 = CARTESIAN_POINT ( 'NONE',  ( 0.6180361220239725100, 0.8391381337232009000, -1.737420490877366100 ) ) ;
#2081 = CARTESIAN_POINT ( 'NONE',  ( -2.903457425509166100, -0.7999691798137207300, -3.846951781673623400 ) ) ;
#2082 = CARTESIAN_POINT ( 'NONE',  ( 0.5905511811023661500, 0.8304910535544369800, -1.652551125287449000 ) ) ;
#2083 =( LENGTH_UNIT ( ) NAMED_UNIT ( * ) SI_UNIT ( $, .METRE. ) );
#2084 = CARTESIAN_POINT ( 'NONE',  ( 0.5905511811023661500, 0.8304910535544369800, -1.818897637795275900 ) ) ;
#2085 = FILL_AREA_STYLE ('',( #2067 ) ) ;
#2086 =( NAMED_UNIT ( * ) SI_UNIT ( $, .STERADIAN. ) SOLID_ANGLE_UNIT ( ) );
#2087 =( CONVERSION_BASED_UNIT ( 'INCH', #784 ) LENGTH_UNIT ( ) NAMED_UNIT ( #1524 ) );
#2088 = CARTESIAN_POINT ( 'NONE',  ( 0.6041283189537638400, 0.8361560678294921400, -1.819196694468700800 ) ) ;
#2089 = DIRECTION ( 'NONE',  ( -0.9961946980917455500, 0.0000000000000000000, 0.08715574274765838800 ) ) ;
#2090 = CARTESIAN_POINT ( 'NONE',  ( 0.6108303322692442100, 0.8391381337232009000, -1.819783044656606600 ) ) ;
#2091 = CARTESIAN_POINT ( 'NONE',  ( 0.5905511811023661500, 0.8304910535544369800, -1.901574803149606300 ) ) ;
#2092 = CARTESIAN_POINT ( 'NONE',  ( 0.5949401369321377600, 0.8332733119325866900, -1.901574803149606300 ) ) ;
#2093 = CARTESIAN_POINT ( 'NONE',  ( 0.5993039552502205100, 0.8361560678294921400, -1.901767596030444800 ) ) ;
#2094 = SURFACE_SIDE_STYLE ('',( #226 ) ) ;
#2095 = SURFACE_STYLE_USAGE ( .BOTH. , #2107 ) ;
#2096 = CARTESIAN_POINT ( 'NONE',  ( 0.6252419117786969200, 0.8391381337232009000, -1.655057937098126000 ) ) ;
#2097 = DIRECTION ( 'NONE',  ( -0.0000000000000000000, 1.000000000000000000, -1.715124499442879900E-015 ) ) ;
#2098 = DIRECTION ( 'NONE',  ( 0.0000000000000000000, 1.601283208593974400E-015, 1.000000000000000000 ) ) ;
#2099 =( NAMED_UNIT ( * ) SI_UNIT ( $, .STERADIAN. ) SOLID_ANGLE_UNIT ( ) );
#2100 = CARTESIAN_POINT ( 'NONE',  ( 0.5973592464446102500, 0.8332733119325866900, -1.818897637795275900 ) ) ;
#2101 = PLANE ( 'NONE',  #294 ) ;
#2102 = FILL_AREA_STYLE_COLOUR ( '', #735 ) ;
#2103 = CARTESIAN_POINT ( 'NONE',  ( 0.6036245425145158100, 0.8391381337232009000, -1.902145598435842600 ) ) ;
#2104 = CARTESIAN_POINT ( 'NONE',  ( -0.5487822063341810700, 3.038205597340712500, -1.901574803149606300 ) ) ;
#2105 =( LENGTH_UNIT ( ) NAMED_UNIT ( * ) SI_UNIT ( $, .METRE. ) );
#2106 = CARTESIAN_POINT ( 'NONE',  ( 0.5997783559570787300, 0.8332733119325866900, -1.736220472440944900 ) ) ;
#2107 = SURFACE_SIDE_STYLE ('',( #783 ) ) ;
#2108 = FILL_AREA_STYLE ('',( #2102 ) ) ;
#2109 = SURFACE_SIDE_STYLE ('',( #736 ) ) ;
#2110 = SURFACE_STYLE_USAGE ( .BOTH. , #2109 ) ;
#2111 = DIRECTION ( 'NONE',  ( -0.08715574274765845700, 2.322295495842179000E-016, -0.9961946980917455500 ) ) ;
#2112 = SURFACE_STYLE_USAGE ( .BOTH. , #2116 ) ;
#2113 = CARTESIAN_POINT ( 'NONE',  ( 0.6252851489495202500, 0.8391381337232009000, -1.654563733974190100 ) ) ;
#2114 = CARTESIAN_POINT ( 'NONE',  ( 0.6089526826573071800, 0.8361560678294921400, -1.736625792906957100 ) ) ;
#2115 = FILL_AREA_STYLE ('',( #2119 ) ) ;
#2116 = SURFACE_SIDE_STYLE ('',( #774 ) ) ;
#2117 =( CONVERSION_BASED_UNIT ( 'INCH', #731 ) LENGTH_UNIT ( ) NAMED_UNIT ( #1528 ) );
#2118 =( NAMED_UNIT ( * ) PLANE_ANGLE_UNIT ( ) SI_UNIT ( $, .RADIAN. ) );
#2119 = FILL_AREA_STYLE_COLOUR ( '', #777 ) ;
#2120 =( NAMED_UNIT ( * ) PLANE_ANGLE_UNIT ( ) SI_UNIT ( $, .RADIAN. ) );
#2121 = CARTESIAN_POINT ( 'NONE',  ( 1.133410738451885900, -0.01256760501056594600, -1.699516948589303400 ) ) ;
#2122 = DIRECTION ( 'NONE',  ( 0.0000000000000000000, 1.715124499442879700E-015, 1.000000000000000000 ) ) ;
#2123 = CARTESIAN_POINT ( 'NONE',  ( 0.5905511811023661500, 0.8304910535544369800, -1.652055034387866400 ) ) ;
#2124 = FILL_AREA_STYLE_COLOUR ( '', #981 ) ;
#2125 =( NAMED_UNIT ( * ) SI_UNIT ( $, .STERADIAN. ) SOLID_ANGLE_UNIT ( ) );
#2126 = FILL_AREA_STYLE ('',( #2174 ) ) ;
#2127 = PLANE ( 'NONE',  #284 ) ;
#2128 = CARTESIAN_POINT ( 'NONE',  ( -3.543307086614173200, -0.7999691798137165100, -1.653543307086614300 ) ) ;
#2129 = SURFACE_SIDE_STYLE ('',( #975 ) ) ;
#2130 = DIRECTION ( 'NONE',  ( -0.0000000000000000000, 1.000000000000000000, -1.715124499442879900E-015 ) ) ;
#2131 = DIRECTION ( 'NONE',  ( 0.0000000000000000000, 1.601283208593974400E-015, 1.000000000000000000 ) ) ;
#2132 = DIRECTION ( 'NONE',  ( 0.0000000000000000000, 0.0000000000000000000, 1.000000000000000000 ) ) ;
#2133 = CARTESIAN_POINT ( 'NONE',  ( -3.072038747149103100, -0.7999691798137239500, -5.808223840315574400 ) ) ;
#2134 = DIRECTION ( 'NONE',  ( 0.0000000000000000000, 1.601283208593974400E-015, 1.000000000000000000 ) ) ;
#2135 =( NAMED_UNIT ( * ) PLANE_ANGLE_UNIT ( ) SI_UNIT ( $, .RADIAN. ) );
#2136 = DIRECTION ( 'NONE',  ( 0.0000000000000000000, 1.000000000000000000, -1.715124499442879900E-015 ) ) ;
#2137 = DIRECTION ( 'NONE',  ( -0.7084534360199485900, -0.7057575568079513800, 0.0000000000000000000 ) ) ;
#2138 = SURFACE_SIDE_STYLE ('',( #964 ) ) ;
#2139 = SURFACE_SIDE_STYLE ('',( #982 ) ) ;
#2140 =( CONVERSION_BASED_UNIT ( 'INCH', #988 ) LENGTH_UNIT ( ) NAMED_UNIT ( #1543 ) );
#2141 = DIRECTION ( 'NONE',  ( 0.08715574274765845700, -2.322295495842179000E-016, 0.9961946980917455500 ) ) ;
#2142 = FILL_AREA_STYLE ('',( #2124 ) ) ;
#2143 =( NAMED_UNIT ( * ) PLANE_ANGLE_UNIT ( ) SI_UNIT ( $, .RADIAN. ) );
#2144 =( NAMED_UNIT ( * ) SI_UNIT ( $, .STERADIAN. ) SOLID_ANGLE_UNIT ( ) );
#2145 =( CONVERSION_BASED_UNIT ( 'INCH', #969 ) LENGTH_UNIT ( ) NAMED_UNIT ( #1530 ) );
#2146 =( NAMED_UNIT ( * ) PLANE_ANGLE_UNIT ( ) SI_UNIT ( $, .RADIAN. ) );
#2147 = PLANE ( 'NONE',  #288 ) ;
#2148 =( CONVERSION_BASED_UNIT ( 'INCH', #922 ) LENGTH_UNIT ( ) NAMED_UNIT ( #1538 ) );
#2149 = CARTESIAN_POINT ( 'NONE',  ( 1.983109082822594600, -0.2731775371240574600, -1.773855921138484300 ) ) ;
#2150 = FILL_AREA_STYLE ('',( #2167 ) ) ;
#2151 =( LENGTH_UNIT ( ) NAMED_UNIT ( * ) SI_UNIT ( $, .METRE. ) );
#2152 = SURFACE_STYLE_USAGE ( .BOTH. , #2094 ) ;
#2153 = DIRECTION ( 'NONE',  ( -0.7044160264027581300, 0.7071067811865480200, 0.06162841671621971400 ) ) ;
#2154 = SURFACE_SIDE_STYLE ('',( #730 ) ) ;
#2155 =( NAMED_UNIT ( * ) SI_UNIT ( $, .STERADIAN. ) SOLID_ANGLE_UNIT ( ) );
#2156 =( NAMED_UNIT ( * ) PLANE_ANGLE_UNIT ( ) SI_UNIT ( $, .RADIAN. ) );
#2157 = CARTESIAN_POINT ( 'NONE',  ( -3.409201195139455600, 2.353967828060289100, -9.730765685604746200 ) ) ;
#2158 = SURFACE_STYLE_USAGE ( .BOTH. , #2154 ) ;
#2159 = CARTESIAN_POINT ( 'NONE',  ( -3.156329407969070000, -0.7999691798137258400, -6.788859869636549000 ) ) ;
#2160 =( LENGTH_UNIT ( ) NAMED_UNIT ( * ) SI_UNIT ( $, .METRE. ) );
#2161 = DIRECTION ( 'NONE',  ( -0.0000000000000000000, 1.000000000000000000, -1.715124499442879900E-015 ) ) ;
#2162 = SURFACE_STYLE_USAGE ( .BOTH. , #2138 ) ;
#2163 =( CONVERSION_BASED_UNIT ( 'INCH', #979 ) LENGTH_UNIT ( ) NAMED_UNIT ( #1534 ) );
#2164 =( NAMED_UNIT ( * ) SI_UNIT ( $, .STERADIAN. ) SOLID_ANGLE_UNIT ( ) );
#2165 = DIRECTION ( 'NONE',  ( 1.000000000000000000, 0.0000000000000000000, -0.0000000000000000000 ) ) ;
#2166 = SURFACE_STYLE_USAGE ( .BOTH. , #2139 ) ;
#2167 = FILL_AREA_STYLE_COLOUR ( '', #729 ) ;
#2168 = FILL_AREA_STYLE_COLOUR ( '', #983 ) ;
#2169 = FILL_AREA_STYLE ('',( #2168 ) ) ;
#2170 =( LENGTH_UNIT ( ) NAMED_UNIT ( * ) SI_UNIT ( $, .METRE. ) );
#2171 = SURFACE_STYLE_USAGE ( .BOTH. , #2129 ) ;
#2172 = DIRECTION ( 'NONE',  ( 0.0000000000000000000, 1.734723475976805500E-015, 1.000000000000000000 ) ) ;
#2173 = CARTESIAN_POINT ( 'NONE',  ( 0.3147688010639259600, 1.562235544595732600, -1.627895059580956700 ) ) ;
#2174 = FILL_AREA_STYLE_COLOUR ( '', #977 ) ;
#2175 =( LENGTH_UNIT ( ) NAMED_UNIT ( * ) SI_UNIT ( $, .METRE. ) );
#2176 = DIRECTION ( 'NONE',  ( 0.9961946980917455500, 0.0000000000000000000, -0.08715574274765838800 ) ) ;
#2177 =( LENGTH_UNIT ( ) NAMED_UNIT ( * ) SI_UNIT ( $, .METRE. ) );
#2178 = FILL_AREA_STYLE_COLOUR ( '', #18 ) ;
#2179 = DIRECTION ( 'NONE',  ( 0.08715574274765845700, -2.322295495842179000E-016, 0.9961946980917455500 ) ) ;
#2180 = SURFACE_STYLE_USAGE ( .BOTH. , #2194 ) ;
#2181 =( NAMED_UNIT ( * ) SI_UNIT ( $, .STERADIAN. ) SOLID_ANGLE_UNIT ( ) );
#2182 = FILL_AREA_STYLE_COLOUR ( '', #22 ) ;
#2183 =( CONVERSION_BASED_UNIT ( 'INCH', #968 ) LENGTH_UNIT ( ) NAMED_UNIT ( #1536 ) );
#2184 = DIRECTION ( 'NONE',  ( 0.0000000000000000000, 1.000000000000000000, -1.715124499442879900E-015 ) ) ;
#2185 = DIRECTION ( 'NONE',  ( 0.0000000000000000000, 2.135044278125299400E-015, 1.000000000000000000 ) ) ;
#2186 =( NAMED_UNIT ( * ) SI_UNIT ( $, .STERADIAN. ) SOLID_ANGLE_UNIT ( ) );
#2187 = DIRECTION ( 'NONE',  ( 9.868649107779168700E-017, 1.000000000000000000, 0.0000000000000000000 ) ) ;
#2188 = DIRECTION ( 'NONE',  ( 0.0000000000000000000, 2.135044278125299400E-015, 1.000000000000000000 ) ) ;
#2189 = FILL_AREA_STYLE ('',( #2178 ) ) ;
#2190 = SURFACE_SIDE_STYLE ('',( #10 ) ) ;
#2191 =( NAMED_UNIT ( * ) SI_UNIT ( $, .STERADIAN. ) SOLID_ANGLE_UNIT ( ) );
#2192 =( NAMED_UNIT ( * ) PLANE_ANGLE_UNIT ( ) SI_UNIT ( $, .RADIAN. ) );
#2193 = DIRECTION ( 'NONE',  ( 1.000000000000000000, 0.0000000000000000000, 0.0000000000000000000 ) ) ;
#2194 = SURFACE_SIDE_STYLE ('',( #12 ) ) ;
#2195 =( CONVERSION_BASED_UNIT ( 'INCH', #19 ) LENGTH_UNIT ( ) NAMED_UNIT ( #1549 ) );
#2196 = FILL_AREA_STYLE_COLOUR ( '', #50 ) ;
#2197 = SURFACE_SIDE_STYLE ('',( #27 ) ) ;
#2198 = DIRECTION ( 'NONE',  ( -1.000000000000000000, 9.868649107779168700E-017, 0.0000000000000000000 ) ) ;
#2199 = DIRECTION ( 'NONE',  ( 0.9961946980917454300, 0.0000000000000000000, -0.08715574274765826300 ) ) ;
#2200 =( LENGTH_UNIT ( ) NAMED_UNIT ( * ) SI_UNIT ( $, .METRE. ) );
#2201 = SURFACE_STYLE_USAGE ( .BOTH. , #2190 ) ;
#2202 =( NAMED_UNIT ( * ) SI_UNIT ( $, .STERADIAN. ) SOLID_ANGLE_UNIT ( ) );
#2203 = DIRECTION ( 'NONE',  ( 0.0000000000000000000, 1.000000000000000000, -1.715124499442879900E-015 ) ) ;
#2204 =( NAMED_UNIT ( * ) PLANE_ANGLE_UNIT ( ) SI_UNIT ( $, .RADIAN. ) );
#2205 = CARTESIAN_POINT ( 'NONE',  ( -3.072038747149103100, -0.7999691798137239500, -5.808223840315574400 ) ) ;
#2206 = DIRECTION ( 'NONE',  ( -0.0000000000000000000, 1.000000000000000000, -1.715124499442879900E-015 ) ) ;
#2207 = FILL_AREA_STYLE_COLOUR ( '', #16 ) ;
#2208 = FILL_AREA_STYLE ('',( #2196 ) ) ;
#2209 = FILL_AREA_STYLE ('',( #2182 ) ) ;
#2210 = CARTESIAN_POINT ( 'NONE',  ( -2.036052313092051100, -0.01256760501056571100, -1.653543307086614300 ) ) ;
#2211 =( LENGTH_UNIT ( ) NAMED_UNIT ( * ) SI_UNIT ( $, .METRE. ) );
#2212 =( CONVERSION_BASED_UNIT ( 'INCH', #24 ) LENGTH_UNIT ( ) NAMED_UNIT ( #1540 ) );
#2213 =( LENGTH_UNIT ( ) NAMED_UNIT ( * ) SI_UNIT ( $, .METRE. ) );
#2214 =( NAMED_UNIT ( * ) PLANE_ANGLE_UNIT ( ) SI_UNIT ( $, .RADIAN. ) );
#2215 =( NAMED_UNIT ( * ) SI_UNIT ( $, .STERADIAN. ) SOLID_ANGLE_UNIT ( ) );
#2216 =( LENGTH_UNIT ( ) NAMED_UNIT ( * ) SI_UNIT ( $, .METRE. ) );
#2217 =( CONVERSION_BASED_UNIT ( 'INCH', #35 ) LENGTH_UNIT ( ) NAMED_UNIT ( #1520 ) );
#2218 =( NAMED_UNIT ( * ) PLANE_ANGLE_UNIT ( ) SI_UNIT ( $, .RADIAN. ) );
#2219 = DIRECTION ( 'NONE',  ( 0.0000000000000000000, 0.0000000000000000000, 1.000000000000000000 ) ) ;
#2220 =( NAMED_UNIT ( * ) PLANE_ANGLE_UNIT ( ) SI_UNIT ( $, .RADIAN. ) );
#2221 = SURFACE_SIDE_STYLE ('',( #4 ) ) ;
#2222 = SURFACE_STYLE_USAGE ( .BOTH. , #2221 ) ;
#2223 = CARTESIAN_POINT ( 'NONE',  ( 1.977148495511700900, 2.120436819125291400, -1.773334437320827100 ) ) ;
#2224 = FILL_AREA_STYLE ('',( #2207 ) ) ;
#2225 =( CONVERSION_BASED_UNIT ( 'INCH', #17 ) LENGTH_UNIT ( ) NAMED_UNIT ( #1539 ) );
#2226 =( LENGTH_UNIT ( ) NAMED_UNIT ( * ) SI_UNIT ( $, .METRE. ) );
#2227 = SURFACE_STYLE_USAGE ( .BOTH. , #2197 ) ;
#2228 = DIRECTION ( 'NONE',  ( 0.0000000000000000000, 1.601283208593974400E-015, 1.000000000000000000 ) ) ;
#2229 = CARTESIAN_POINT ( 'NONE',  ( -3.409201195139455600, 2.353967828060289100, -9.730765685604746200 ) ) ;
#2230 = CARTESIAN_POINT ( 'NONE',  ( -3.326403280154845100, 2.353967828060289100, -8.750002491567501700 ) ) ;
#2231 = DIRECTION ( 'NONE',  ( 0.0000000000000000000, 1.601283208593974400E-015, 1.000000000000000000 ) ) ;
#2232 = FILL_AREA_STYLE ('',( #2272 ) ) ;
#2233 =( NAMED_UNIT ( * ) PLANE_ANGLE_UNIT ( ) SI_UNIT ( $, .RADIAN. ) );
#2234 = SURFACE_SIDE_STYLE ('',( #36 ) ) ;
#2235 =( NAMED_UNIT ( * ) SI_UNIT ( $, .STERADIAN. ) SOLID_ANGLE_UNIT ( ) );
#2236 = SURFACE_STYLE_USAGE ( .BOTH. , #2234 ) ;
#2237 =( CONVERSION_BASED_UNIT ( 'INCH', #72 ) LENGTH_UNIT ( ) NAMED_UNIT ( #1546 ) );
#2238 = PLANE ( 'NONE',  #317 ) ;
#2239 = DIRECTION ( 'NONE',  ( 0.08715574274765815200, 0.0000000000000000000, 0.9961946980917454300 ) ) ;
#2240 =( LENGTH_UNIT ( ) NAMED_UNIT ( * ) SI_UNIT ( $, .METRE. ) );
#2241 = DIRECTION ( 'NONE',  ( -0.9961946980917455500, 1.494829496536499600E-016, 0.08715574274765816600 ) ) ;
#2242 = CARTESIAN_POINT ( 'NONE',  ( -3.156329407969070000, -0.7999691798137258400, -6.788859869636549000 ) ) ;
#2243 = FILL_AREA_STYLE ('',( #2250 ) ) ;
#2244 = DIRECTION ( 'NONE',  ( 0.0000000000000000000, 0.0000000000000000000, 1.000000000000000000 ) ) ;
#2245 = FILL_AREA_STYLE_COLOUR ( '', #53 ) ;
#2246 = CARTESIAN_POINT ( 'NONE',  ( -1.968503937007874100, 2.353967828060299400, -2.229183160789035800 ) ) ;
#2247 = DIRECTION ( 'NONE',  ( 1.000000000000000000, 0.0000000000000000000, 0.0000000000000000000 ) ) ;
#2248 = SURFACE_STYLE_USAGE ( .BOTH. , #2279 ) ;
#2249 = CARTESIAN_POINT ( 'NONE',  ( 0.2997742221919476600, 1.562235544595732600, -1.653543307086614300 ) ) ;
#2250 = FILL_AREA_STYLE_COLOUR ( '', #68 ) ;
#2251 =( LENGTH_UNIT ( ) NAMED_UNIT ( * ) SI_UNIT ( $, .METRE. ) );
#2252 = DIRECTION ( 'NONE',  ( -0.0000000000000000000, 1.000000000000000000, -1.715124499442879900E-015 ) ) ;
#2253 =( NAMED_UNIT ( * ) PLANE_ANGLE_UNIT ( ) SI_UNIT ( $, .RADIAN. ) );
#2254 =( NAMED_UNIT ( * ) SI_UNIT ( $, .STERADIAN. ) SOLID_ANGLE_UNIT ( ) );
#2255 =( NAMED_UNIT ( * ) PLANE_ANGLE_UNIT ( ) SI_UNIT ( $, .RADIAN. ) );
#2256 = DIRECTION ( 'NONE',  ( 1.000000000000000000, 0.0000000000000000000, 0.0000000000000000000 ) ) ;
#2257 = FILL_AREA_STYLE_COLOUR ( '', #77 ) ;
#2258 = PLANE ( 'NONE',  #1010 ) ;
#2259 = CARTESIAN_POINT ( 'NONE',  ( 1.200376999629889900, 2.230021937991484300, -1.705375737281094500 ) ) ;
#2260 = SURFACE_STYLE_USAGE ( .BOTH. , #2262 ) ;
#2261 =( NAMED_UNIT ( * ) SI_UNIT ( $, .STERADIAN. ) SOLID_ANGLE_UNIT ( ) );
#2262 = SURFACE_SIDE_STYLE ('',( #64 ) ) ;
#2263 = DIRECTION ( 'NONE',  ( 0.0000000000000000000, 0.0000000000000000000, 1.000000000000000000 ) ) ;
#2264 = FILL_AREA_STYLE_COLOUR ( '', #37 ) ;
#2265 =( LENGTH_UNIT ( ) NAMED_UNIT ( * ) SI_UNIT ( $, .METRE. ) );
#2266 =( CONVERSION_BASED_UNIT ( 'INCH', #228 ) LENGTH_UNIT ( ) NAMED_UNIT ( #2541 ) );
#2267 = DIRECTION ( 'NONE',  ( 0.9864997997699045400, -0.1391731009600660500, -0.08630754905046093800 ) ) ;
#2268 =( CONVERSION_BASED_UNIT ( 'INCH', #74 ) LENGTH_UNIT ( ) NAMED_UNIT ( #1545 ) );
#2269 =( CONVERSION_BASED_UNIT ( 'INCH', #33 ) LENGTH_UNIT ( ) NAMED_UNIT ( #1542 ) );
#2270 =( LENGTH_UNIT ( ) NAMED_UNIT ( * ) SI_UNIT ( $, .METRE. ) );
#2271 = CARTESIAN_POINT ( 'NONE',  ( -1.574803149606299300, 1.168534757194157600, -1.653543307086614300 ) ) ;
#2272 = FILL_AREA_STYLE_COLOUR ( '', #58 ) ;
#2273 = DIRECTION ( 'NONE',  ( 0.1396943646708926600, 0.9901946699913082300, 0.0000000000000000000 ) ) ;
#2274 = FILL_AREA_STYLE ('',( #2264 ) ) ;
#2275 = FILL_AREA_STYLE ('',( #2257 ) ) ;
#2276 = SURFACE_SIDE_STYLE ('',( #61 ) ) ;
#2277 = FILL_AREA_STYLE ('',( #2245 ) ) ;
#2278 =( CONVERSION_BASED_UNIT ( 'INCH', #42 ) LENGTH_UNIT ( ) NAMED_UNIT ( #1541 ) );
#2279 = SURFACE_SIDE_STYLE ('',( #29 ) ) ;
#2280 = SURFACE_SIDE_STYLE ('',( #30 ) ) ;
#2281 =( NAMED_UNIT ( * ) PLANE_ANGLE_UNIT ( ) SI_UNIT ( $, .RADIAN. ) );
#2282 = SURFACE_STYLE_USAGE ( .BOTH. , #2280 ) ;
#2283 =( NAMED_UNIT ( * ) SI_UNIT ( $, .STERADIAN. ) SOLID_ANGLE_UNIT ( ) );
#2284 = FILL_AREA_STYLE ('',( #2323 ) ) ;
#2285 = SURFACE_SIDE_STYLE ('',( #95 ) ) ;
#2286 =( NAMED_UNIT ( * ) PLANE_ANGLE_UNIT ( ) SI_UNIT ( $, .RADIAN. ) );
#2287 = FILL_AREA_STYLE_COLOUR ( '', #102 ) ;
#2288 = DIRECTION ( 'NONE',  ( 0.0000000000000000000, 2.135044278125299400E-015, 1.000000000000000000 ) ) ;
#2289 =( NAMED_UNIT ( * ) PLANE_ANGLE_UNIT ( ) SI_UNIT ( $, .RADIAN. ) );
#2290 = DIRECTION ( 'NONE',  ( 0.9961946980917455500, 0.0000000000000000000, -0.08715574274765837400 ) ) ;
#2291 =( CONVERSION_BASED_UNIT ( 'INCH', #91 ) LENGTH_UNIT ( ) NAMED_UNIT ( #2551 ) );
#2292 =( NAMED_UNIT ( * ) PLANE_ANGLE_UNIT ( ) SI_UNIT ( $, .RADIAN. ) );
#2293 = SURFACE_STYLE_USAGE ( .BOTH. , #2303 ) ;
#2294 =( NAMED_UNIT ( * ) SI_UNIT ( $, .STERADIAN. ) SOLID_ANGLE_UNIT ( ) );
#2295 =( LENGTH_UNIT ( ) NAMED_UNIT ( * ) SI_UNIT ( $, .METRE. ) );
#2296 = CARTESIAN_POINT ( 'NONE',  ( -3.409201195139455600, 2.353967828060289100, -9.730765685604746200 ) ) ;
#2297 =( NAMED_UNIT ( * ) SI_UNIT ( $, .STERADIAN. ) SOLID_ANGLE_UNIT ( ) );
#2298 =( CONVERSION_BASED_UNIT ( 'INCH', #85 ) LENGTH_UNIT ( ) NAMED_UNIT ( #2548 ) );
#2299 = DIRECTION ( 'NONE',  ( -0.0000000000000000000, 1.000000000000000000, -1.715124499442879900E-015 ) ) ;
#2300 = SURFACE_STYLE_USAGE ( .BOTH. , #2285 ) ;
#2301 = DIRECTION ( 'NONE',  ( 0.0000000000000000000, 1.601283208593974400E-015, 1.000000000000000000 ) ) ;
#2302 = PLANE ( 'NONE',  #997 ) ;
#2303 = SURFACE_SIDE_STYLE ('',( #70 ) ) ;
#2304 = FILL_AREA_STYLE ('',( #2287 ) ) ;
#2305 = DIRECTION ( 'NONE',  ( 0.0000000000000000000, 2.135044278125299400E-015, 1.000000000000000000 ) ) ;
#2306 = FILL_AREA_STYLE_COLOUR ( '', #113 ) ;
#2307 =( CONVERSION_BASED_UNIT ( 'INCH', #79 ) LENGTH_UNIT ( ) NAMED_UNIT ( #2535 ) );
#2308 = DIRECTION ( 'NONE',  ( 0.0000000000000000000, 1.000000000000000000, -1.715124499442879900E-015 ) ) ;
#2309 = SURFACE_SIDE_STYLE ('',( #87 ) ) ;
#2310 = FILL_AREA_STYLE ('',( #2306 ) ) ;
#2311 = SURFACE_STYLE_USAGE ( .BOTH. , #2309 ) ;
#2312 =( NAMED_UNIT ( * ) SI_UNIT ( $, .STERADIAN. ) SOLID_ANGLE_UNIT ( ) );
#2313 = SURFACE_SIDE_STYLE ('',( #121 ) ) ;
#2314 = SURFACE_STYLE_USAGE ( .BOTH. , #2313 ) ;
#2315 =( LENGTH_UNIT ( ) NAMED_UNIT ( * ) SI_UNIT ( $, .METRE. ) );
#2316 =( CONVERSION_BASED_UNIT ( 'INCH', #119 ) LENGTH_UNIT ( ) NAMED_UNIT ( #2536 ) );
#2317 =( NAMED_UNIT ( * ) PLANE_ANGLE_UNIT ( ) SI_UNIT ( $, .RADIAN. ) );
#2318 = CARTESIAN_POINT ( 'NONE',  ( 2.360388106577299400, -0.7999691798137047400, -1.806863558703149600 ) ) ;
#2319 = CARTESIAN_POINT ( 'NONE',  ( -2.987748086329134400, -0.7999691798137222900, -4.827587810994598900 ) ) ;
#2320 =( NAMED_UNIT ( * ) PLANE_ANGLE_UNIT ( ) SI_UNIT ( $, .RADIAN. ) );
#2321 = CARTESIAN_POINT ( 'NONE',  ( -2.987748086329134400, -0.7999691798137222900, -4.827587810994598900 ) ) ;
#2322 =( LENGTH_UNIT ( ) NAMED_UNIT ( * ) SI_UNIT ( $, .METRE. ) );
#2323 = FILL_AREA_STYLE_COLOUR ( '', #88 ) ;
#2324 = FILL_AREA_STYLE ('',( #2326 ) ) ;
#2325 = DIRECTION ( 'NONE',  ( 0.0000000000000000000, 1.000000000000000000, -1.715124499442879900E-015 ) ) ;
#2326 = FILL_AREA_STYLE_COLOUR ( '', #84 ) ;
#2327 = DIRECTION ( 'NONE',  ( -0.0000000000000000000, 1.000000000000000000, -1.715124499442879900E-015 ) ) ;
#2328 =( CONVERSION_BASED_UNIT ( 'INCH', #66 ) LENGTH_UNIT ( ) NAMED_UNIT ( #1519 ) );
#2329 = DIRECTION ( 'NONE',  ( 0.0000000000000000000, 1.000000000000000000, -1.715124499442879900E-015 ) ) ;
#2330 = CARTESIAN_POINT ( 'NONE',  ( -3.240620068789037900, 2.353967828060293100, -7.769495898957528900 ) ) ;
#2331 =( LENGTH_UNIT ( ) NAMED_UNIT ( * ) SI_UNIT ( $, .METRE. ) );
#2332 = DIRECTION ( 'NONE',  ( 0.08715574274765845700, -2.322295495842179000E-016, 0.9961946980917455500 ) ) ;
#2333 =( NAMED_UNIT ( * ) SI_UNIT ( $, .STERADIAN. ) SOLID_ANGLE_UNIT ( ) );
#2334 = CARTESIAN_POINT ( 'NONE',  ( -3.326403280154845100, 2.353967828060289100, -8.750002491567501700 ) ) ;
#2335 = DIRECTION ( 'NONE',  ( 0.0000000000000000000, 2.135044278125299400E-015, 1.000000000000000000 ) ) ;
#2336 = DIRECTION ( 'NONE',  ( 0.0000000000000000000, 1.601283208593974400E-015, 1.000000000000000000 ) ) ;
#2337 =( LENGTH_UNIT ( ) NAMED_UNIT ( * ) SI_UNIT ( $, .METRE. ) );
#2338 = SURFACE_STYLE_USAGE ( .BOTH. , #2276 ) ;
#2339 = CARTESIAN_POINT ( 'NONE',  ( 1.977148495511700900, 2.120436819125291400, -1.773334437320827100 ) ) ;
#2340 = DIRECTION ( 'NONE',  ( 0.0000000000000000000, 1.601283208593974400E-015, 1.000000000000000000 ) ) ;
#2341 = SURFACE_STYLE_USAGE ( .BOTH. , #2360 ) ;
#2342 =( CONVERSION_BASED_UNIT ( 'INCH', #139 ) LENGTH_UNIT ( ) NAMED_UNIT ( #2544 ) );
#2343 = SURFACE_STYLE_USAGE ( .BOTH. , #2386 ) ;
#2344 = FILL_AREA_STYLE ('',( #2374 ) ) ;
#2345 = FILL_AREA_STYLE ('',( #2350 ) ) ;
#2346 = DIRECTION ( 'NONE',  ( -0.9864997997699045400, 0.1391731009600649400, 0.08630754905046095200 ) ) ;
#2347 = DIRECTION ( 'NONE',  ( -0.0000000000000000000, 1.000000000000000000, -1.715124499442879900E-015 ) ) ;
#2348 = SURFACE_STYLE_USAGE ( .BOTH. , #2358 ) ;
#2349 =( LENGTH_UNIT ( ) NAMED_UNIT ( * ) SI_UNIT ( $, .METRE. ) );
#2350 = FILL_AREA_STYLE_COLOUR ( '', #126 ) ;
#2351 = SURFACE_SIDE_STYLE ('',( #116 ) ) ;
#2352 =( CONVERSION_BASED_UNIT ( 'INCH', #106 ) LENGTH_UNIT ( ) NAMED_UNIT ( #2545 ) );
#2353 =( NAMED_UNIT ( * ) SI_UNIT ( $, .STERADIAN. ) SOLID_ANGLE_UNIT ( ) );
#2354 = CARTESIAN_POINT ( 'NONE',  ( -3.850473623104886400, 2.353967828060295400, -5.740112738535905200 ) ) ;
#2355 = DIRECTION ( 'NONE',  ( -0.08715574274765884600, 0.0000000000000000000, -0.9961946980917454300 ) ) ;
#2356 = CARTESIAN_POINT ( 'NONE',  ( -2.903457425509166100, -0.7999691798137207300, -3.846951781673623400 ) ) ;
#2357 = CARTESIAN_POINT ( 'NONE',  ( 1.977148495511700900, 2.120436819125291400, -1.773334437320827100 ) ) ;
#2358 = SURFACE_SIDE_STYLE ('',( #105 ) ) ;
#2359 = CARTESIAN_POINT ( 'NONE',  ( -1.968503937007874100, 0.7748339697925827900, -1.653543307086614300 ) ) ;
#2360 = SURFACE_SIDE_STYLE ('',( #146 ) ) ;
#2361 =( NAMED_UNIT ( * ) SI_UNIT ( $, .STERADIAN. ) SOLID_ANGLE_UNIT ( ) );
#2362 =( NAMED_UNIT ( * ) PLANE_ANGLE_UNIT ( ) SI_UNIT ( $, .RADIAN. ) );
#2363 = FILL_AREA_STYLE_COLOUR ( '', #142 ) ;
#2364 =( NAMED_UNIT ( * ) SI_UNIT ( $, .STERADIAN. ) SOLID_ANGLE_UNIT ( ) );
#2365 =( NAMED_UNIT ( * ) PLANE_ANGLE_UNIT ( ) SI_UNIT ( $, .RADIAN. ) );
#2366 = DIRECTION ( 'NONE',  ( 0.9961946980917455500, 0.0000000000000000000, -0.08715574274765837400 ) ) ;
#2367 =( NAMED_UNIT ( * ) PLANE_ANGLE_UNIT ( ) SI_UNIT ( $, .RADIAN. ) );
#2368 =( CONVERSION_BASED_UNIT ( 'INCH', #129 ) LENGTH_UNIT ( ) NAMED_UNIT ( #2552 ) );
#2369 =( CONVERSION_BASED_UNIT ( 'INCH', #137 ) LENGTH_UNIT ( ) NAMED_UNIT ( #2530 ) );
#2370 = DIRECTION ( 'NONE',  ( 0.9961946980917455500, -1.494829496536509200E-016, -0.08715574274765886000 ) ) ;
#2371 =( NAMED_UNIT ( * ) SI_UNIT ( $, .STERADIAN. ) SOLID_ANGLE_UNIT ( ) );
#2372 = DIRECTION ( 'NONE',  ( 0.0000000000000000000, 2.135044278125299400E-015, 1.000000000000000000 ) ) ;
#2373 =( LENGTH_UNIT ( ) NAMED_UNIT ( * ) SI_UNIT ( $, .METRE. ) );
#2374 = FILL_AREA_STYLE_COLOUR ( '', #148 ) ;
#2375 = FILL_AREA_STYLE ('',( #2384 ) ) ;
#2376 =( LENGTH_UNIT ( ) NAMED_UNIT ( * ) SI_UNIT ( $, .METRE. ) );
#2377 = DIRECTION ( 'NONE',  ( 0.0000000000000000000, 1.000000000000000000, -1.715124499442879900E-015 ) ) ;
#2378 = SURFACE_STYLE_USAGE ( .BOTH. , #2351 ) ;
#2379 =( NAMED_UNIT ( * ) PLANE_ANGLE_UNIT ( ) SI_UNIT ( $, .RADIAN. ) );
#2380 = PLANE ( 'NONE',  #1008 ) ;
#2381 =( NAMED_UNIT ( * ) SI_UNIT ( $, .STERADIAN. ) SOLID_ANGLE_UNIT ( ) );
#2382 = DIRECTION ( 'NONE',  ( -0.1396943646708915200, -0.9901946699913082300, 0.0000000000000000000 ) ) ;
#2383 = DIRECTION ( 'NONE',  ( -1.000000000000000000, 2.960594732333750100E-016, 0.0000000000000000000 ) ) ;
#2384 = FILL_AREA_STYLE_COLOUR ( '', #124 ) ;
#2385 = FILL_AREA_STYLE ('',( #2363 ) ) ;
#2386 = SURFACE_SIDE_STYLE ('',( #122 ) ) ;
#2387 =( LENGTH_UNIT ( ) NAMED_UNIT ( * ) SI_UNIT ( $, .METRE. ) );
#2388 = CARTESIAN_POINT ( 'NONE',  ( -3.240620068789037900, 2.353967828060293100, -7.769495898957528900 ) ) ;
#2389 =( NAMED_UNIT ( * ) SI_UNIT ( $, .STERADIAN. ) SOLID_ANGLE_UNIT ( ) );
#2390 =( NAMED_UNIT ( * ) PLANE_ANGLE_UNIT ( ) SI_UNIT ( $, .RADIAN. ) );
#2391 = DIRECTION ( 'NONE',  ( 0.08715574274765845700, -2.322295495842179000E-016, 0.9961946980917455500 ) ) ;
#2392 = PLANE ( 'NONE',  #954 ) ;
#2393 = FILL_AREA_STYLE_COLOUR ( '', #170 ) ;
#2394 = SURFACE_STYLE_USAGE ( .BOTH. , #2428 ) ;
#2395 = FILL_AREA_STYLE ('',( #2445 ) ) ;
#2396 = DIRECTION ( 'NONE',  ( 0.0000000000000000000, 0.0000000000000000000, 1.000000000000000000 ) ) ;
#2397 =( NAMED_UNIT ( * ) PLANE_ANGLE_UNIT ( ) SI_UNIT ( $, .RADIAN. ) );
#2398 =( CONVERSION_BASED_UNIT ( 'INCH', #162 ) LENGTH_UNIT ( ) NAMED_UNIT ( #2539 ) );
#2399 = CARTESIAN_POINT ( 'NONE',  ( -2.657480314960630100, 1.955936331997307300, -2.051574803149606400 ) ) ;
#2400 = PLANE ( 'NONE',  #951 ) ;
#2401 =( CONVERSION_BASED_UNIT ( 'INCH', #150 ) LENGTH_UNIT ( ) NAMED_UNIT ( #2543 ) );
#2402 = DIRECTION ( 'NONE',  ( -1.000000000000000000, 0.0000000000000000000, 0.0000000000000000000 ) ) ;
#2403 =( NAMED_UNIT ( * ) SI_UNIT ( $, .STERADIAN. ) SOLID_ANGLE_UNIT ( ) );
#2404 = CARTESIAN_POINT ( 'NONE',  ( -0.5487822063341810700, 3.038205597340712500, -1.653543307086614300 ) ) ;
#2405 =( NAMED_UNIT ( * ) SI_UNIT ( $, .STERADIAN. ) SOLID_ANGLE_UNIT ( ) );
#2406 = FILL_AREA_STYLE ('',( #2424 ) ) ;
#2407 =( LENGTH_UNIT ( ) NAMED_UNIT ( * ) SI_UNIT ( $, .METRE. ) );
#2408 = SURFACE_STYLE_USAGE ( .BOTH. , #2411 ) ;
#2409 =( LENGTH_UNIT ( ) NAMED_UNIT ( * ) SI_UNIT ( $, .METRE. ) );
#2410 =( LENGTH_UNIT ( ) NAMED_UNIT ( * ) SI_UNIT ( $, .METRE. ) );
#2411 = SURFACE_SIDE_STYLE ('',( #135 ) ) ;
#2412 = SURFACE_STYLE_USAGE ( .BOTH. , #2441 ) ;
#2413 =( NAMED_UNIT ( * ) PLANE_ANGLE_UNIT ( ) SI_UNIT ( $, .RADIAN. ) );
#2414 = FILL_AREA_STYLE_COLOUR ( '', #154 ) ;
#2415 =( NAMED_UNIT ( * ) SI_UNIT ( $, .STERADIAN. ) SOLID_ANGLE_UNIT ( ) );
#2416 = FILL_AREA_STYLE_COLOUR ( '', #157 ) ;
#2417 =( NAMED_UNIT ( * ) SI_UNIT ( $, .STERADIAN. ) SOLID_ANGLE_UNIT ( ) );
#2418 = SURFACE_SIDE_STYLE ('',( #165 ) ) ;
#2419 = SURFACE_STYLE_USAGE ( .BOTH. , #2418 ) ;
#2420 = DIRECTION ( 'NONE',  ( 2.664535259100380000E-015, 1.000000000000000000, 0.0000000000000000000 ) ) ;
#2421 = SURFACE_SIDE_STYLE ('',( #172 ) ) ;
#2422 = CARTESIAN_POINT ( 'NONE',  ( 0.5905511811023661500, -0.01256760501056437000, -2.051574803149606400 ) ) ;
#2423 = DIRECTION ( 'NONE',  ( -2.960594732333750100E-016, -1.000000000000000000, 0.0000000000000000000 ) ) ;
#2424 = FILL_AREA_STYLE_COLOUR ( '', #152 ) ;
#2425 = SURFACE_STYLE_USAGE ( .BOTH. , #2421 ) ;
#2426 = DIRECTION ( 'NONE',  ( 0.08715574274765845700, -2.305988929144469000E-016, 0.9961946980917455500 ) ) ;
#2427 = DIRECTION ( 'NONE',  ( 0.0000000000000000000, 0.0000000000000000000, 1.000000000000000000 ) ) ;
#2428 = SURFACE_SIDE_STYLE ('',( #134 ) ) ;
#2429 =( LENGTH_UNIT ( ) NAMED_UNIT ( * ) SI_UNIT ( $, .METRE. ) );
#2430 =( CONVERSION_BASED_UNIT ( 'INCH', #196 ) LENGTH_UNIT ( ) NAMED_UNIT ( #2538 ) );
#2431 = FILL_AREA_STYLE ('',( #2393 ) ) ;
#2432 = DIRECTION ( 'NONE',  ( -1.000000000000000000, 0.0000000000000000000, 0.0000000000000000000 ) ) ;
#2433 = DIRECTION ( 'NONE',  ( -1.000000000000000000, 2.660706118829255600E-015, 0.0000000000000000000 ) ) ;
#2434 = FILL_AREA_STYLE ('',( #2416 ) ) ;
#2435 = CARTESIAN_POINT ( 'NONE',  ( 1.767651768505787300, 0.6240961227414685300, -1.755005848662023900 ) ) ;
#2436 = DIRECTION ( 'NONE',  ( 0.9961946980917455500, 0.0000000000000000000, -0.08715574274765837400 ) ) ;
#2437 =( LENGTH_UNIT ( ) NAMED_UNIT ( * ) SI_UNIT ( $, .METRE. ) );
#2438 =( CONVERSION_BASED_UNIT ( 'INCH', #168 ) LENGTH_UNIT ( ) NAMED_UNIT ( #2542 ) );
#2439 = CARTESIAN_POINT ( 'NONE',  ( -2.657480314960630100, 1.955936331997307300, -2.051574803149606400 ) ) ;
#2440 =( NAMED_UNIT ( * ) SI_UNIT ( $, .STERADIAN. ) SOLID_ANGLE_UNIT ( ) );
#2441 = SURFACE_SIDE_STYLE ('',( #169 ) ) ;
#2442 = FILL_AREA_STYLE ('',( #2414 ) ) ;
#2443 =( CONVERSION_BASED_UNIT ( 'INCH', #163 ) LENGTH_UNIT ( ) NAMED_UNIT ( #2537 ) );
#2444 =( NAMED_UNIT ( * ) PLANE_ANGLE_UNIT ( ) SI_UNIT ( $, .RADIAN. ) );
#2445 = FILL_AREA_STYLE_COLOUR ( '', #160 ) ;
#2446 =( NAMED_UNIT ( * ) PLANE_ANGLE_UNIT ( ) SI_UNIT ( $, .RADIAN. ) );
#2447 =( NAMED_UNIT ( * ) PLANE_ANGLE_UNIT ( ) SI_UNIT ( $, .RADIAN. ) );
#2448 = SURFACE_SIDE_STYLE ('',( #205 ) ) ;
#2449 =( LENGTH_UNIT ( ) NAMED_UNIT ( * ) SI_UNIT ( $, .METRE. ) );
#2450 =( NAMED_UNIT ( * ) PLANE_ANGLE_UNIT ( ) SI_UNIT ( $, .RADIAN. ) );
#2451 =( NAMED_UNIT ( * ) SI_UNIT ( $, .STERADIAN. ) SOLID_ANGLE_UNIT ( ) );
#2452 =( NAMED_UNIT ( * ) SI_UNIT ( $, .STERADIAN. ) SOLID_ANGLE_UNIT ( ) );
#2453 = FILL_AREA_STYLE_COLOUR ( '', #209 ) ;
#2454 = DIRECTION ( 'NONE',  ( 1.000000000000000000, 0.0000000000000000000, -0.0000000000000000000 ) ) ;
#2455 = SURFACE_SIDE_STYLE ('',( #177 ) ) ;
#2456 =( CONVERSION_BASED_UNIT ( 'INCH', #188 ) LENGTH_UNIT ( ) NAMED_UNIT ( #2553 ) );
#2457 = SURFACE_SIDE_STYLE ('',( #193 ) ) ;
#2458 = SURFACE_STYLE_USAGE ( .BOTH. , #2457 ) ;
#2459 =( CONVERSION_BASED_UNIT ( 'INCH', #218 ) LENGTH_UNIT ( ) NAMED_UNIT ( #2531 ) );
#2460 =( NAMED_UNIT ( * ) PLANE_ANGLE_UNIT ( ) SI_UNIT ( $, .RADIAN. ) );
#2461 =( NAMED_UNIT ( * ) SI_UNIT ( $, .STERADIAN. ) SOLID_ANGLE_UNIT ( ) );
#2462 = DIRECTION ( 'NONE',  ( 0.0000000000000000000, 0.0000000000000000000, 1.000000000000000000 ) ) ;
#2463 = CARTESIAN_POINT ( 'NONE',  ( -0.1732283464566929400, -0.2330400459554472500, -1.653543307086614300 ) ) ;
#2464 = FILL_AREA_STYLE ('',( #2453 ) ) ;
#2465 = FILL_AREA_STYLE_COLOUR ( '', #215 ) ;
#2466 = CARTESIAN_POINT ( 'NONE',  ( 0.5905511811023661500, -0.01256760501056437000, -2.051574803149606400 ) ) ;
#2467 = DIRECTION ( 'NONE',  ( 1.000000000000000000, 0.0000000000000000000, 0.0000000000000000000 ) ) ;
#2468 = DIRECTION ( 'NONE',  ( -9.912705577010340300E-017, -1.000000000000000000, 0.0000000000000000000 ) ) ;
#2469 = DIRECTION ( 'NONE',  ( -1.000000000000000000, 2.664928188552402400E-015, 0.0000000000000000000 ) ) ;
#2470 = SURFACE_STYLE_USAGE ( .BOTH. , #2448 ) ;
#2471 =( LENGTH_UNIT ( ) NAMED_UNIT ( * ) SI_UNIT ( $, .METRE. ) );
#2472 =( NAMED_UNIT ( * ) PLANE_ANGLE_UNIT ( ) SI_UNIT ( $, .RADIAN. ) );
#2473 = CARTESIAN_POINT ( 'NONE',  ( -3.543307086614173200, 2.509422645316240300, -1.653543307086614300 ) ) ;
#2474 =( NAMED_UNIT ( * ) PLANE_ANGLE_UNIT ( ) SI_UNIT ( $, .RADIAN. ) );
#2475 = FILL_AREA_STYLE_COLOUR ( '', #187 ) ;
#2476 = FILL_AREA_STYLE_COLOUR ( '', #180 ) ;
#2477 = FILL_AREA_STYLE ('',( #2475 ) ) ;
#2478 = CARTESIAN_POINT ( 'NONE',  ( 0.9842519685039370400, 0.7748339697925827900, -1.653543307086614300 ) ) ;
#2479 = DIRECTION ( 'NONE',  ( 2.664535259100380000E-015, 1.000000000000000000, 0.0000000000000000000 ) ) ;
#2480 = FILL_AREA_STYLE_COLOUR ( '', #185 ) ;
#2481 = SURFACE_STYLE_USAGE ( .BOTH. , #2455 ) ;
#2482 =( CONVERSION_BASED_UNIT ( 'INCH', #186 ) LENGTH_UNIT ( ) NAMED_UNIT ( #2550 ) );
#2483 = CARTESIAN_POINT ( 'NONE',  ( -0.6141732283464567100, 0.2079048359343165500, -1.653543307086614300 ) ) ;
#2484 = PLANE ( 'NONE',  #926 ) ;
#2485 = DIRECTION ( 'NONE',  ( -9.912705577010330500E-017, 1.000000000000000000, 0.0000000000000000000 ) ) ;
#2486 = DIRECTION ( 'NONE',  ( -1.000000000000000000, -9.912705577010330500E-017, 0.0000000000000000000 ) ) ;
#2487 =( CONVERSION_BASED_UNIT ( 'INCH', #208 ) LENGTH_UNIT ( ) NAMED_UNIT ( #2546 ) );
#2488 = FILL_AREA_STYLE ('',( #2465 ) ) ;
#2489 =( NAMED_UNIT ( * ) SI_UNIT ( $, .STERADIAN. ) SOLID_ANGLE_UNIT ( ) );
#2490 = PLANE ( 'NONE',  #952 ) ;
#2491 = FILL_AREA_STYLE ('',( #2480 ) ) ;
#2492 =( LENGTH_UNIT ( ) NAMED_UNIT ( * ) SI_UNIT ( $, .METRE. ) );
#2493 =( LENGTH_UNIT ( ) NAMED_UNIT ( * ) SI_UNIT ( $, .METRE. ) );
#2494 = SURFACE_STYLE_USAGE ( .BOTH. , #2499 ) ;
#2495 = DIRECTION ( 'NONE',  ( 0.0000000000000000000, 0.0000000000000000000, -1.000000000000000000 ) ) ;
#2496 = PLANE ( 'NONE',  #942 ) ;
#2497 = DIRECTION ( 'NONE',  ( 1.000000000000000000, -9.912705577010340300E-017, 0.0000000000000000000 ) ) ;
#2498 = FILL_AREA_STYLE ('',( #2476 ) ) ;
#2499 = SURFACE_SIDE_STYLE ('',( #191 ) ) ;
#2500 =( CONVERSION_BASED_UNIT ( 'INCH', #230 ) LENGTH_UNIT ( ) NAMED_UNIT ( #2532 ) );
#2501 =( LENGTH_UNIT ( ) NAMED_UNIT ( * ) SI_UNIT ( $, .METRE. ) );
#2502 = DIRECTION ( 'NONE',  ( 0.0000000000000000000, 0.0000000000000000000, -1.000000000000000000 ) ) ;
#2503 = DIRECTION ( 'NONE',  ( 3.965082230804130700E-016, 1.000000000000000000, 0.0000000000000000000 ) ) ;
#2504 = FILL_AREA_STYLE ('',( #2513 ) ) ;
#2505 = SURFACE_SIDE_STYLE ('',( #221 ) ) ;
#2506 = SURFACE_SIDE_STYLE ('',( #192 ) ) ;
#2507 =( CONVERSION_BASED_UNIT ( 'INCH', #237 ) LENGTH_UNIT ( ) NAMED_UNIT ( #2547 ) );
#2508 = PLANE ( 'NONE',  #936 ) ;
#2509 =( NAMED_UNIT ( * ) PLANE_ANGLE_UNIT ( ) SI_UNIT ( $, .RADIAN. ) );
#2510 =( NAMED_UNIT ( * ) PLANE_ANGLE_UNIT ( ) SI_UNIT ( $, .RADIAN. ) );
#2511 = PLANE ( 'NONE',  #931 ) ;
#2512 = CARTESIAN_POINT ( 'NONE',  ( -0.1732283464566929400, 0.2079048359343165500, -1.653543307086614300 ) ) ;
#2513 = FILL_AREA_STYLE_COLOUR ( '', #231 ) ;
#2514 = DIRECTION ( 'NONE',  ( 1.000000000000000000, -3.965082230804130700E-016, 0.0000000000000000000 ) ) ;
#2515 =( NAMED_UNIT ( * ) PLANE_ANGLE_UNIT ( ) SI_UNIT ( $, .RADIAN. ) );
#2516 = CARTESIAN_POINT ( 'NONE',  ( -2.755905511811024100, 0.7072855937084054900, -1.653543307086614300 ) ) ;
#2517 = DIRECTION ( 'NONE',  ( 1.776356839400250100E-016, -1.000000000000000000, 0.0000000000000000000 ) ) ;
#2518 =( NAMED_UNIT ( * ) SI_UNIT ( $, .STERADIAN. ) SOLID_ANGLE_UNIT ( ) );
#2519 =( CONVERSION_BASED_UNIT ( 'INCH', #222 ) LENGTH_UNIT ( ) NAMED_UNIT ( #2540 ) );
#2520 =( NAMED_UNIT ( * ) SI_UNIT ( $, .STERADIAN. ) SOLID_ANGLE_UNIT ( ) );
#2521 = SURFACE_SIDE_STYLE ('',( #213 ) ) ;
#2522 = SURFACE_STYLE_USAGE ( .BOTH. , #2521 ) ;
#2523 = FILL_AREA_STYLE_COLOUR ( '', #217 ) ;
#2524 = FILL_AREA_STYLE ('',( #2523 ) ) ;
#2525 = DIRECTION ( 'NONE',  ( -1.000000000000000000, 0.0000000000000000000, 0.0000000000000000000 ) ) ;
#2526 = SURFACE_STYLE_USAGE ( .BOTH. , #2506 ) ;
#2527 =( LENGTH_UNIT ( ) NAMED_UNIT ( * ) SI_UNIT ( $, .METRE. ) );
#2528 = SURFACE_STYLE_USAGE ( .BOTH. , #2505 ) ;
#2529 =( LENGTH_UNIT ( ) NAMED_UNIT ( * ) SI_UNIT ( $, .METRE. ) );
#2530 = DIMENSIONAL_EXPONENTS ( 1.000000000000000000, 0.0000000000000000000, 0.0000000000000000000, 0.0000000000000000000, 0.0000000000000000000, 0.0000000000000000000, 0.0000000000000000000 ) ;
#2531 = DIMENSIONAL_EXPONENTS ( 1.000000000000000000, 0.0000000000000000000, 0.0000000000000000000, 0.0000000000000000000, 0.0000000000000000000, 0.0000000000000000000, 0.0000000000000000000 ) ;
#2532 = DIMENSIONAL_EXPONENTS ( 1.000000000000000000, 0.0000000000000000000, 0.0000000000000000000, 0.0000000000000000000, 0.0000000000000000000, 0.0000000000000000000, 0.0000000000000000000 ) ;
#2533 = DIMENSIONAL_EXPONENTS ( 1.000000000000000000, 0.0000000000000000000, 0.0000000000000000000, 0.0000000000000000000, 0.0000000000000000000, 0.0000000000000000000, 0.0000000000000000000 ) ;
#2534 = DIMENSIONAL_EXPONENTS ( 1.000000000000000000, 0.0000000000000000000, 0.0000000000000000000, 0.0000000000000000000, 0.0000000000000000000, 0.0000000000000000000, 0.0000000000000000000 ) ;
#2535 = DIMENSIONAL_EXPONENTS ( 1.000000000000000000, 0.0000000000000000000, 0.0000000000000000000, 0.0000000000000000000, 0.0000000000000000000, 0.0000000000000000000, 0.0000000000000000000 ) ;
#2536 = DIMENSIONAL_EXPONENTS ( 1.000000000000000000, 0.0000000000000000000, 0.0000000000000000000, 0.0000000000000000000, 0.0000000000000000000, 0.0000000000000000000, 0.0000000000000000000 ) ;
#2537 = DIMENSIONAL_EXPONENTS ( 1.000000000000000000, 0.0000000000000000000, 0.0000000000000000000, 0.0000000000000000000, 0.0000000000000000000, 0.0000000000000000000, 0.0000000000000000000 ) ;
#2538 = DIMENSIONAL_EXPONENTS ( 1.000000000000000000, 0.0000000000000000000, 0.0000000000000000000, 0.0000000000000000000, 0.0000000000000000000, 0.0000000000000000000, 0.0000000000000000000 ) ;
#2539 = DIMENSIONAL_EXPONENTS ( 1.000000000000000000, 0.0000000000000000000, 0.0000000000000000000, 0.0000000000000000000, 0.0000000000000000000, 0.0000000000000000000, 0.0000000000000000000 ) ;
#2540 = DIMENSIONAL_EXPONENTS ( 1.000000000000000000, 0.0000000000000000000, 0.0000000000000000000, 0.0000000000000000000, 0.0000000000000000000, 0.0000000000000000000, 0.0000000000000000000 ) ;
#2541 = DIMENSIONAL_EXPONENTS ( 1.000000000000000000, 0.0000000000000000000, 0.0000000000000000000, 0.0000000000000000000, 0.0000000000000000000, 0.0000000000000000000, 0.0000000000000000000 ) ;
#2542 = DIMENSIONAL_EXPONENTS ( 1.000000000000000000, 0.0000000000000000000, 0.0000000000000000000, 0.0000000000000000000, 0.0000000000000000000, 0.0000000000000000000, 0.0000000000000000000 ) ;
#2543 = DIMENSIONAL_EXPONENTS ( 1.000000000000000000, 0.0000000000000000000, 0.0000000000000000000, 0.0000000000000000000, 0.0000000000000000000, 0.0000000000000000000, 0.0000000000000000000 ) ;
#2544 = DIMENSIONAL_EXPONENTS ( 1.000000000000000000, 0.0000000000000000000, 0.0000000000000000000, 0.0000000000000000000, 0.0000000000000000000, 0.0000000000000000000, 0.0000000000000000000 ) ;
#2545 = DIMENSIONAL_EXPONENTS ( 1.000000000000000000, 0.0000000000000000000, 0.0000000000000000000, 0.0000000000000000000, 0.0000000000000000000, 0.0000000000000000000, 0.0000000000000000000 ) ;
#2546 = DIMENSIONAL_EXPONENTS ( 1.000000000000000000, 0.0000000000000000000, 0.0000000000000000000, 0.0000000000000000000, 0.0000000000000000000, 0.0000000000000000000, 0.0000000000000000000 ) ;
#2547 = DIMENSIONAL_EXPONENTS ( 1.000000000000000000, 0.0000000000000000000, 0.0000000000000000000, 0.0000000000000000000, 0.0000000000000000000, 0.0000000000000000000, 0.0000000000000000000 ) ;
#2548 = DIMENSIONAL_EXPONENTS ( 1.000000000000000000, 0.0000000000000000000, 0.0000000000000000000, 0.0000000000000000000, 0.0000000000000000000, 0.0000000000000000000, 0.0000000000000000000 ) ;
#2549 = DIMENSIONAL_EXPONENTS ( 1.000000000000000000, 0.0000000000000000000, 0.0000000000000000000, 0.0000000000000000000, 0.0000000000000000000, 0.0000000000000000000, 0.0000000000000000000 ) ;
#2550 = DIMENSIONAL_EXPONENTS ( 1.000000000000000000, 0.0000000000000000000, 0.0000000000000000000, 0.0000000000000000000, 0.0000000000000000000, 0.0000000000000000000, 0.0000000000000000000 ) ;
#2551 = DIMENSIONAL_EXPONENTS ( 1.000000000000000000, 0.0000000000000000000, 0.0000000000000000000, 0.0000000000000000000, 0.0000000000000000000, 0.0000000000000000000, 0.0000000000000000000 ) ;
#2552 = DIMENSIONAL_EXPONENTS ( 1.000000000000000000, 0.0000000000000000000, 0.0000000000000000000, 0.0000000000000000000, 0.0000000000000000000, 0.0000000000000000000, 0.0000000000000000000 ) ;
#2553 = DIMENSIONAL_EXPONENTS ( 1.000000000000000000, 0.0000000000000000000, 0.0000000000000000000, 0.0000000000000000000, 0.0000000000000000000, 0.0000000000000000000, 0.0000000000000000000 ) ;
#2554 =( GEOMETRIC_REPRESENTATION_CONTEXT ( 3 ) GLOBAL_UNCERTAINTY_ASSIGNED_CONTEXT ( ( #793 ) ) GLOBAL_UNIT_ASSIGNED_CONTEXT ( ( #2183, #2204, #2191 ) ) REPRESENTATION_CONTEXT ( 'NONE', 'WORKASPACE' ) );
ENDSEC;
END-ISO-10303-21;
