ISO-10303-21;
HEADER;
FILE_DESCRIPTION (( 'STEP AP214' ),
    '1' );
FILE_NAME ('bracket-mod-L2.STEP',
    '2026-06-27T21:21:18',
    ( '' ),
    ( '' ),
    'SwSTEP 2.0',
    'SolidWorks 2010',
    '' );
FILE_SCHEMA (( 'AUTOMOTIVE_DESIGN' ));
ENDSEC;

DATA;
#1 = PRESENTATION_LAYER_ASSIGNMENT (  '', '', ( #1299 ) ) ;
#2 = PRESENTATION_LAYER_ASSIGNMENT (  '', '', ( #1280 ) ) ;
#3 = MECHANICAL_DESIGN_GEOMETRIC_PRESENTATION_REPRESENTATION (  '', ( #1296 ), #1311 ) ;
#4 = MECHANICAL_DESIGN_GEOMETRIC_PRESENTATION_REPRESENTATION (  '', ( #1299 ), #1304 ) ;
#5 = AXIS2_PLACEMENT_3D ( 'NONE', #1068, #1085, #1081 ) ;
#6 = MECHANICAL_DESIGN_GEOMETRIC_PRESENTATION_REPRESENTATION (  '', ( #1295 ), #1317 ) ;
#7 = MECHANICAL_DESIGN_GEOMETRIC_PRESENTATION_REPRESENTATION (  '', ( #1280 ), #1305 ) ;
#8 = AXIS2_PLACEMENT_3D ( 'NONE', #1022, #1059, #1082 ) ;
#9 = PRESENTATION_LAYER_ASSIGNMENT (  '', '', ( #1295 ) ) ;
#10 = MECHANICAL_DESIGN_GEOMETRIC_PRESENTATION_REPRESENTATION (  '', ( #1432 ), #1433 ) ;
#11 = AXIS2_PLACEMENT_3D ( 'NONE', #2515, #2520, #2533 ) ;
#12 = AXIS2_PLACEMENT_3D ( 'NONE', #1046, #1071, #1086 ) ;
#13 = PRESENTATION_LAYER_ASSIGNMENT (  '', '', ( #1296 ) ) ;
#14 = AXIS2_PLACEMENT_3D ( 'NONE', #1088, #1069, #1089 ) ;
#15 = PRESENTATION_LAYER_ASSIGNMENT (  '', '', ( #1316 ) ) ;
#16 = AXIS2_PLACEMENT_3D ( 'NONE', #1119, #1120, #1144 ) ;
#17 = PRESENTATION_LAYER_ASSIGNMENT (  '', '', ( #1318 ) ) ;
#18 = PRESENTATION_LAYER_ASSIGNMENT (  '', '', ( #1356 ) ) ;
#19 = PRESENTATION_LAYER_ASSIGNMENT (  '', '', ( #1340 ) ) ;
#20 = AXIS2_PLACEMENT_3D ( 'NONE', #1104, #1110, #1122 ) ;
#21 = MECHANICAL_DESIGN_GEOMETRIC_PRESENTATION_REPRESENTATION (  '', ( #1385 ), #1381 ) ;
#22 = PRESENTATION_LAYER_ASSIGNMENT (  '', '', ( #1345 ) ) ;
#23 = MECHANICAL_DESIGN_GEOMETRIC_PRESENTATION_REPRESENTATION (  '', ( #1374 ), #1408 ) ;
#24 = AXIS2_PLACEMENT_3D ( 'NONE', #1067, #1091, #1044 ) ;
#25 = PRESENTATION_LAYER_ASSIGNMENT (  '', '', ( #1315 ) ) ;
#26 = MECHANICAL_DESIGN_GEOMETRIC_PRESENTATION_REPRESENTATION (  '', ( #1315 ), #1323 ) ;
#27 = MECHANICAL_DESIGN_GEOMETRIC_PRESENTATION_REPRESENTATION (  '', ( #1316 ), #1341 ) ;
#28 = MECHANICAL_DESIGN_GEOMETRIC_PRESENTATION_REPRESENTATION (  '', ( #1340 ), #1363 ) ;
#29 = AXIS2_PLACEMENT_3D ( 'NONE', #1106, #1140, #1111 ) ;
#30 = MECHANICAL_DESIGN_GEOMETRIC_PRESENTATION_REPRESENTATION (  '', ( #1345 ), #1359 ) ;
#31 = AXIS2_PLACEMENT_3D ( 'NONE', #1182, #1190, #1159 ) ;
#32 = PRESENTATION_LAYER_ASSIGNMENT (  '', '', ( #1384 ) ) ;
#33 = AXIS2_PLACEMENT_3D ( 'NONE', #1139, #1095, #1096 ) ;
#34 = MECHANICAL_DESIGN_GEOMETRIC_PRESENTATION_REPRESENTATION (  '', ( #1384 ), #1372 ) ;
#35 = AXIS2_PLACEMENT_3D ( 'NONE', #1075, #1121, #1109 ) ;
#36 = MECHANICAL_DESIGN_GEOMETRIC_PRESENTATION_REPRESENTATION (  '', ( #1318 ), #1321 ) ;
#37 = MECHANICAL_DESIGN_GEOMETRIC_PRESENTATION_REPRESENTATION (  '', ( #1356 ), #1347 ) ;
#38 = PRESENTATION_LAYER_ASSIGNMENT (  '', '', ( #1385 ) ) ;
#39 = AXIS2_PLACEMENT_3D ( 'NONE', #1158, #1186, #1155 ) ;
#40 = PRESENTATION_LAYER_ASSIGNMENT (  '', '', ( #1374 ) ) ;
#41 = AXIS2_PLACEMENT_3D ( 'NONE', #497, #538, #519 ) ;
#42 = AXIS2_PLACEMENT_3D ( 'NONE', #515, #543, #506 ) ;
#43 = MECHANICAL_DESIGN_GEOMETRIC_PRESENTATION_REPRESENTATION (  '', ( #1396 ), #1412 ) ;
#44 = AXIS2_PLACEMENT_3D ( 'NONE', #498, #507, #528 ) ;
#45 = AXIS2_PLACEMENT_3D ( 'NONE', #2534, #2528, #2519 ) ;
#46 = PRESENTATION_LAYER_ASSIGNMENT (  '', '', ( #1396 ) ) ;
#47 = PRESENTATION_LAYER_ASSIGNMENT (  '', '', ( #1424 ) ) ;
#48 = MECHANICAL_DESIGN_GEOMETRIC_PRESENTATION_REPRESENTATION (  '', ( #1424 ), #1425 ) ;
#49 = AXIS2_PLACEMENT_3D ( 'NONE', #1099, #1138, #1169 ) ;
#50 = PRESENTATION_LAYER_ASSIGNMENT (  '', '', ( #1422 ) ) ;
#51 = AXIS2_PLACEMENT_3D ( 'NONE', #508, #1157, #1176 ) ;
#52 = MECHANICAL_DESIGN_GEOMETRIC_PRESENTATION_REPRESENTATION (  '', ( #1422 ), #1419 ) ;
#53 = PRESENTATION_LAYER_ASSIGNMENT (  '', '', ( #1399 ) ) ;
#54 = PRESENTATION_LAYER_ASSIGNMENT (  '', '', ( #1402 ) ) ;
#55 = PRESENTATION_LAYER_ASSIGNMENT (  '', '', ( #1432 ) ) ;
#56 = AXIS2_PLACEMENT_3D ( 'NONE', #2545, #2529, #2546 ) ;
#57 = MECHANICAL_DESIGN_GEOMETRIC_PRESENTATION_REPRESENTATION (  '', ( #1402 ), #1407 ) ;
#58 = AXIS2_PLACEMENT_3D ( 'NONE', #526, #532, #534 ) ;
#59 = AXIS2_PLACEMENT_3D ( 'NONE', #1173, #1174, #1175 ) ;
#60 = AXIS2_PLACEMENT_3D ( 'NONE', #525, #514, #530 ) ;
#61 = MECHANICAL_DESIGN_GEOMETRIC_PRESENTATION_REPRESENTATION (  '', ( #1399 ), #1393 ) ;
#62 = AXIS2_PLACEMENT_3D ( 'NONE', #542, #540, #512 ) ;
#63 = LENGTH_MEASURE_WITH_UNIT ( LENGTH_MEASURE( 0.02539999999999999900 ), #896 );
#64 = CYLINDRICAL_SURFACE ( 'NONE', #1853, 0.2559055118110238300 ) ;
#65 = PRESENTATION_STYLE_ASSIGNMENT (( #834 ) ) ;
#66 = SURFACE_STYLE_FILL_AREA ( #899 ) ;
#67 = STYLED_ITEM ( 'NONE', ( #80 ), #2415 ) ;
#68 = FACE_OUTER_BOUND ( 'NONE', #2226, .T. ) ;
#69 =( GEOMETRIC_REPRESENTATION_CONTEXT ( 3 ) GLOBAL_UNCERTAINTY_ASSIGNED_CONTEXT ( ( #2501 ) ) GLOBAL_UNIT_ASSIGNED_CONTEXT ( ( #833, #851, #850 ) ) REPRESENTATION_CONTEXT ( 'NONE', 'WORKASPACE' ) );
#70 = COLOUR_RGB ( '',0.6274509803921568500, 0.6274509803921568500, 0.6274509803921568500 ) ;
#71 =( GEOMETRIC_REPRESENTATION_CONTEXT ( 3 ) GLOBAL_UNCERTAINTY_ASSIGNED_CONTEXT ( ( #2499 ) ) GLOBAL_UNIT_ASSIGNED_CONTEXT ( ( #838, #864, #853 ) ) REPRESENTATION_CONTEXT ( 'NONE', 'WORKASPACE' ) );
#72 = LENGTH_MEASURE_WITH_UNIT ( LENGTH_MEASURE( 0.02539999999999999900 ), #862 );
#73 = LENGTH_MEASURE_WITH_UNIT ( LENGTH_MEASURE( 0.02539999999999999900 ), #836 );
#74 =( GEOMETRIC_REPRESENTATION_CONTEXT ( 3 ) GLOBAL_UNCERTAINTY_ASSIGNED_CONTEXT ( ( #2487 ) ) GLOBAL_UNIT_ASSIGNED_CONTEXT ( ( #894, #901, #912 ) ) REPRESENTATION_CONTEXT ( 'NONE', 'WORKASPACE' ) );
#75 = FACE_OUTER_BOUND ( 'NONE', #2219, .T. ) ;
#76 = COLOUR_RGB ( '',0.6274509803921568500, 0.6274509803921568500, 0.6274509803921568500 ) ;
#77 = FACE_OUTER_BOUND ( 'NONE', #2244, .T. ) ;
#78 = SURFACE_STYLE_FILL_AREA ( #917 ) ;
#79 = STYLED_ITEM ( 'NONE', ( #65 ), #2414 ) ;
#80 = PRESENTATION_STYLE_ASSIGNMENT (( #913 ) ) ;
#81 = COLOUR_RGB ( '',0.6274509803921568500, 0.6274509803921568500, 0.6274509803921568500 ) ;
#82 = CYLINDRICAL_SURFACE ( 'NONE', #1886, 0.2559055118110238300 ) ;
#83 = PRESENTATION_STYLE_ASSIGNMENT (( #870 ) ) ;
#84 = STYLED_ITEM ( 'NONE', ( #83 ), #2417 ) ;
#85 = ORIENTED_EDGE ( 'NONE', *, *, #1732, .F. ) ;
#86 = ORIENTED_EDGE ( 'NONE', *, *, #1739, .F. ) ;
#87 = ORIENTED_EDGE ( 'NONE', *, *, #1744, .T. ) ;
#88 = ORIENTED_EDGE ( 'NONE', *, *, #1746, .T. ) ;
#89 = ORIENTED_EDGE ( 'NONE', *, *, #1761, .T. ) ;
#90 = ORIENTED_EDGE ( 'NONE', *, *, #1763, .T. ) ;
#91 = ORIENTED_EDGE ( 'NONE', *, *, #1658, .F. ) ;
#92 = ORIENTED_EDGE ( 'NONE', *, *, #1766, .F. ) ;
#93 = ORIENTED_EDGE ( 'NONE', *, *, #1719, .F. ) ;
#94 = ORIENTED_EDGE ( 'NONE', *, *, #1680, .F. ) ;
#95 = ORIENTED_EDGE ( 'NONE', *, *, #1783, .T. ) ;
#96 = ORIENTED_EDGE ( 'NONE', *, *, #1671, .F. ) ;
#97 = ORIENTED_EDGE ( 'NONE', *, *, #1662, .T. ) ;
#98 = ORIENTED_EDGE ( 'NONE', *, *, #1684, .T. ) ;
#99 = ORIENTED_EDGE ( 'NONE', *, *, #1762, .F. ) ;
#100 = ORIENTED_EDGE ( 'NONE', *, *, #1781, .F. ) ;
#101 = ORIENTED_EDGE ( 'NONE', *, *, #1806, .F. ) ;
#102 = ORIENTED_EDGE ( 'NONE', *, *, #1827, .T. ) ;
#103 = ORIENTED_EDGE ( 'NONE', *, *, #1818, .F. ) ;
#104 = ORIENTED_EDGE ( 'NONE', *, *, #1742, .T. ) ;
#105 = ORIENTED_EDGE ( 'NONE', *, *, #1774, .F. ) ;
#106 = ORIENTED_EDGE ( 'NONE', *, *, #1782, .F. ) ;
#107 = ORIENTED_EDGE ( 'NONE', *, *, #1774, .T. ) ;
#108 = ORIENTED_EDGE ( 'NONE', *, *, #1783, .F. ) ;
#109 = ORIENTED_EDGE ( 'NONE', *, *, #1840, .F. ) ;
#110 = ORIENTED_EDGE ( 'NONE', *, *, #1661, .T. ) ;
#111 = ORIENTED_EDGE ( 'NONE', *, *, #1769, .T. ) ;
#112 = ORIENTED_EDGE ( 'NONE', *, *, #1737, .T. ) ;
#113 = ORIENTED_EDGE ( 'NONE', *, *, #1766, .T. ) ;
#114 = ORIENTED_EDGE ( 'NONE', *, *, #1726, .F. ) ;
#115 = ORIENTED_EDGE ( 'NONE', *, *, #1732, .T. ) ;
#116 = ORIENTED_EDGE ( 'NONE', *, *, #1762, .T. ) ;
#117 = ORIENTED_EDGE ( 'NONE', *, *, #1772, .T. ) ;
#118 = ORIENTED_EDGE ( 'NONE', *, *, #1827, .F. ) ;
#119 = ORIENTED_EDGE ( 'NONE', *, *, #1839, .F. ) ;
#120 = ORIENTED_EDGE ( 'NONE', *, *, #1809, .T. ) ;
#121 = ORIENTED_EDGE ( 'NONE', *, *, #1733, .F. ) ;
#122 = ORIENTED_EDGE ( 'NONE', *, *, #1840, .T. ) ;
#123 = ORIENTED_EDGE ( 'NONE', *, *, #1738, .T. ) ;
#124 = ORIENTED_EDGE ( 'NONE', *, *, #1734, .F. ) ;
#125 = ORIENTED_EDGE ( 'NONE', *, *, #1729, .T. ) ;
#126 = ORIENTED_EDGE ( 'NONE', *, *, #1771, .F. ) ;
#127 = ORIENTED_EDGE ( 'NONE', *, *, #1733, .T. ) ;
#128 = ORIENTED_EDGE ( 'NONE', *, *, #1809, .F. ) ;
#129 = ORIENTED_EDGE ( 'NONE', *, *, #1716, .F. ) ;
#130 = ORIENTED_EDGE ( 'NONE', *, *, #1692, .T. ) ;
#131 = ORIENTED_EDGE ( 'NONE', *, *, #1693, .T. ) ;
#132 = ORIENTED_EDGE ( 'NONE', *, *, #1751, .T. ) ;
#133 = ORIENTED_EDGE ( 'NONE', *, *, #1742, .F. ) ;
#134 = ORIENTED_EDGE ( 'NONE', *, *, #1767, .F. ) ;
#135 = ORIENTED_EDGE ( 'NONE', *, *, #1699, .F. ) ;
#136 = ORIENTED_EDGE ( 'NONE', *, *, #1779, .T. ) ;
#137 = ORIENTED_EDGE ( 'NONE', *, *, #1778, .T. ) ;
#138 = ORIENTED_EDGE ( 'NONE', *, *, #1775, .T. ) ;
#139 = ORIENTED_EDGE ( 'NONE', *, *, #1779, .F. ) ;
#140 = ORIENTED_EDGE ( 'NONE', *, *, #1730, .T. ) ;
#141 = ORIENTED_EDGE ( 'NONE', *, *, #1734, .T. ) ;
#142 = ORIENTED_EDGE ( 'NONE', *, *, #1738, .F. ) ;
#143 = ORIENTED_EDGE ( 'NONE', *, *, #1728, .T. ) ;
#144 = ORIENTED_EDGE ( 'NONE', *, *, #1725, .T. ) ;
#145 = ORIENTED_EDGE ( 'NONE', *, *, #1712, .F. ) ;
#146 = ORIENTED_EDGE ( 'NONE', *, *, #1780, .T. ) ;
#147 = ORIENTED_EDGE ( 'NONE', *, *, #1758, .T. ) ;
#148 = ORIENTED_EDGE ( 'NONE', *, *, #1758, .F. ) ;
#149 = ORIENTED_EDGE ( 'NONE', *, *, #1649, .F. ) ;
#150 = ORIENTED_EDGE ( 'NONE', *, *, #1773, .T. ) ;
#151 = ORIENTED_EDGE ( 'NONE', *, *, #1685, .F. ) ;
#152 = VECTOR ( 'NONE', #1980, 39.37007874015748100 ) ;
#153 = STYLED_ITEM ( 'NONE', ( #176 ), #1525 ) ;
#154 = LINE ( 'NONE', #1952, #163 ) ;
#155 = ORIENTED_EDGE ( 'NONE', *, *, #1695, .T. ) ;
#156 = ORIENTED_EDGE ( 'NONE', *, *, #1660, .T. ) ;
#157 = ORIENTED_EDGE ( 'NONE', *, *, #1777, .F. ) ;
#158 = ORIENTED_EDGE ( 'NONE', *, *, #1706, .F. ) ;
#159 = ORIENTED_EDGE ( 'NONE', *, *, #1705, .T. ) ;
#160 = ORIENTED_EDGE ( 'NONE', *, *, #1714, .T. ) ;
#161 = VECTOR ( 'NONE', #2165, 39.37007874015748100 ) ;
#162 = LINE ( 'NONE', #1960, #152 ) ;
#163 = VECTOR ( 'NONE', #1950, 39.37007874015748100 ) ;
#164 = CIRCLE ( 'NONE', #1841, 0.2559055118110238300 ) ;
#165 = ORIENTED_EDGE ( 'NONE', *, *, #1756, .T. ) ;
#166 = LINE ( 'NONE', #1955, #188 ) ;
#167 =( GEOMETRIC_REPRESENTATION_CONTEXT ( 3 ) GLOBAL_UNCERTAINTY_ASSIGNED_CONTEXT ( ( #1521 ) ) GLOBAL_UNIT_ASSIGNED_CONTEXT ( ( #2208, #2188, #2203 ) ) REPRESENTATION_CONTEXT ( 'NONE', 'WORKASPACE' ) );
#168 = LINE ( 'NONE', #2106, #180 ) ;
#169 = ORIENTED_EDGE ( 'NONE', *, *, #1741, .F. ) ;
#170 = ORIENTED_EDGE ( 'NONE', *, *, #1713, .F. ) ;
#171 = ORIENTED_EDGE ( 'NONE', *, *, #1655, .T. ) ;
#172 = SURFACE_STYLE_FILL_AREA ( #2201 ) ;
#173 = LENGTH_MEASURE_WITH_UNIT ( LENGTH_MEASURE( 0.02539999999999999900 ), #2202 );
#174 = CIRCLE ( 'NONE', #1790, 0.2559055118110235600 ) ;
#175 = ORIENTED_EDGE ( 'NONE', *, *, #1704, .T. ) ;
#176 = PRESENTATION_STYLE_ASSIGNMENT (( #2186 ) ) ;
#177 = LINE ( 'NONE', #2206, #178 ) ;
#178 = VECTOR ( 'NONE', #1987, 39.37007874015748100 ) ;
#179 = CIRCLE ( 'NONE', #1826, 0.2559055118110238300 ) ;
#180 = VECTOR ( 'NONE', #2102, 39.37007874015748100 ) ;
#181 = ORIENTED_EDGE ( 'NONE', *, *, #1708, .T. ) ;
#182 = ORIENTED_EDGE ( 'NONE', *, *, #1719, .T. ) ;
#183 = ORIENTED_EDGE ( 'NONE', *, *, #1735, .T. ) ;
#184 = ORIENTED_EDGE ( 'NONE', *, *, #1667, .T. ) ;
#185 = ORIENTED_EDGE ( 'NONE', *, *, #1690, .T. ) ;
#186 = LINE ( 'NONE', #2204, #161 ) ;
#187 = CIRCLE ( 'NONE', #1799, 0.2559055118110238300 ) ;
#188 = VECTOR ( 'NONE', #1956, 39.37007874015748100 ) ;
#189 = ORIENTED_EDGE ( 'NONE', *, *, #1698, .T. ) ;
#190 = ORIENTED_EDGE ( 'NONE', *, *, #1645, .T. ) ;
#191 = CIRCLE ( 'NONE', #1819, 0.7874015748031496500 ) ;
#192 = COLOUR_RGB ( '',0.7529411764705882200, 0.7529411764705882200, 0.7529411764705882200 ) ;
#193 = CIRCLE ( 'NONE', #1784, 0.7874015748031497600 ) ;
#194 = LINE ( 'NONE', #1986, #221 ) ;
#195 = CIRCLE ( 'NONE', #1831, 0.2559055118110238300 ) ;
#196 = VECTOR ( 'NONE', #2014, 39.37007874015748100 ) ;
#197 = CIRCLE ( 'NONE', #1830, 0.2559055118110238300 ) ;
#198 = LINE ( 'NONE', #1983, #216 ) ;
#199 = LINE ( 'NONE', #1999, #223 ) ;
#200 = LINE ( 'NONE', #2044, #196 ) ;
#201 = LINE ( 'NONE', #2009, #213 ) ;
#202 = LINE ( 'NONE', #2032, #212 ) ;
#203 = CIRCLE ( 'NONE', #1788, 0.2559055118110238300 ) ;
#204 = CIRCLE ( 'NONE', #1800, 0.1499999999999999700 ) ;
#205 = LINE ( 'NONE', #2016, #242 ) ;
#206 = CIRCLE ( 'NONE', #1785, 0.2559055118110238300 ) ;
#207 = CIRCLE ( 'NONE', #1802, 0.2559055118110238300 ) ;
#208 = LINE ( 'NONE', #2035, #211 ) ;
#209 = VECTOR ( 'NONE', #2028, 39.37007874015748900 ) ;
#210 = LINE ( 'NONE', #2038, #214 ) ;
#211 = VECTOR ( 'NONE', #2017, 39.37007874015748100 ) ;
#212 = VECTOR ( 'NONE', #2021, 39.37007874015748100 ) ;
#213 = VECTOR ( 'NONE', #2010, 39.37007874015748100 ) ;
#214 = VECTOR ( 'NONE', #2047, 39.37007874015748900 ) ;
#215 = VECTOR ( 'NONE', #2043, 39.37007874015748100 ) ;
#216 = VECTOR ( 'NONE', #1992, 39.37007874015748100 ) ;
#217 = VECTOR ( 'NONE', #2034, 39.37007874015748100 ) ;
#218 = CIRCLE ( 'NONE', #1822, 0.7874015748031497600 ) ;
#219 = CIRCLE ( 'NONE', #1793, 0.7874015748031495400 ) ;
#220 = CIRCLE ( 'NONE', #1801, 0.2559055118110238300 ) ;
#221 = VECTOR ( 'NONE', #1977, 39.37007874015748900 ) ;
#222 = LINE ( 'NONE', #1984, #228 ) ;
#223 = VECTOR ( 'NONE', #2000, 39.37007874015748100 ) ;
#224 = CIRCLE ( 'NONE', #1842, 0.2559055118110238300 ) ;
#225 = CIRCLE ( 'NONE', #1828, 0.2559055118110238300 ) ;
#226 = LINE ( 'NONE', #1975, #232 ) ;
#227 = VECTOR ( 'NONE', #2004, 39.37007874015748100 ) ;
#228 = VECTOR ( 'NONE', #1964, 39.37007874015748100 ) ;
#229 = LINE ( 'NONE', #2051, #285 ) ;
#230 = LINE ( 'NONE', #2007, #236 ) ;
#231 = CIRCLE ( 'NONE', #1823, 0.2559055118110238300 ) ;
#232 = VECTOR ( 'NONE', #1988, 39.37007874015748100 ) ;
#233 = CIRCLE ( 'NONE', #1829, 0.7874015748031503200 ) ;
#234 = LINE ( 'NONE', #1991, #227 ) ;
#235 = LINE ( 'NONE', #2053, #217 ) ;
#236 = VECTOR ( 'NONE', #2011, 39.37007874015748100 ) ;
#237 = LINE ( 'NONE', #2020, #215 ) ;
#238 = LINE ( 'NONE', #2049, #267 ) ;
#239 = CIRCLE ( 'NONE', #1837, 0.2559055118110235600 ) ;
#240 = LINE ( 'NONE', #2048, #209 ) ;
#241 = CIRCLE ( 'NONE', #1810, 0.2559055118110238300 ) ;
#242 = VECTOR ( 'NONE', #2031, 39.37007874015748100 ) ;
#243 = VECTOR ( 'NONE', #2068, 39.37007874015748100 ) ;
#244 = VECTOR ( 'NONE', #1529, 39.37007874015748100 ) ;
#245 = LINE ( 'NONE', #2054, #255 ) ;
#246 = LINE ( 'NONE', #2080, #276 ) ;
#247 = CIRCLE ( 'NONE', #1794, 0.2559055118110235600 ) ;
#248 = CIRCLE ( 'NONE', #1795, 0.7874015748031495400 ) ;
#249 = CIRCLE ( 'NONE', #1820, 0.2559055118110238300 ) ;
#250 = VECTOR ( 'NONE', #1554, 39.37007874015748900 ) ;
#251 = VECTOR ( 'NONE', #2077, 39.37007874015748100 ) ;
#252 = LINE ( 'NONE', #2046, #290 ) ;
#253 = LINE ( 'NONE', #2088, #251 ) ;
#254 = LINE ( 'NONE', #1538, #261 ) ;
#255 = VECTOR ( 'NONE', #2090, 39.37007874015748100 ) ;
#256 = CIRCLE ( 'NONE', #1803, 0.7874015748031492100 ) ;
#257 = CIRCLE ( 'NONE', #1789, 0.2559055118110235600 ) ;
#258 = LINE ( 'NONE', #1565, #299 ) ;
#259 = LINE ( 'NONE', #2096, #287 ) ;
#260 = CIRCLE ( 'NONE', #1792, 0.2559055118110235600 ) ;
#261 = VECTOR ( 'NONE', #1556, 39.37007874015748100 ) ;
#262 = CIRCLE ( 'NONE', #1817, 0.3937007874015748800 ) ;
#263 = VECTOR ( 'NONE', #1623, 39.37007874015748100 ) ;
#264 = CIRCLE ( 'NONE', #1843, 0.7874015748031496500 ) ;
#265 = LINE ( 'NONE', #2100, #279 ) ;
#266 = CIRCLE ( 'NONE', #1811, 0.2559055118110238300 ) ;
#267 = VECTOR ( 'NONE', #2052, 39.37007874015748100 ) ;
#268 = CIRCLE ( 'NONE', #1804, 0.2559055118110238300 ) ;
#269 = VECTOR ( 'NONE', #2098, 39.37007874015748100 ) ;
#270 = LINE ( 'NONE', #2092, #277 ) ;
#271 = LINE ( 'NONE', #1537, #284 ) ;
#272 = CIRCLE ( 'NONE', #1844, 0.2559055118110238300 ) ;
#273 = CIRCLE ( 'NONE', #1824, 0.7874015748031496500 ) ;
#274 = LINE ( 'NONE', #1626, #303 ) ;
#275 = CIRCLE ( 'NONE', #1815, 0.2559055118110238300 ) ;
#276 = VECTOR ( 'NONE', #2060, 39.37007874015748100 ) ;
#277 = VECTOR ( 'NONE', #2058, 39.37007874015748100 ) ;
#278 = CIRCLE ( 'NONE', #1816, 0.2559055118110238300 ) ;
#279 = VECTOR ( 'NONE', #2101, 39.37007874015748100 ) ;
#280 = LINE ( 'NONE', #2094, #243 ) ;
#281 = CIRCLE ( 'NONE', #1836, 0.2559055118110238300 ) ;
#282 = LINE ( 'NONE', #1543, #250 ) ;
#283 = LINE ( 'NONE', #1621, #263 ) ;
#284 = VECTOR ( 'NONE', #1559, 39.37007874015748100 ) ;
#285 = VECTOR ( 'NONE', #2059, 39.37007874015748100 ) ;
#286 = LINE ( 'NONE', #2084, #269 ) ;
#287 = VECTOR ( 'NONE', #2057, 39.37007874015748100 ) ;
#288 = LINE ( 'NONE', #2071, #244 ) ;
#289 = CIRCLE ( 'NONE', #1845, 0.7874015748031497600 ) ;
#290 = VECTOR ( 'NONE', #2091, 39.37007874015748100 ) ;
#291 = CIRCLE ( 'NONE', #1808, 0.7874015748031495400 ) ;
#292 = LINE ( 'NONE', #1627, #318 ) ;
#293 = LINE ( 'NONE', #1635, #320 ) ;
#294 = VECTOR ( 'NONE', #1624, 39.37007874015748100 ) ;
#295 = LINE ( 'NONE', #1542, #326 ) ;
#296 = CIRCLE ( 'NONE', #1821, 0.7874015748031497600 ) ;
#297 = LINE ( 'NONE', #1622, #294 ) ;
#298 = CIRCLE ( 'NONE', #1791, 0.2559055118110238300 ) ;
#299 = VECTOR ( 'NONE', #1536, 39.37007874015748100 ) ;
#300 = VECTOR ( 'NONE', #1634, 39.37007874015748100 ) ;
#301 = VECTOR ( 'NONE', #1917, 39.37007874015748100 ) ;
#302 = LINE ( 'NONE', #1631, #300 ) ;
#303 = VECTOR ( 'NONE', #1636, 39.37007874015748100 ) ;
#304 = VECTOR ( 'NONE', #1932, 39.37007874015748100 ) ;
#305 = LINE ( 'NONE', #1942, #301 ) ;
#306 = VECTOR ( 'NONE', #1936, 39.37007874015748100 ) ;
#307 = VECTOR ( 'NONE', #1512, 39.37007874015748900 ) ;
#308 = VECTOR ( 'NONE', #1510, 39.37007874015748100 ) ;
#309 = LINE ( 'NONE', #1515, #311 ) ;
#310 = VECTOR ( 'NONE', #1630, 39.37007874015748100 ) ;
#311 = VECTOR ( 'NONE', #1517, 39.37007874015748100 ) ;
#312 = LINE ( 'NONE', #562, #396 ) ;
#313 = LINE ( 'NONE', #552, #329 ) ;
#314 = LINE ( 'NONE', #1922, #321 ) ;
#315 = VECTOR ( 'NONE', #1511, 39.37007874015748100 ) ;
#316 = LINE ( 'NONE', #1931, #304 ) ;
#317 = VECTOR ( 'NONE', #1925, 39.37007874015748100 ) ;
#318 = VECTOR ( 'NONE', #1632, 39.37007874015748100 ) ;
#319 = LINE ( 'NONE', #1629, #310 ) ;
#320 = VECTOR ( 'NONE', #1637, 39.37007874015748100 ) ;
#321 = VECTOR ( 'NONE', #1929, 39.37007874015748900 ) ;
#322 = LINE ( 'NONE', #1509, #307 ) ;
#323 = LINE ( 'NONE', #1513, #330 ) ;
#324 = CIRCLE ( 'NONE', #1805, 0.2559055118110238300 ) ;
#325 = LINE ( 'NONE', #1920, #337 ) ;
#326 = VECTOR ( 'NONE', #1563, 39.37007874015748100 ) ;
#327 = CIRCLE ( 'NONE', #1797, 0.1499999999999999900 ) ;
#328 = LINE ( 'NONE', #1508, #342 ) ;
#329 = VECTOR ( 'NONE', #589, 39.37007874015748100 ) ;
#330 = VECTOR ( 'NONE', #1514, 39.37007874015748100 ) ;
#331 = LINE ( 'NONE', #584, #380 ) ;
#332 = CIRCLE ( 'NONE', #1796, 0.3980314960629921000 ) ;
#333 = CIRCLE ( 'NONE', #1833, 0.2559055118110235600 ) ;
#334 = LINE ( 'NONE', #1518, #315 ) ;
#335 = LINE ( 'NONE', #1921, #317 ) ;
#336 = CIRCLE ( 'NONE', #1812, 0.3937007874015748800 ) ;
#337 = VECTOR ( 'NONE', #1927, 39.37007874015748100 ) ;
#338 = LINE ( 'NONE', #1937, #306 ) ;
#339 = CIRCLE ( 'NONE', #1786, 0.3980314960629921000 ) ;
#340 = CIRCLE ( 'NONE', #1787, 0.2559055118110238300 ) ;
#341 = LINE ( 'NONE', #1505, #308 ) ;
#342 = VECTOR ( 'NONE', #1506, 39.37007874015747400 ) ;
#343 = LINE ( 'NONE', #638, #391 ) ;
#344 = CIRCLE ( 'NONE', #1906, 0.7874015748031497600 ) ;
#345 = LINE ( 'NONE', #549, #385 ) ;
#346 = LINE ( 'NONE', #563, #374 ) ;
#347 = CIRCLE ( 'NONE', #1850, 0.7874015748031496500 ) ;
#348 = CIRCLE ( 'NONE', #1814, 0.7874015748031497600 ) ;
#349 = LINE ( 'NONE', #632, #375 ) ;
#350 = CIRCLE ( 'NONE', #1895, 0.7874015748031496500 ) ;
#351 = VECTOR ( 'NONE', #594, 39.37007874015748100 ) ;
#352 = CIRCLE ( 'NONE', #1832, 0.2559055118110238300 ) ;
#353 = VECTOR ( 'NONE', #631, 39.37007874015748100 ) ;
#354 = CIRCLE ( 'NONE', #1848, 0.3980314960629921000 ) ;
#355 = VECTOR ( 'NONE', #598, 39.37007874015748100 ) ;
#356 = SURFACE_STYLE_FILL_AREA ( #731 ) ;
#357 = VECTOR ( 'NONE', #574, 39.37007874015748100 ) ;
#358 = VECTOR ( 'NONE', #614, 39.37007874015748100 ) ;
#359 = FACE_OUTER_BOUND ( 'NONE', #2280, .T. ) ;
#360 = LINE ( 'NONE', #602, #353 ) ;
#361 = CIRCLE ( 'NONE', #1835, 0.1499999999999999900 ) ;
#362 = VECTOR ( 'NONE', #556, 39.37007874015748100 ) ;
#363 = LINE ( 'NONE', #606, #364 ) ;
#364 = VECTOR ( 'NONE', #601, 39.37007874015748100 ) ;
#365 = LINE ( 'NONE', #633, #390 ) ;
#366 = LINE ( 'NONE', #629, #351 ) ;
#367 = LINE ( 'NONE', #566, #384 ) ;
#368 = VECTOR ( 'NONE', #591, 39.37007874015748900 ) ;
#369 = VECTOR ( 'NONE', #637, 39.37007874015748100 ) ;
#370 = LINE ( 'NONE', #621, #358 ) ;
#371 = CIRCLE ( 'NONE', #1807, 0.2559055118110238300 ) ;
#372 = LINE ( 'NONE', #555, #362 ) ;
#373 = VECTOR ( 'NONE', #565, 39.37007874015748100 ) ;
#374 = VECTOR ( 'NONE', #548, 39.37007874015748100 ) ;
#375 = VECTOR ( 'NONE', #622, 39.37007874015748100 ) ;
#376 = VECTOR ( 'NONE', #636, 39.37007874015748100 ) ;
#377 = LINE ( 'NONE', #569, #388 ) ;
#378 = LINE ( 'NONE', #635, #389 ) ;
#379 = CIRCLE ( 'NONE', #1813, 0.2559055118110238300 ) ;
#380 = VECTOR ( 'NONE', #585, 39.37007874015748900 ) ;
#381 = CIRCLE ( 'NONE', #1892, 0.7874015748031497600 ) ;
#382 = LINE ( 'NONE', #560, #368 ) ;
#383 = CIRCLE ( 'NONE', #1834, 0.7874015748031496500 ) ;
#384 = VECTOR ( 'NONE', #576, 39.37007874015748100 ) ;
#385 = VECTOR ( 'NONE', #557, 39.37007874015748900 ) ;
#386 = LINE ( 'NONE', #573, #373 ) ;
#387 = LINE ( 'NONE', #558, #376 ) ;
#388 = VECTOR ( 'NONE', #551, 39.37007874015748100 ) ;
#389 = VECTOR ( 'NONE', #625, 39.37007874015748100 ) ;
#390 = VECTOR ( 'NONE', #634, 39.37007874015748100 ) ;
#391 = VECTOR ( 'NONE', #607, 39.37007874015748900 ) ;
#392 = PRESENTATION_STYLE_ASSIGNMENT (( #732 ) ) ;
#393 = LINE ( 'NONE', #577, #357 ) ;
#394 = LINE ( 'NONE', #600, #369 ) ;
#395 = LINE ( 'NONE', #627, #419 ) ;
#396 = VECTOR ( 'NONE', #590, 39.37007874015748100 ) ;
#397 = LINE ( 'NONE', #628, #355 ) ;
#398 = CYLINDRICAL_SURFACE ( 'NONE', #1855, 0.2559055118110238300 ) ;
#399 =( GEOMETRIC_REPRESENTATION_CONTEXT ( 3 ) GLOBAL_UNCERTAINTY_ASSIGNED_CONTEXT ( ( #1522 ) ) GLOBAL_UNIT_ASSIGNED_CONTEXT ( ( #747, #748, #740 ) ) REPRESENTATION_CONTEXT ( 'NONE', 'WORKASPACE' ) );
#400 = FACE_OUTER_BOUND ( 'NONE', #2285, .T. ) ;
#401 = STYLED_ITEM ( 'NONE', ( #392 ), #2403 ) ;
#402 = FACE_OUTER_BOUND ( 'NONE', #2240, .T. ) ;
#403 = STYLED_ITEM ( 'NONE', ( #411 ), #2402 ) ;
#404 = LENGTH_MEASURE_WITH_UNIT ( LENGTH_MEASURE( 0.02539999999999999900 ), #734 );
#405 = LENGTH_MEASURE_WITH_UNIT ( LENGTH_MEASURE( 0.02539999999999999900 ), #742 );
#406 = FACE_OUTER_BOUND ( 'NONE', #2266, .T. ) ;
#407 = LINE ( 'NONE', #605, #415 ) ;
#408 = LINE ( 'NONE', #608, #416 ) ;
#409 = COLOUR_RGB ( '',0.6274509803921568500, 0.6274509803921568500, 0.6274509803921568500 ) ;
#410 = CYLINDRICAL_SURFACE ( 'NONE', #1851, 0.2559055118110238300 ) ;
#411 = PRESENTATION_STYLE_ASSIGNMENT (( #713 ) ) ;
#412 = COLOUR_RGB ( '',0.6274509803921568500, 0.6274509803921568500, 0.6274509803921568500 ) ;
#413 = COLOUR_RGB ( '',0.6274509803921568500, 0.6274509803921568500, 0.6274509803921568500 ) ;
#414 = SURFACE_STYLE_FILL_AREA ( #736 ) ;
#415 = VECTOR ( 'NONE', #597, 39.37007874015748100 ) ;
#416 = VECTOR ( 'NONE', #615, 39.37007874015748100 ) ;
#417 =( GEOMETRIC_REPRESENTATION_CONTEXT ( 3 ) GLOBAL_UNCERTAINTY_ASSIGNED_CONTEXT ( ( #1523 ) ) GLOBAL_UNIT_ASSIGNED_CONTEXT ( ( #741, #725, #723 ) ) REPRESENTATION_CONTEXT ( 'NONE', 'WORKASPACE' ) );
#418 = SURFACE_STYLE_FILL_AREA ( #751 ) ;
#419 = VECTOR ( 'NONE', #641, 39.37007874015748100 ) ;
#420 = LENGTH_MEASURE_WITH_UNIT ( LENGTH_MEASURE( 0.02539999999999999900 ), #711 );
#421 = PRESENTATION_STYLE_ASSIGNMENT (( #727 ) ) ;
#422 = STYLED_ITEM ( 'NONE', ( #421 ), #2401 ) ;
#423 = CYLINDRICAL_SURFACE ( 'NONE', #1876, 0.7874015748031497600 ) ;
#424 = CYLINDRICAL_SURFACE ( 'NONE', #1907, 0.2559055118110238300 ) ;
#425 = FACE_BOUND ( 'NONE', #2396, .T. ) ;
#426 = PRESENTATION_STYLE_ASSIGNMENT (( #807 ) ) ;
#427 = SURFACE_STYLE_FILL_AREA ( #787 ) ;
#428 = FACE_OUTER_BOUND ( 'NONE', #2388, .T. ) ;
#429 = COLOUR_RGB ( '',0.6274509803921568500, 0.6274509803921568500, 0.6274509803921568500 ) ;
#430 = LENGTH_MEASURE_WITH_UNIT ( LENGTH_MEASURE( 0.02539999999999999900 ), #791 );
#431 = SURFACE_STYLE_FILL_AREA ( #815 ) ;
#432 = FACE_OUTER_BOUND ( 'NONE', #2232, .T. ) ;
#433 = FACE_OUTER_BOUND ( 'NONE', #2243, .T. ) ;
#434 = STYLED_ITEM ( 'NONE', ( #426 ), #2405 ) ;
#435 = LENGTH_MEASURE_WITH_UNIT ( LENGTH_MEASURE( 0.02539999999999999900 ), #776 );
#436 =( GEOMETRIC_REPRESENTATION_CONTEXT ( 3 ) GLOBAL_UNCERTAINTY_ASSIGNED_CONTEXT ( ( #1036 ) ) GLOBAL_UNIT_ASSIGNED_CONTEXT ( ( #764, #812, #809 ) ) REPRESENTATION_CONTEXT ( 'NONE', 'WORKASPACE' ) );
#437 = FACE_OUTER_BOUND ( 'NONE', #2387, .T. ) ;
#438 = PRESENTATION_STYLE_ASSIGNMENT (( #800 ) ) ;
#439 = PRESENTATION_STYLE_ASSIGNMENT (( #774 ) ) ;
#440 = COLOUR_RGB ( '',0.6274509803921568500, 0.6274509803921568500, 0.6274509803921568500 ) ;
#441 = STYLED_ITEM ( 'NONE', ( #438 ), #2408 ) ;
#442 =( GEOMETRIC_REPRESENTATION_CONTEXT ( 3 ) GLOBAL_UNCERTAINTY_ASSIGNED_CONTEXT ( ( #992 ) ) GLOBAL_UNIT_ASSIGNED_CONTEXT ( ( #769, #762, #799 ) ) REPRESENTATION_CONTEXT ( 'NONE', 'WORKASPACE' ) );
#443 = CYLINDRICAL_SURFACE ( 'NONE', #1873, 0.2559055118110235600 ) ;
#444 = CYLINDRICAL_SURFACE ( 'NONE', #1856, 0.7874015748031497600 ) ;
#445 = COLOUR_RGB ( '',0.6274509803921568500, 0.6274509803921568500, 0.6274509803921568500 ) ;
#446 = SURFACE_STYLE_FILL_AREA ( #810 ) ;
#447 =( GEOMETRIC_REPRESENTATION_CONTEXT ( 3 ) GLOBAL_UNCERTAINTY_ASSIGNED_CONTEXT ( ( #1524 ) ) GLOBAL_UNIT_ASSIGNED_CONTEXT ( ( #753, #743, #712 ) ) REPRESENTATION_CONTEXT ( 'NONE', 'WORKASPACE' ) );
#448 = LENGTH_MEASURE_WITH_UNIT ( LENGTH_MEASURE( 0.02539999999999999900 ), #804 );
#449 = SURFACE_STYLE_FILL_AREA ( #803 ) ;
#450 = STYLED_ITEM ( 'NONE', ( #439 ), #2406 ) ;
#451 = COLOUR_RGB ( '',0.6274509803921568500, 0.6274509803921568500, 0.6274509803921568500 ) ;
#452 = PRESENTATION_STYLE_ASSIGNMENT (( #763 ) ) ;
#453 = PRESENTATION_STYLE_ASSIGNMENT (( #854 ) ) ;
#454 = LENGTH_MEASURE_WITH_UNIT ( LENGTH_MEASURE( 0.02539999999999999900 ), #846 );
#455 = FACE_OUTER_BOUND ( 'NONE', #2234, .T. ) ;
#456 = PRESENTATION_STYLE_ASSIGNMENT (( #827 ) ) ;
#457 = LENGTH_MEASURE_WITH_UNIT ( LENGTH_MEASURE( 0.02539999999999999900 ), #801 );
#458 = COLOUR_RGB ( '',0.6274509803921568500, 0.6274509803921568500, 0.6274509803921568500 ) ;
#459 =( GEOMETRIC_REPRESENTATION_CONTEXT ( 3 ) GLOBAL_UNCERTAINTY_ASSIGNED_CONTEXT ( ( #997 ) ) GLOBAL_UNIT_ASSIGNED_CONTEXT ( ( #782, #783, #792 ) ) REPRESENTATION_CONTEXT ( 'NONE', 'WORKASPACE' ) );
#460 = STYLED_ITEM ( 'NONE', ( #452 ), #2409 ) ;
#461 = STYLED_ITEM ( 'NONE', ( #453 ), #2410 ) ;
#462 = COLOUR_RGB ( '',0.6274509803921568500, 0.6274509803921568500, 0.6274509803921568500 ) ;
#463 = SURFACE_STYLE_FILL_AREA ( #837 ) ;
#464 = FACE_OUTER_BOUND ( 'NONE', #2231, .T. ) ;
#465 = CYLINDRICAL_SURFACE ( 'NONE', #1874, 0.2559055118110238300 ) ;
#466 = CYLINDRICAL_SURFACE ( 'NONE', #1852, 0.7874015748031497600 ) ;
#467 =( GEOMETRIC_REPRESENTATION_CONTEXT ( 3 ) GLOBAL_UNCERTAINTY_ASSIGNED_CONTEXT ( ( #1528 ) ) GLOBAL_UNIT_ASSIGNED_CONTEXT ( ( #855, #869, #822 ) ) REPRESENTATION_CONTEXT ( 'NONE', 'WORKASPACE' ) );
#468 =( GEOMETRIC_REPRESENTATION_CONTEXT ( 3 ) GLOBAL_UNCERTAINTY_ASSIGNED_CONTEXT ( ( #1527 ) ) GLOBAL_UNIT_ASSIGNED_CONTEXT ( ( #802, #778, #811 ) ) REPRESENTATION_CONTEXT ( 'NONE', 'WORKASPACE' ) );
#469 = LENGTH_MEASURE_WITH_UNIT ( LENGTH_MEASURE( 0.02539999999999999900 ), #821 );
#470 = SURFACE_STYLE_FILL_AREA ( #786 ) ;
#471 = FACE_OUTER_BOUND ( 'NONE', #2259, .T. ) ;
#472 = CYLINDRICAL_SURFACE ( 'NONE', #1879, 0.1500000000000000500 ) ;
#473 = SURFACE_STYLE_FILL_AREA ( #829 ) ;
#474 = STYLED_ITEM ( 'NONE', ( #456 ), #2411 ) ;
#475 = FACE_OUTER_BOUND ( 'NONE', #2248, .T. ) ;
#476 = SURFACE_STYLE_FILL_AREA ( #843 ) ;
#477 = STYLED_ITEM ( 'NONE', ( #483 ), #2412 ) ;
#478 = LENGTH_MEASURE_WITH_UNIT ( LENGTH_MEASURE( 0.02539999999999999900 ), #857 );
#479 = FACE_BOUND ( 'NONE', #2211, .T. ) ;
#480 = FACE_OUTER_BOUND ( 'NONE', #2213, .T. ) ;
#481 =( GEOMETRIC_REPRESENTATION_CONTEXT ( 3 ) GLOBAL_UNCERTAINTY_ASSIGNED_CONTEXT ( ( #1526 ) ) GLOBAL_UNIT_ASSIGNED_CONTEXT ( ( #856, #817, #840 ) ) REPRESENTATION_CONTEXT ( 'NONE', 'WORKASPACE' ) );
#482 = COLOUR_RGB ( '',0.6274509803921568500, 0.6274509803921568500, 0.6274509803921568500 ) ;
#483 = PRESENTATION_STYLE_ASSIGNMENT (( #848 ) ) ;
#484 = FACE_BOUND ( 'NONE', #2241, .T. ) ;
#485 = FACE_BOUND ( 'NONE', #2210, .T. ) ;
#486 = FACE_BOUND ( 'NONE', #2229, .T. ) ;
#487 = COLOUR_RGB ( '',0.6274509803921568500, 0.6274509803921568500, 0.6274509803921568500 ) ;
#488 = FACE_BOUND ( 'NONE', #2212, .T. ) ;
#489 = FACE_OUTER_BOUND ( 'NONE', #2381, .T. ) ;
#490 = SURFACE_STYLE_FILL_AREA ( #849 ) ;
#491 =( GEOMETRIC_REPRESENTATION_CONTEXT ( 3 ) GLOBAL_UNCERTAINTY_ASSIGNED_CONTEXT ( ( #2484 ) ) GLOBAL_UNIT_ASSIGNED_CONTEXT ( ( #831, #866, #825 ) ) REPRESENTATION_CONTEXT ( 'NONE', 'WORKASPACE' ) );
#492 = PRESENTATION_STYLE_ASSIGNMENT (( #867 ) ) ;
#493 = FACE_BOUND ( 'NONE', #2209, .T. ) ;
#494 = STYLED_ITEM ( 'NONE', ( #492 ), #2413 ) ;
#495 = FACE_BOUND ( 'NONE', #2386, .T. ) ;
#496 =( CONVERSION_BASED_UNIT ( 'INCH', #1390 ) LENGTH_UNIT ( ) NAMED_UNIT ( #1463 ) );
#497 = CARTESIAN_POINT ( 'NONE',  ( -0.6141732283464567100, -0.2330400459554472500, 0.0000000000000000000 ) ) ;
#498 = CARTESIAN_POINT ( 'NONE',  ( -0.6141732283464567100, 0.2079048359343165500, 0.0000000000000000000 ) ) ;
#499 = FILL_AREA_STYLE_COLOUR ( '', #1409 ) ;
#500 = PLANE ( 'NONE',  #41 ) ;
#501 = SURFACE_SIDE_STYLE ('',( #1366 ) ) ;
#502 = SURFACE_STYLE_USAGE ( .BOTH. , #539 ) ;
#503 =( NAMED_UNIT ( * ) PLANE_ANGLE_UNIT ( ) SI_UNIT ( $, .RADIAN. ) );
#504 =( NAMED_UNIT ( * ) PLANE_ANGLE_UNIT ( ) SI_UNIT ( $, .RADIAN. ) );
#505 = FILL_AREA_STYLE ('',( #513 ) ) ;
#506 = DIRECTION ( 'NONE',  ( 0.0000000000000000000, -1.601283208593974400E-015, 1.000000000000000000 ) ) ;
#507 = DIRECTION ( 'NONE',  ( 9.912705577010330500E-017, -1.000000000000000000, 0.0000000000000000000 ) ) ;
#508 = CARTESIAN_POINT ( 'NONE',  ( -2.987748086329136600, -0.7999691798137222900, 3.174044503907984500 ) ) ;
#509 =( NAMED_UNIT ( * ) PLANE_ANGLE_UNIT ( ) SI_UNIT ( $, .RADIAN. ) );
#510 = FILL_AREA_STYLE ('',( #523 ) ) ;
#511 =( CONVERSION_BASED_UNIT ( 'INCH', #1395 ) LENGTH_UNIT ( ) NAMED_UNIT ( #1453 ) );
#512 = DIRECTION ( 'NONE',  ( 0.0000000000000000000, -1.601283208593976200E-015, 1.000000000000000000 ) ) ;
#513 = FILL_AREA_STYLE_COLOUR ( '', #1406 ) ;
#514 = DIRECTION ( 'NONE',  ( 9.912705577010340300E-017, 1.000000000000000000, -0.0000000000000000000 ) ) ;
#515 = CARTESIAN_POINT ( 'NONE',  ( -3.072038747149104000, -0.7999691798137239500, 4.154680533228958700 ) ) ;
#516 =( NAMED_UNIT ( * ) SI_UNIT ( $, .STERADIAN. ) SOLID_ANGLE_UNIT ( ) );
#517 = FILL_AREA_STYLE_COLOUR ( '', #1405 ) ;
#518 = FILL_AREA_STYLE ('',( #499 ) ) ;
#519 = DIRECTION ( 'NONE',  ( -3.965082230804130700E-016, 1.000000000000000000, 0.0000000000000000000 ) ) ;
#520 =( NAMED_UNIT ( * ) SI_UNIT ( $, .STERADIAN. ) SOLID_ANGLE_UNIT ( ) );
#521 = FILL_AREA_STYLE ('',( #517 ) ) ;
#522 = SURFACE_SIDE_STYLE ('',( #1386 ) ) ;
#523 = FILL_AREA_STYLE_COLOUR ( '', #1378 ) ;
#524 =( CONVERSION_BASED_UNIT ( 'INCH', #1375 ) LENGTH_UNIT ( ) NAMED_UNIT ( #1465 ) );
#525 = CARTESIAN_POINT ( 'NONE',  ( -0.1732283464566929400, -0.2330400459554472500, 0.0000000000000000000 ) ) ;
#526 = CARTESIAN_POINT ( 'NONE',  ( 1.977148495511700900, 2.120436819125291400, 0.1197911302342122100 ) ) ;
#527 = SURFACE_STYLE_USAGE ( .BOTH. , #522 ) ;
#528 = DIRECTION ( 'NONE',  ( 1.000000000000000000, 9.912705577010330500E-017, 0.0000000000000000000 ) ) ;
#529 =( NAMED_UNIT ( * ) PLANE_ANGLE_UNIT ( ) SI_UNIT ( $, .RADIAN. ) );
#530 = DIRECTION ( 'NONE',  ( -1.000000000000000000, 9.912705577010340300E-017, 0.0000000000000000000 ) ) ;
#531 =( LENGTH_UNIT ( ) NAMED_UNIT ( * ) SI_UNIT ( $, .METRE. ) );
#532 = DIRECTION ( 'NONE',  ( -0.08715574274765845700, 2.322295495842179000E-016, 0.9961946980917455500 ) ) ;
#533 = SURFACE_SIDE_STYLE ('',( #1370 ) ) ;
#534 = DIRECTION ( 'NONE',  ( 0.9961946980917455500, 0.0000000000000000000, 0.08715574274765844300 ) ) ;
#535 =( NAMED_UNIT ( * ) SI_UNIT ( $, .STERADIAN. ) SOLID_ANGLE_UNIT ( ) );
#536 = PLANE ( 'NONE',  #60 ) ;
#537 = SURFACE_STYLE_USAGE ( .BOTH. , #501 ) ;
#538 = DIRECTION ( 'NONE',  ( 1.000000000000000000, 3.965082230804130700E-016, -0.0000000000000000000 ) ) ;
#539 = SURFACE_SIDE_STYLE ('',( #1392 ) ) ;
#540 = DIRECTION ( 'NONE',  ( -0.0000000000000000000, 1.000000000000000000, 1.715124499442879900E-015 ) ) ;
#541 =( NAMED_UNIT ( * ) SI_UNIT ( $, .STERADIAN. ) SOLID_ANGLE_UNIT ( ) );
#542 = CARTESIAN_POINT ( 'NONE',  ( -2.903457425509169200, -0.7999691798137207300, 2.193408474587009900 ) ) ;
#543 = DIRECTION ( 'NONE',  ( -0.0000000000000000000, 1.000000000000000000, 1.715124499442879900E-015 ) ) ;
#544 = SURFACE_STYLE_USAGE ( .BOTH. , #533 ) ;
#545 =( LENGTH_UNIT ( ) NAMED_UNIT ( * ) SI_UNIT ( $, .METRE. ) );
#546 = PLANE ( 'NONE',  #44 ) ;
#547 =( LENGTH_UNIT ( ) NAMED_UNIT ( * ) SI_UNIT ( $, .METRE. ) );
#548 = DIRECTION ( 'NONE',  ( 1.000000000000000000, 0.0000000000000000000, -0.0000000000000000000 ) ) ;
#549 = CARTESIAN_POINT ( 'NONE',  ( -3.850473623104886400, 2.353967828060294000, 4.086569431449291300 ) ) ;
#550 = CARTESIAN_POINT ( 'NONE',  ( 0.2997742221919476600, 1.562235544595732600, 0.0000000000000000000 ) ) ;
#551 = DIRECTION ( 'NONE',  ( -0.0000000000000000000, -0.0000000000000000000, -1.000000000000000000 ) ) ;
#552 = CARTESIAN_POINT ( 'NONE',  ( -3.543307086614173200, 2.105936331997307200, 0.5756398537024213200 ) ) ;
#553 = DIRECTION ( 'NONE',  ( 1.000000000000000000, 0.0000000000000000000, 0.0000000000000000000 ) ) ;
#554 = DIRECTION ( 'NONE',  ( -1.000000000000000000, 0.0000000000000000000, 0.0000000000000000000 ) ) ;
#555 = CARTESIAN_POINT ( 'NONE',  ( 0.5905511811023622700, 3.038205597340712500, 0.0000000000000000000 ) ) ;
#556 = DIRECTION ( 'NONE',  ( -0.0000000000000000000, 1.000000000000000000, 0.0000000000000000000 ) ) ;
#557 = DIRECTION ( 'NONE',  ( 0.08715574274765891500, 1.705302068707476600E-015, -0.9961946980917454300 ) ) ;
#558 = CARTESIAN_POINT ( 'NONE',  ( -3.543307086614173200, 3.038205597340712500, 0.0000000000000000000 ) ) ;
#559 = DIRECTION ( 'NONE',  ( -0.0000000000000000000, -0.0000000000000000000, -1.000000000000000000 ) ) ;
#560 = CARTESIAN_POINT ( 'NONE',  ( 1.200376999629890100, 2.230021937991484300, 0.05183243019447915400 ) ) ;
#561 = DIRECTION ( 'NONE',  ( -1.000000000000000000, -0.0000000000000000000, -0.0000000000000000000 ) ) ;
#562 = CARTESIAN_POINT ( 'NONE',  ( 0.9842519685039370400, 0.7748339697925827900, 0.2480314960629921300 ) ) ;
#563 = CARTESIAN_POINT ( 'NONE',  ( -0.5487822063341810700, -0.7999691798137162900, 0.0000000000000000000 ) ) ;
#564 = DIRECTION ( 'NONE',  ( 0.0000000000000000000, 0.0000000000000000000, -1.000000000000000000 ) ) ;
#565 = DIRECTION ( 'NONE',  ( -1.000000000000000000, -0.0000000000000000000, 0.0000000000000000000 ) ) ;
#566 = CARTESIAN_POINT ( 'NONE',  ( -0.5487822063341810700, 1.955936331997307300, 0.2480314960629921300 ) ) ;
#567 = CARTESIAN_POINT ( 'NONE',  ( 0.2931514317997429600, 1.562235544595732600, 0.2214394138320581500 ) ) ;
#568 = DIRECTION ( 'NONE',  ( -0.0000000000000000000, -0.0000000000000000000, 1.000000000000000000 ) ) ;
#569 = CARTESIAN_POINT ( 'NONE',  ( -0.1732283464566929400, -0.2330400459554472500, 0.0000000000000000000 ) ) ;
#570 = CARTESIAN_POINT ( 'NONE',  ( 0.6252419117786973700, 0.8391381337232009000, 0.001514630011513933600 ) ) ;
#571 = DIRECTION ( 'NONE',  ( -0.0000000000000000000, 1.000000000000000000, 1.715124499442879900E-015 ) ) ;
#572 = CARTESIAN_POINT ( 'NONE',  ( -3.240620068789041000, 2.105936331997303200, 6.115952591870915000 ) ) ;
#573 = CARTESIAN_POINT ( 'NONE',  ( -0.5487822063341810700, -0.2330400459554471100, 0.0000000000000000000 ) ) ;
#574 = DIRECTION ( 'NONE',  ( 0.0000000000000000000, 0.0000000000000000000, 1.000000000000000000 ) ) ;
#575 = DIRECTION ( 'NONE',  ( 0.9961946980917455500, 0.0000000000000000000, 0.08715574274765847100 ) ) ;
#576 = DIRECTION ( 'NONE',  ( -1.000000000000000000, -0.0000000000000000000, 0.0000000000000000000 ) ) ;
#577 = CARTESIAN_POINT ( 'NONE',  ( 0.5905511811023672600, 0.8304910535544344200, 0.0000000000000000000 ) ) ;
#578 = CARTESIAN_POINT ( 'NONE',  ( -2.755905511811024100, 0.7072855937084054900, 0.0000000000000000000 ) ) ;
#579 = DIRECTION ( 'NONE',  ( 0.0000000000000000000, 2.135044278125299400E-015, -1.000000000000000000 ) ) ;
#580 = CARTESIAN_POINT ( 'NONE',  ( 0.5905511811023642600, 0.8304910535544347500, 0.0000000000000000000 ) ) ;
#581 = CARTESIAN_POINT ( 'NONE',  ( -1.968503937007874100, 1.955936331997307300, 0.3980314960629921000 ) ) ;
#582 = CARTESIAN_POINT ( 'NONE',  ( 0.6137762453632356100, 0.8361558830523320200, 0.0005115141803909121900 ) ) ;
#583 = DIRECTION ( 'NONE',  ( -1.000000000000000000, -0.0000000000000000000, -0.0000000000000000000 ) ) ;
#584 = CARTESIAN_POINT ( 'NONE',  ( 2.522805895123418000, 0.5145110038752760400, 0.4165089029528579200 ) ) ;
#585 = DIRECTION ( 'NONE',  ( 0.08715574274765981700, -8.260587980841982200E-016, -0.9961946980917453200 ) ) ;
#586 = CARTESIAN_POINT ( 'NONE',  ( 0.6021982514803312400, 0.8332735229960774900, -6.420759149329555200E-017 ) ) ;
#587 = CARTESIAN_POINT ( 'NONE',  ( -1.968503937007874100, 1.955936331997307300, 0.3980314960629921000 ) ) ;
#588 = DIRECTION ( 'NONE',  ( 0.08715574274765845700, -2.322295495842179000E-016, -0.9961946980917455500 ) ) ;
#589 = DIRECTION ( 'NONE',  ( 0.0000000000000000000, 0.0000000000000000000, 1.000000000000000000 ) ) ;
#590 = DIRECTION ( 'NONE',  ( 1.000000000000000000, 1.776356839400250100E-016, -0.0000000000000000000 ) ) ;
#591 = DIRECTION ( 'NONE',  ( -0.1386435052934081300, -0.9902680687415698100, -0.01212973498466945000 ) ) ;
#592 = DIRECTION ( 'NONE',  ( 0.0000000000000000000, -1.821231995776175500E-015, -1.000000000000000000 ) ) ;
#593 = CARTESIAN_POINT ( 'NONE',  ( -2.036052313092051100, -0.01256760501056571100, 0.2480314960629921300 ) ) ;
#594 = DIRECTION ( 'NONE',  ( 0.0000000000000000000, 0.0000000000000000000, 1.000000000000000000 ) ) ;
#595 = DIRECTION ( 'NONE',  ( 0.0000000000000000000, 0.0000000000000000000, 1.000000000000000000 ) ) ;
#596 = CARTESIAN_POINT ( 'NONE',  ( -2.903457425509169200, 2.105936331997304600, 2.449313986398038400 ) ) ;
#597 = DIRECTION ( 'NONE',  ( 1.000000000000000000, -9.912705577010340300E-017, -0.0000000000000000000 ) ) ;
#598 = DIRECTION ( 'NONE',  ( 0.0000000000000000000, 1.000000000000000000, -0.0000000000000000000 ) ) ;
#599 = DIRECTION ( 'NONE',  ( -0.0000000000000000000, -0.0000000000000000000, -1.000000000000000000 ) ) ;
#600 = CARTESIAN_POINT ( 'NONE',  ( -0.6141732283464567100, 0.2079048359343165500, 0.2480314960629921300 ) ) ;
#601 = DIRECTION ( 'NONE',  ( -1.000000000000000000, -0.0000000000000000000, 0.0000000000000000000 ) ) ;
#602 = CARTESIAN_POINT ( 'NONE',  ( -0.6141732283464567100, -0.2330400459554472500, 0.2480314960629921300 ) ) ;
#603 = CARTESIAN_POINT ( 'NONE',  ( -2.036052313092051100, -0.01256760501056571100, 0.0000000000000000000 ) ) ;
#604 = CARTESIAN_POINT ( 'NONE',  ( -2.987748086329136600, 2.353967828060295400, 3.429950015719013900 ) ) ;
#605 = CARTESIAN_POINT ( 'NONE',  ( -0.1732283464566929400, -0.2330400459554472500, 0.2480314960629921300 ) ) ;
#606 = CARTESIAN_POINT ( 'NONE',  ( -0.5487822063341810700, 1.955936331997307300, 0.0000000000000000000 ) ) ;
#607 = DIRECTION ( 'NONE',  ( -0.7071067811865469100, 0.7071067811865479100, -0.0000000000000000000 ) ) ;
#608 = CARTESIAN_POINT ( 'NONE',  ( -3.543307086614173200, -0.7999691798137165100, 0.2480314960629921300 ) ) ;
#609 = CARTESIAN_POINT ( 'NONE',  ( -2.987748086329136600, 2.105936331997303700, 3.429950015719013500 ) ) ;
#610 = DIRECTION ( 'NONE',  ( 1.000000000000000000, 0.0000000000000000000, 0.0000000000000000000 ) ) ;
#611 = CARTESIAN_POINT ( 'NONE',  ( -2.903457425509169200, 2.353967828060298000, 1.937502962775991700 ) ) ;
#612 = CARTESIAN_POINT ( 'NONE',  ( -2.987748086329136600, 2.353967828060296300, 2.918138992096966300 ) ) ;
#613 = CARTESIAN_POINT ( 'NONE',  ( -2.903457425509169200, 2.353967828060296700, 2.449313986398038900 ) ) ;
#614 = DIRECTION ( 'NONE',  ( 0.9961946980917454300, 0.0000000000000000000, 0.08715574274765845700 ) ) ;
#615 = DIRECTION ( 'NONE',  ( -1.000000000000000000, 9.868649107779168700E-017, -0.0000000000000000000 ) ) ;
#616 = CARTESIAN_POINT ( 'NONE',  ( -3.072038747149104000, 2.105936331997301900, 3.898775021417940000 ) ) ;
#617 = CARTESIAN_POINT ( 'NONE',  ( 0.6036245425145183600, 0.8391381337232004500, 0.2486022913492303400 ) ) ;
#618 = CARTESIAN_POINT ( 'NONE',  ( 1.722216781433104400, 2.120436819125291400, 0.09748749527910260900 ) ) ;
#619 = CARTESIAN_POINT ( 'NONE',  ( -3.240620068789041000, 2.353967828060294500, 6.371858103681939100 ) ) ;
#620 = CARTESIAN_POINT ( 'NONE',  ( -3.156329407969072700, 2.105936331997301000, 4.879411050738917200 ) ) ;
#621 = CARTESIAN_POINT ( 'NONE',  ( -0.5305586140654685600, -0.7999691798137162900, -0.09960481329715266400 ) ) ;
#622 = DIRECTION ( 'NONE',  ( -2.960594732333750100E-016, -1.000000000000000000, -0.0000000000000000000 ) ) ;
#623 = CARTESIAN_POINT ( 'NONE',  ( -3.326403280154847800, 2.353967828060291800, 6.840553672669875200 ) ) ;
#624 = DIRECTION ( 'NONE',  ( 1.000000000000000000, 0.0000000000000000000, 0.0000000000000000000 ) ) ;
#625 = DIRECTION ( 'NONE',  ( -0.0000000000000000000, -0.0000000000000000000, -1.000000000000000000 ) ) ;
#626 = DIRECTION ( 'NONE',  ( -0.0000000000000000000, -0.0000000000000000000, -1.000000000000000000 ) ) ;
#627 = CARTESIAN_POINT ( 'NONE',  ( -3.312682504871297800, 0.1505086006481346200, 0.0000000000000000000 ) ) ;
#628 = CARTESIAN_POINT ( 'NONE',  ( -3.543307086614173200, 2.509422645316240300, 0.2480314960629921300 ) ) ;
#629 = CARTESIAN_POINT ( 'NONE',  ( -2.036052313092051600, -0.7999691798137155100, 0.0000000000000000000 ) ) ;
#630 = DIRECTION ( 'NONE',  ( 1.000000000000000000, 0.0000000000000000000, 0.0000000000000000000 ) ) ;
#631 = DIRECTION ( 'NONE',  ( 3.965082230804130700E-016, -1.000000000000000000, -0.0000000000000000000 ) ) ;
#632 = CARTESIAN_POINT ( 'NONE',  ( -1.968503937007874100, 0.7748339697925827900, 0.2480314960629921300 ) ) ;
#633 = CARTESIAN_POINT ( 'NONE',  ( 0.2997742221919476600, 0.7748339697925826800, 0.0000000000000000000 ) ) ;
#634 = DIRECTION ( 'NONE',  ( -0.0000000000000000000, -0.0000000000000000000, -1.000000000000000000 ) ) ;
#635 = CARTESIAN_POINT ( 'NONE',  ( -2.592829306152324900, -0.5693445980708398100, 0.0000000000000000000 ) ) ;
#636 = DIRECTION ( 'NONE',  ( 0.0000000000000000000, -1.000000000000000000, -0.0000000000000000000 ) ) ;
#637 = DIRECTION ( 'NONE',  ( -1.000000000000000000, -9.912705577010330500E-017, -0.0000000000000000000 ) ) ;
#638 = CARTESIAN_POINT ( 'NONE',  ( -2.952755905511811100, -0.2094179987113527500, 0.2480314960629921300 ) ) ;
#639 = CARTESIAN_POINT ( 'NONE',  ( 0.2997742221919476600, 1.562235544595732600, 0.2480314960629921300 ) ) ;
#640 = CARTESIAN_POINT ( 'NONE',  ( -3.156329407969072700, 2.105936331997299700, 5.391222074360964500 ) ) ;
#641 = DIRECTION ( 'NONE',  ( -0.0000000000000000000, -0.0000000000000000000, -1.000000000000000000 ) ) ;
#642 = CARTESIAN_POINT ( 'NONE',  ( 2.232080209590297400, 2.120436819125291400, 0.1420947651893215100 ) ) ;
#643 = CARTESIAN_POINT ( 'NONE',  ( -1.968503937007873600, 2.353967828060299800, 0.5756398537024177700 ) ) ;
#644 = CARTESIAN_POINT ( 'NONE',  ( -3.326403280154847800, 2.353967828060290900, 7.352364696291923400 ) ) ;
#645 = CARTESIAN_POINT ( 'NONE',  ( -3.240620068789041000, 2.353967828060295800, 5.860047080059891800 ) ) ;
#646 = CARTESIAN_POINT ( 'NONE',  ( 2.300692687747715000, 0.06731912968119457800, 0.3970765152881013900 ) ) ;
#647 = CARTESIAN_POINT ( 'NONE',  ( -3.543307086614173200, 1.955936331997307300, 0.0000000000000000000 ) ) ;
#648 = CARTESIAN_POINT ( 'NONE',  ( -3.543307086614173200, 0.7072855937084054900, 0.0000000000000000000 ) ) ;
#649 = CARTESIAN_POINT ( 'NONE',  ( 2.753919991393518200, 2.010851700259097500, 0.1877498302739451200 ) ) ;
#650 = CARTESIAN_POINT ( 'NONE',  ( 2.544423264387601700, 0.5145110038752749300, 0.1694212416151425800 ) ) ;
#651 = CARTESIAN_POINT ( 'NONE',  ( 1.700599412168921400, 2.120436819125291400, 0.3445751566168193100 ) ) ;
#652 = CARTESIAN_POINT ( 'NONE',  ( -0.1732283464566929700, -0.2330400459554471700, 0.2480314960629921300 ) ) ;
#653 = CARTESIAN_POINT ( 'NONE',  ( 1.069922927681558300, 1.452650425729539000, 0.2893981138717912100 ) ) ;
#654 = CARTESIAN_POINT ( 'NONE',  ( -3.409201195139458700, 2.353967828060291800, 7.821316866707109100 ) ) ;
#655 = CARTESIAN_POINT ( 'NONE',  ( 2.732302622129332700, 2.010851700259098900, 0.4348374916116613500 ) ) ;
#656 = CARTESIAN_POINT ( 'NONE',  ( -3.543307086614173600, 2.105936331997306800, 0.5756398537024211000 ) ) ;
#657 = CARTESIAN_POINT ( 'NONE',  ( -3.156329407969072700, 2.353967828060291800, 5.391222074360964500 ) ) ;
#658 = CARTESIAN_POINT ( 'NONE',  ( -3.543307086614172700, 2.353967828060300200, 0.5756398537024136600 ) ) ;
#659 = CARTESIAN_POINT ( 'NONE',  ( -4.193606468897780100, 2.105936331997301000, 8.008595805657361000 ) ) ;
#660 = CARTESIAN_POINT ( 'NONE',  ( -1.968503937007874100, 2.353967828060300200, 0.3980314960629924300 ) ) ;
#661 = CARTESIAN_POINT ( 'NONE',  ( -3.326403280154847800, 2.105936331997298300, 7.352364696291923400 ) ) ;
#662 = CARTESIAN_POINT ( 'NONE',  ( 1.200376999629890300, 2.230021937991485600, 0.05183243019447932000 ) ) ;
#663 = CARTESIAN_POINT ( 'NONE',  ( -3.156329407969072700, 2.353967828060293100, 4.879411050738917200 ) ) ;
#664 = CARTESIAN_POINT ( 'NONE',  ( 2.522805895123418000, 0.5145110038752759300, 0.4165089029528579700 ) ) ;
#665 = CARTESIAN_POINT ( 'NONE',  ( -3.072038747149104000, 2.105936331997301000, 4.410586045039988100 ) ) ;
#666 = CARTESIAN_POINT ( 'NONE',  ( -1.968503937007874100, 1.955936331997307300, 0.0000000000000000000 ) ) ;
#667 = CARTESIAN_POINT ( 'NONE',  ( -3.543307086614173200, 1.955936331997307300, 0.2480314960629921300 ) ) ;
#668 = CARTESIAN_POINT ( 'NONE',  ( -0.6141732283464567100, 0.2079048359343166300, 0.2480314960629921300 ) ) ;
#669 = CARTESIAN_POINT ( 'NONE',  ( -3.240620068789041000, 2.105936331997302300, 6.371858103681939100 ) ) ;
#670 = CARTESIAN_POINT ( 'NONE',  ( -3.072038747149104000, 2.353967828060293600, 4.410586045039988100 ) ) ;
#671 = CARTESIAN_POINT ( 'NONE',  ( 2.322310057011896900, 0.06731912968119409300, 0.1499888539503857800 ) ) ;
#672 = CARTESIAN_POINT ( 'NONE',  ( 1.133410738451884800, -0.7999691798137160700, 0.04597364150268850500 ) ) ;
#673 = CARTESIAN_POINT ( 'NONE',  ( 0.5905511811023641500, 0.8304910535544348700, 0.2480314960629921300 ) ) ;
#674 = CARTESIAN_POINT ( 'NONE',  ( -1.968503937007874100, 1.955936331997307300, 0.2480314960629921300 ) ) ;
#675 = CARTESIAN_POINT ( 'NONE',  ( -2.036052313092051600, -0.7999691798137160700, 0.2480314960629921300 ) ) ;
#676 = CARTESIAN_POINT ( 'NONE',  ( 0.6252419117786973700, 0.8391381337232009000, 0.001514630011513933600 ) ) ;
#677 = CARTESIAN_POINT ( 'NONE',  ( -1.574803149606299300, 0.7748339697925826800, 0.0000000000000000000 ) ) ;
#678 = CARTESIAN_POINT ( 'NONE',  ( 2.739936400335507100, 2.120436819125291400, 0.4355053606645729600 ) ) ;
#679 = CARTESIAN_POINT ( 'NONE',  ( -3.072038747149104000, 2.353967828060294500, 3.898775021417940900 ) ) ;
#680 = CARTESIAN_POINT ( 'NONE',  ( -2.622315091384843600, 2.105936331997298800, 8.048735544359853800 ) ) ;
#681 = CARTESIAN_POINT ( 'NONE',  ( -3.240620068789041000, 2.105936331997303700, 5.860047080059891800 ) ) ;
#682 = CARTESIAN_POINT ( 'NONE',  ( -1.968503937007873600, 2.105936331997305900, 0.5756398537024213200 ) ) ;
#683 = CARTESIAN_POINT ( 'NONE',  ( -3.326403280154847800, 2.105936331997299700, 6.840553672669875200 ) ) ;
#684 = CARTESIAN_POINT ( 'NONE',  ( 0.6036245425145121400, -0.7999691798137166200, 0.2486022913492303100 ) ) ;
#685 = CARTESIAN_POINT ( 'NONE',  ( 1.666451657693811300, -0.5693445980708402600, 0.3415876152153808400 ) ) ;
#686 = CARTESIAN_POINT ( 'NONE',  ( -4.193606468897780100, 2.353967828060290500, 8.008595805657361000 ) ) ;
#687 = CARTESIAN_POINT ( 'NONE',  ( -2.903457425509169200, 2.105936331997305900, 1.937502962775991000 ) ) ;
#688 = CARTESIAN_POINT ( 'NONE',  ( -3.543307086614173200, 2.353967828060300200, 0.3980314960629924300 ) ) ;
#689 = CARTESIAN_POINT ( 'NONE',  ( -3.409201195139458700, 2.353967828060290900, 8.333127890329157200 ) ) ;
#690 = CARTESIAN_POINT ( 'NONE',  ( -2.036052313092051600, -0.7999691798137159600, 0.0000000000000000000 ) ) ;
#691 = CARTESIAN_POINT ( 'NONE',  ( 1.091540296945740000, 1.452650425729538100, 0.04231045253407483800 ) ) ;
#692 = CARTESIAN_POINT ( 'NONE',  ( -3.409201195139458700, 2.105936331997298300, 8.333127890329155500 ) ) ;
#693 = CARTESIAN_POINT ( 'NONE',  ( -2.622315091384842800, 2.353967828060291800, 8.048735544359857400 ) ) ;
#694 = CARTESIAN_POINT ( 'NONE',  ( 0.6252419117786941500, -0.7999691798137165100, 0.001514630011513654100 ) ) ;
#695 = CARTESIAN_POINT ( 'NONE',  ( -3.409201195139458700, 2.105936331997299700, 7.821316866707108200 ) ) ;
#696 = CARTESIAN_POINT ( 'NONE',  ( -1.968503937007873800, 2.105936331997307200, 0.3980314960629920400 ) ) ;
#697 = CARTESIAN_POINT ( 'NONE',  ( -3.543307086614173200, 2.105936331997307200, 0.3980314960629921000 ) ) ;
#698 = CARTESIAN_POINT ( 'NONE',  ( 2.761553769599689900, 2.120436819125291400, 0.1884176993268564200 ) ) ;
#699 = CARTESIAN_POINT ( 'NONE',  ( 2.210462840326114600, 2.120436819125291400, 0.3891824265270382200 ) ) ;
#700 = CARTESIAN_POINT ( 'NONE',  ( 1.111793369187701800, -0.7999691798137162900, 0.2930613028404048200 ) ) ;
#701 = CARTESIAN_POINT ( 'NONE',  ( 0.5905511811023631500, -0.7999691798137166200, 0.2480314960629921300 ) ) ;
#702 = CARTESIAN_POINT ( 'NONE',  ( -3.312682504871297300, 0.1505086006481340900, 0.2480314960629921300 ) ) ;
#703 = CARTESIAN_POINT ( 'NONE',  ( -1.574803149606299300, 0.7748339697925825700, 0.2480314960629921300 ) ) ;
#704 = CARTESIAN_POINT ( 'NONE',  ( -0.1732283464566929900, -0.2330400459554472200, 0.0000000000000000000 ) ) ;
#705 = CARTESIAN_POINT ( 'NONE',  ( -2.987748086329136600, 2.105936331997304600, 2.918138992096965800 ) ) ;
#706 = SURFACE_SIDE_STYLE ('',( #418 ) ) ;
#707 = CARTESIAN_POINT ( 'NONE',  ( -3.543307086614173200, 0.7072855937084054900, 0.2480314960629921300 ) ) ;
#708 = CARTESIAN_POINT ( 'NONE',  ( -2.592829306152323100, -0.5693445980708397000, 0.0000000000000000000 ) ) ;
#709 = CARTESIAN_POINT ( 'NONE',  ( 0.2997742221919476600, 0.7748339697925826800, 0.0000000000000000000 ) ) ;
#710 = CARTESIAN_POINT ( 'NONE',  ( -1.968503937007874100, 1.168534757194157600, 0.0000000000000000000 ) ) ;
#711 =( LENGTH_UNIT ( ) NAMED_UNIT ( * ) SI_UNIT ( $, .METRE. ) );
#712 =( NAMED_UNIT ( * ) SI_UNIT ( $, .STERADIAN. ) SOLID_ANGLE_UNIT ( ) );
#713 = SURFACE_STYLE_USAGE ( .BOTH. , #724 ) ;
#714 = CARTESIAN_POINT ( 'NONE',  ( 1.688069026957992800, -0.5693445980708401500, 0.09449995387766436900 ) ) ;
#715 = CARTESIAN_POINT ( 'NONE',  ( -3.240620068789041000, 2.353967828060295400, 6.115952591870915000 ) ) ;
#716 = CARTESIAN_POINT ( 'NONE',  ( -0.6141732283464568200, 0.2079048359343166100, 0.0000000000000000000 ) ) ;
#717 = CARTESIAN_POINT ( 'NONE',  ( -0.6141732283464567100, -0.2330400459554471700, 0.2480314960629921300 ) ) ;
#718 = CARTESIAN_POINT ( 'NONE',  ( -2.592829306152325300, -0.5693445980708394800, 0.2480314960629921300 ) ) ;
#719 = PLANE ( 'NONE',  #1878 ) ;
#720 = CARTESIAN_POINT ( 'NONE',  ( -1.968503937007874100, 1.168534757194157600, 0.2480314960629921300 ) ) ;
#721 = DIRECTION ( 'NONE',  ( -1.000000000000000000, -1.776356839400250100E-016, 0.0000000000000000000 ) ) ;
#722 = DIRECTION ( 'NONE',  ( 0.0000000000000000000, -1.000000000000000000, -1.715124499442879900E-015 ) ) ;
#723 =( NAMED_UNIT ( * ) SI_UNIT ( $, .STERADIAN. ) SOLID_ANGLE_UNIT ( ) );
#724 = SURFACE_SIDE_STYLE ('',( #414 ) ) ;
#725 =( NAMED_UNIT ( * ) PLANE_ANGLE_UNIT ( ) SI_UNIT ( $, .RADIAN. ) );
#726 = CARTESIAN_POINT ( 'NONE',  ( 0.5905511811023642600, 0.8304910535544347500, 0.0000000000000000000 ) ) ;
#727 = SURFACE_STYLE_USAGE ( .BOTH. , #706 ) ;
#728 = CARTESIAN_POINT ( 'NONE',  ( 0.9842519685039370400, 0.7748339697925827900, 0.0000000000000000000 ) ) ;
#729 = DIRECTION ( 'NONE',  ( 0.0000000000000000000, 2.135044278125299400E-015, -1.000000000000000000 ) ) ;
#730 =( LENGTH_UNIT ( ) NAMED_UNIT ( * ) SI_UNIT ( $, .METRE. ) );
#731 = FILL_AREA_STYLE ('',( #746 ) ) ;
#732 = SURFACE_STYLE_USAGE ( .BOTH. , #737 ) ;
#733 = CARTESIAN_POINT ( 'NONE',  ( -0.1732283464566929400, 0.2079048359343166100, 0.0000000000000000000 ) ) ;
#734 =( LENGTH_UNIT ( ) NAMED_UNIT ( * ) SI_UNIT ( $, .METRE. ) );
#735 = CARTESIAN_POINT ( 'NONE',  ( -0.1732283464566929400, 0.2079048359343166100, 0.2480314960629921300 ) ) ;
#736 = FILL_AREA_STYLE ('',( #744 ) ) ;
#737 = SURFACE_SIDE_STYLE ('',( #356 ) ) ;
#738 = CARTESIAN_POINT ( 'NONE',  ( 0.5905511811023631500, -0.7999691798137166200, 0.0000000000000000000 ) ) ;
#739 = CARTESIAN_POINT ( 'NONE',  ( 0.2997742221919477100, 0.7748339697925826800, 0.2480314960629921300 ) ) ;
#740 =( NAMED_UNIT ( * ) SI_UNIT ( $, .STERADIAN. ) SOLID_ANGLE_UNIT ( ) );
#741 =( CONVERSION_BASED_UNIT ( 'INCH', #420 ) LENGTH_UNIT ( ) NAMED_UNIT ( #2457 ) );
#742 =( LENGTH_UNIT ( ) NAMED_UNIT ( * ) SI_UNIT ( $, .METRE. ) );
#743 =( NAMED_UNIT ( * ) PLANE_ANGLE_UNIT ( ) SI_UNIT ( $, .RADIAN. ) );
#744 = FILL_AREA_STYLE_COLOUR ( '', #413 ) ;
#745 = DIRECTION ( 'NONE',  ( 1.000000000000000000, 0.0000000000000000000, 0.0000000000000000000 ) ) ;
#746 = FILL_AREA_STYLE_COLOUR ( '', #412 ) ;
#747 =( CONVERSION_BASED_UNIT ( 'INCH', #404 ) LENGTH_UNIT ( ) NAMED_UNIT ( #2449 ) );
#748 =( NAMED_UNIT ( * ) PLANE_ANGLE_UNIT ( ) SI_UNIT ( $, .RADIAN. ) );
#749 = CARTESIAN_POINT ( 'NONE',  ( -3.312682504871296900, 0.1505086006481325400, 0.0000000000000000000 ) ) ;
#750 = CARTESIAN_POINT ( 'NONE',  ( -0.6141732283464567100, -0.2330400459554471700, 0.0000000000000000000 ) ) ;
#751 = FILL_AREA_STYLE ('',( #752 ) ) ;
#752 = FILL_AREA_STYLE_COLOUR ( '', #409 ) ;
#753 =( CONVERSION_BASED_UNIT ( 'INCH', #405 ) LENGTH_UNIT ( ) NAMED_UNIT ( #2454 ) );
#754 = DIRECTION ( 'NONE',  ( -1.776356839400250100E-016, 1.000000000000000000, 0.0000000000000000000 ) ) ;
#755 = DIRECTION ( 'NONE',  ( 0.0000000000000000000, 0.0000000000000000000, 1.000000000000000000 ) ) ;
#756 = CARTESIAN_POINT ( 'NONE',  ( -2.036052313092051100, -0.01256760501056571100, 0.0000000000000000000 ) ) ;
#757 = CARTESIAN_POINT ( 'NONE',  ( -3.156329407969072700, -0.7999691798137256200, 5.135316562549935100 ) ) ;
#758 = DIRECTION ( 'NONE',  ( -0.0000000000000000000, 1.000000000000000000, 1.715124499442879900E-015 ) ) ;
#759 = DIRECTION ( 'NONE',  ( 0.0000000000000000000, -1.601283208593974400E-015, 1.000000000000000000 ) ) ;
#760 =( CONVERSION_BASED_UNIT ( 'INCH', #1401 ) LENGTH_UNIT ( ) NAMED_UNIT ( #1448 ) );
#761 = CARTESIAN_POINT ( 'NONE',  ( 1.178759630365706900, 2.230021937991484700, 0.2989200915321958400 ) ) ;
#762 =( NAMED_UNIT ( * ) PLANE_ANGLE_UNIT ( ) SI_UNIT ( $, .RADIAN. ) );
#763 = SURFACE_STYLE_USAGE ( .BOTH. , #765 ) ;
#764 =( CONVERSION_BASED_UNIT ( 'INCH', #448 ) LENGTH_UNIT ( ) NAMED_UNIT ( #2467 ) );
#765 = SURFACE_SIDE_STYLE ('',( #449 ) ) ;
#766 = DIRECTION ( 'NONE',  ( 0.9961946980917454300, 0.0000000000000000000, 0.08715574274765845700 ) ) ;
#767 = DIRECTION ( 'NONE',  ( -0.08715574274765884600, 0.0000000000000000000, 0.9961946980917454300 ) ) ;
#768 = FILL_AREA_STYLE_COLOUR ( '', #440 ) ;
#769 =( CONVERSION_BASED_UNIT ( 'INCH', #430 ) LENGTH_UNIT ( ) NAMED_UNIT ( #2450 ) );
#770 = DIRECTION ( 'NONE',  ( -0.0000000000000000000, 1.000000000000000000, 1.715124499442879900E-015 ) ) ;
#771 = PLANE ( 'NONE',  #1857 ) ;
#772 = PLANE ( 'NONE',  #1880 ) ;
#773 = CARTESIAN_POINT ( 'NONE',  ( -0.5487822063341810700, 2.105936331997307200, 1.104422805726893900 ) ) ;
#774 = SURFACE_STYLE_USAGE ( .BOTH. , #781 ) ;
#775 = CARTESIAN_POINT ( 'NONE',  ( -2.903457425509169200, -0.7999691798137207300, 2.193408474587009900 ) ) ;
#776 =( LENGTH_UNIT ( ) NAMED_UNIT ( * ) SI_UNIT ( $, .METRE. ) );
#777 = DIRECTION ( 'NONE',  ( -0.08715574274765847100, 2.322295495842178500E-016, 0.9961946980917455500 ) ) ;
#778 =( NAMED_UNIT ( * ) PLANE_ANGLE_UNIT ( ) SI_UNIT ( $, .RADIAN. ) );
#779 = DIRECTION ( 'NONE',  ( 0.9961946980917454300, 0.0000000000000000000, 0.08715574274765840200 ) ) ;
#780 = DIRECTION ( 'NONE',  ( -0.08715574274765845700, 2.322295495842179000E-016, 0.9961946980917455500 ) ) ;
#781 = SURFACE_SIDE_STYLE ('',( #427 ) ) ;
#782 =( CONVERSION_BASED_UNIT ( 'INCH', #435 ) LENGTH_UNIT ( ) NAMED_UNIT ( #2469 ) );
#783 =( NAMED_UNIT ( * ) PLANE_ANGLE_UNIT ( ) SI_UNIT ( $, .RADIAN. ) );
#784 = DIRECTION ( 'NONE',  ( -0.9961946980917455500, 1.494829496536509200E-016, -0.08715574274765886000 ) ) ;
#785 = CARTESIAN_POINT ( 'NONE',  ( 1.977148495511700900, 2.120436819125291400, 0.1197911302342122100 ) ) ;
#786 = FILL_AREA_STYLE ('',( #814 ) ) ;
#787 = FILL_AREA_STYLE ('',( #768 ) ) ;
#788 = PLANE ( 'NONE',  #1859 ) ;
#789 = FILL_AREA_STYLE_COLOUR ( '', #451 ) ;
#790 = CARTESIAN_POINT ( 'NONE',  ( 1.977148495511700900, 2.120436819125291400, 0.1197911302342122100 ) ) ;
#791 =( LENGTH_UNIT ( ) NAMED_UNIT ( * ) SI_UNIT ( $, .METRE. ) );
#792 =( NAMED_UNIT ( * ) SI_UNIT ( $, .STERADIAN. ) SOLID_ANGLE_UNIT ( ) );
#793 = DIRECTION ( 'NONE',  ( 0.9961946980917455500, 0.0000000000000000000, 0.08715574274765844300 ) ) ;
#794 = DIRECTION ( 'NONE',  ( 0.0000000000000000000, -1.000000000000000000, -1.715124499442879700E-015 ) ) ;
#795 = CARTESIAN_POINT ( 'NONE',  ( -3.850473623104886400, 2.353967828060295400, 4.086569431449291300 ) ) ;
#796 = FILL_AREA_STYLE_COLOUR ( '', #445 ) ;
#797 = FILL_AREA_STYLE_COLOUR ( '', #429 ) ;
#798 = SURFACE_SIDE_STYLE ('',( #470 ) ) ;
#799 =( NAMED_UNIT ( * ) SI_UNIT ( $, .STERADIAN. ) SOLID_ANGLE_UNIT ( ) );
#800 = SURFACE_STYLE_USAGE ( .BOTH. , #805 ) ;
#801 =( LENGTH_UNIT ( ) NAMED_UNIT ( * ) SI_UNIT ( $, .METRE. ) );
#802 =( CONVERSION_BASED_UNIT ( 'INCH', #457 ) LENGTH_UNIT ( ) NAMED_UNIT ( #2470 ) );
#803 = FILL_AREA_STYLE ('',( #796 ) ) ;
#804 =( LENGTH_UNIT ( ) NAMED_UNIT ( * ) SI_UNIT ( $, .METRE. ) );
#805 = SURFACE_SIDE_STYLE ('',( #431 ) ) ;
#806 = SURFACE_SIDE_STYLE ('',( #446 ) ) ;
#807 = SURFACE_STYLE_USAGE ( .BOTH. , #806 ) ;
#808 = DIRECTION ( 'NONE',  ( -0.08715574274765845700, 2.322295495842179000E-016, 0.9961946980917455500 ) ) ;
#809 =( NAMED_UNIT ( * ) SI_UNIT ( $, .STERADIAN. ) SOLID_ANGLE_UNIT ( ) );
#810 = FILL_AREA_STYLE ('',( #789 ) ) ;
#811 =( NAMED_UNIT ( * ) SI_UNIT ( $, .STERADIAN. ) SOLID_ANGLE_UNIT ( ) );
#812 =( NAMED_UNIT ( * ) PLANE_ANGLE_UNIT ( ) SI_UNIT ( $, .RADIAN. ) );
#813 = DIRECTION ( 'NONE',  ( 0.0000000000000000000, -1.601283208593976200E-015, 1.000000000000000000 ) ) ;
#814 = FILL_AREA_STYLE_COLOUR ( '', #458 ) ;
#815 = FILL_AREA_STYLE ('',( #797 ) ) ;
#816 = CARTESIAN_POINT ( 'NONE',  ( -0.5521759833296535600, 3.038205597340712500, 0.1474828480405630000 ) ) ;
#817 =( NAMED_UNIT ( * ) PLANE_ANGLE_UNIT ( ) SI_UNIT ( $, .RADIAN. ) );
#818 = FILL_AREA_STYLE_COLOUR ( '', #462 ) ;
#819 = CARTESIAN_POINT ( 'NONE',  ( 2.360388106577299400, -0.7999691798137047400, 0.1533202516165370100 ) ) ;
#820 = DIRECTION ( 'NONE',  ( 0.9864997997699045400, -0.1391731009600649400, 0.08630754905046095200 ) ) ;
#821 =( LENGTH_UNIT ( ) NAMED_UNIT ( * ) SI_UNIT ( $, .METRE. ) );
#822 =( NAMED_UNIT ( * ) SI_UNIT ( $, .STERADIAN. ) SOLID_ANGLE_UNIT ( ) );
#823 = DIRECTION ( 'NONE',  ( 1.000000000000000000, -2.660706118829255600E-015, 0.0000000000000000000 ) ) ;
#824 = DIRECTION ( 'NONE',  ( -2.664535259100380000E-015, -1.000000000000000000, 0.0000000000000000000 ) ) ;
#825 =( NAMED_UNIT ( * ) SI_UNIT ( $, .STERADIAN. ) SOLID_ANGLE_UNIT ( ) );
#826 = FILL_AREA_STYLE_COLOUR ( '', #487 ) ;
#827 = SURFACE_STYLE_USAGE ( .BOTH. , #830 ) ;
#828 = FILL_AREA_STYLE_COLOUR ( '', #70 ) ;
#829 = FILL_AREA_STYLE ('',( #818 ) ) ;
#830 = SURFACE_SIDE_STYLE ('',( #473 ) ) ;
#831 =( CONVERSION_BASED_UNIT ( 'INCH', #478 ) LENGTH_UNIT ( ) NAMED_UNIT ( #2452 ) );
#832 = FILL_AREA_STYLE_COLOUR ( '', #1200 ) ;
#833 =( CONVERSION_BASED_UNIT ( 'INCH', #72 ) LENGTH_UNIT ( ) NAMED_UNIT ( #2447 ) );
#834 = SURFACE_STYLE_USAGE ( .BOTH. , #835 ) ;
#835 = SURFACE_SIDE_STYLE ('',( #476 ) ) ;
#836 =( LENGTH_UNIT ( ) NAMED_UNIT ( * ) SI_UNIT ( $, .METRE. ) );
#837 = FILL_AREA_STYLE ('',( #863 ) ) ;
#838 =( CONVERSION_BASED_UNIT ( 'INCH', #73 ) LENGTH_UNIT ( ) NAMED_UNIT ( #2455 ) );
#839 = DIRECTION ( 'NONE',  ( 0.1396943646708915200, 0.9901946699913082300, 0.0000000000000000000 ) ) ;
#840 =( NAMED_UNIT ( * ) SI_UNIT ( $, .STERADIAN. ) SOLID_ANGLE_UNIT ( ) );
#841 = DIRECTION ( 'NONE',  ( -0.08715574274765845700, 2.305988929144469000E-016, 0.9961946980917455500 ) ) ;
#842 = SURFACE_SIDE_STYLE ('',( #490 ) ) ;
#843 = FILL_AREA_STYLE ('',( #828 ) ) ;
#844 = CARTESIAN_POINT ( 'NONE',  ( -3.326403280154847800, 2.353967828060291400, 7.096459184480899300 ) ) ;
#845 = DIRECTION ( 'NONE',  ( 0.0000000000000000000, 1.715124499442879700E-015, -1.000000000000000000 ) ) ;
#846 =( LENGTH_UNIT ( ) NAMED_UNIT ( * ) SI_UNIT ( $, .METRE. ) );
#847 = SURFACE_SIDE_STYLE ('',( #463 ) ) ;
#848 = SURFACE_STYLE_USAGE ( .BOTH. , #847 ) ;
#849 = FILL_AREA_STYLE ('',( #826 ) ) ;
#850 =( NAMED_UNIT ( * ) SI_UNIT ( $, .STERADIAN. ) SOLID_ANGLE_UNIT ( ) );
#851 =( NAMED_UNIT ( * ) PLANE_ANGLE_UNIT ( ) SI_UNIT ( $, .RADIAN. ) );
#852 = CARTESIAN_POINT ( 'NONE',  ( 0.5905511811023661500, -0.01256760501056437000, 0.3980314960629921000 ) ) ;
#853 =( NAMED_UNIT ( * ) SI_UNIT ( $, .STERADIAN. ) SOLID_ANGLE_UNIT ( ) );
#854 = SURFACE_STYLE_USAGE ( .BOTH. , #798 ) ;
#855 =( CONVERSION_BASED_UNIT ( 'INCH', #469 ) LENGTH_UNIT ( ) NAMED_UNIT ( #2456 ) );
#856 =( CONVERSION_BASED_UNIT ( 'INCH', #454 ) LENGTH_UNIT ( ) NAMED_UNIT ( #2474 ) );
#857 =( LENGTH_UNIT ( ) NAMED_UNIT ( * ) SI_UNIT ( $, .METRE. ) );
#858 = DIRECTION ( 'NONE',  ( 0.0000000000000000000, 2.135044278125299400E-015, -1.000000000000000000 ) ) ;
#859 = CARTESIAN_POINT ( 'NONE',  ( 1.767651768505787300, 0.6240961227414685300, 0.1014625415754098500 ) ) ;
#860 = DIRECTION ( 'NONE',  ( 0.9961946980917455500, 0.0000000000000000000, 0.08715574274765844300 ) ) ;
#861 = DIRECTION ( 'NONE',  ( 0.0000000000000000000, -1.000000000000000000, -1.715124499442879900E-015 ) ) ;
#862 =( LENGTH_UNIT ( ) NAMED_UNIT ( * ) SI_UNIT ( $, .METRE. ) );
#863 = FILL_AREA_STYLE_COLOUR ( '', #482 ) ;
#864 =( NAMED_UNIT ( * ) PLANE_ANGLE_UNIT ( ) SI_UNIT ( $, .RADIAN. ) );
#865 = FILL_AREA_STYLE ('',( #832 ) ) ;
#866 =( NAMED_UNIT ( * ) PLANE_ANGLE_UNIT ( ) SI_UNIT ( $, .RADIAN. ) );
#867 = SURFACE_STYLE_USAGE ( .BOTH. , #842 ) ;
#868 = PLANE ( 'NONE',  #1908 ) ;
#869 =( NAMED_UNIT ( * ) PLANE_ANGLE_UNIT ( ) SI_UNIT ( $, .RADIAN. ) );
#870 = SURFACE_STYLE_USAGE ( .BOTH. , #914 ) ;
#871 =( NAMED_UNIT ( * ) PLANE_ANGLE_UNIT ( ) SI_UNIT ( $, .RADIAN. ) );
#872 = CARTESIAN_POINT ( 'NONE',  ( -2.657480314960630100, 1.955936331997307300, 0.3980314960629921000 ) ) ;
#873 = FILL_AREA_STYLE_COLOUR ( '', #1191 ) ;
#874 = SURFACE_SIDE_STYLE ('',( #66 ) ) ;
#875 =( NAMED_UNIT ( * ) PLANE_ANGLE_UNIT ( ) SI_UNIT ( $, .RADIAN. ) );
#876 = DIRECTION ( 'NONE',  ( 1.000000000000000000, 0.0000000000000000000, 0.0000000000000000000 ) ) ;
#877 = DIRECTION ( 'NONE',  ( 0.9961946980917454300, 0.0000000000000000000, 0.08715574274765840200 ) ) ;
#878 = DIRECTION ( 'NONE',  ( 0.0000000000000000000, 0.0000000000000000000, 1.000000000000000000 ) ) ;
#879 =( CONVERSION_BASED_UNIT ( 'INCH', #1207 ) LENGTH_UNIT ( ) NAMED_UNIT ( #2475 ) );
#880 = FILL_AREA_STYLE_COLOUR ( '', #76 ) ;
#881 = DIRECTION ( 'NONE',  ( 1.000000000000000000, 0.0000000000000000000, -0.0000000000000000000 ) ) ;
#882 = CARTESIAN_POINT ( 'NONE',  ( 0.6022410118904675300, 0.8332733119325866900, -0.001488272698748035000 ) ) ;
#883 = DIRECTION ( 'NONE',  ( -0.08715574274765845700, 2.322295495842179000E-016, 0.9961946980917455500 ) ) ;
#884 = CARTESIAN_POINT ( 'NONE',  ( 0.6253716232911671300, 0.8391381337232009000, 3.202063970642949300E-005 ) ) ;
#885 = DIRECTION ( 'NONE',  ( 0.0000000000000000000, -1.601283208593974400E-015, 1.000000000000000000 ) ) ;
#886 =( CONVERSION_BASED_UNIT ( 'INCH', #1476 ) LENGTH_UNIT ( ) NAMED_UNIT ( #2458 ) );
#887 =( LENGTH_UNIT ( ) NAMED_UNIT ( * ) SI_UNIT ( $, .METRE. ) );
#888 = CARTESIAN_POINT ( 'NONE',  ( 0.5905511811023661500, 0.8304910535544369800, -0.0009921817991653603700 ) ) ;
#889 = CARTESIAN_POINT ( 'NONE',  ( 0.6138349419821911300, 0.8361560678294921400, -0.0004793223033146759600 ) ) ;
#890 = CARTESIAN_POINT ( 'NONE',  ( 0.6253283861203438000, 0.8391381337232009000, 0.0005262237636422601400 ) ) ;
#891 = CARTESIAN_POINT ( 'NONE',  ( 0.5905511811023661500, 0.8304910535544369800, -0.0004960908995826801900 ) ) ;
#892 =( NAMED_UNIT ( * ) SI_UNIT ( $, .STERADIAN. ) SOLID_ANGLE_UNIT ( ) );
#893 =( LENGTH_UNIT ( ) NAMED_UNIT ( * ) SI_UNIT ( $, .METRE. ) );
#894 =( CONVERSION_BASED_UNIT ( 'INCH', #63 ) LENGTH_UNIT ( ) NAMED_UNIT ( #2473 ) );
#895 = SURFACE_SIDE_STYLE ('',( #1210 ) ) ;
#896 =( LENGTH_UNIT ( ) NAMED_UNIT ( * ) SI_UNIT ( $, .METRE. ) );
#897 = CARTESIAN_POINT ( 'NONE',  ( 1.977148495511700900, 2.120436819125291400, 0.1197911302342122100 ) ) ;
#898 = DIRECTION ( 'NONE',  ( 0.0000000000000000000, 0.0000000000000000000, -1.000000000000000000 ) ) ;
#899 = FILL_AREA_STYLE ('',( #880 ) ) ;
#900 = CARTESIAN_POINT ( 'NONE',  ( 0.5905511811023661500, 0.8304910535544369800, -0.001488272698748040500 ) ) ;
#901 =( NAMED_UNIT ( * ) PLANE_ANGLE_UNIT ( ) SI_UNIT ( $, .RADIAN. ) );
#902 =( NAMED_UNIT ( * ) PLANE_ANGLE_UNIT ( ) SI_UNIT ( $, .RADIAN. ) );
#903 = CARTESIAN_POINT ( 'NONE',  ( -0.5487822063341810700, 3.038205597340712500, 0.2480314960629921300 ) ) ;
#904 = CARTESIAN_POINT ( 'NONE',  ( 0.6022264964168287900, 0.8332733119325866900, -0.0009921817991653549500 ) ) ;
#905 = CARTESIAN_POINT ( 'NONE',  ( 0.6022119809431899500, 0.8332733119325866900, -0.0004960908995826749800 ) ) ;
#906 =( LENGTH_UNIT ( ) NAMED_UNIT ( * ) SI_UNIT ( $, .METRE. ) );
#907 = CARTESIAN_POINT ( 'NONE',  ( 0.6138638897928635500, 0.8361560678294921400, -0.0009747755842727698000 ) ) ;
#908 = CARTESIAN_POINT ( 'NONE',  ( 0.6138059941715188200, 0.8361560678294921400, 1.613097764341795900E-005 ) ) ;
#909 = CARTESIAN_POINT ( 'NONE',  ( 0.6252851489495202500, 0.8391381337232009000, 0.001020426887578090700 ) ) ;
#910 = FILL_AREA_STYLE ('',( #873 ) ) ;
#911 = SURFACE_STYLE_USAGE ( .BOTH. , #895 ) ;
#912 =( NAMED_UNIT ( * ) SI_UNIT ( $, .STERADIAN. ) SOLID_ANGLE_UNIT ( ) );
#913 = SURFACE_STYLE_USAGE ( .BOTH. , #874 ) ;
#914 = SURFACE_SIDE_STYLE ('',( #78 ) ) ;
#915 = CARTESIAN_POINT ( 'NONE',  ( -3.072038747149104000, -0.7999691798137239500, 4.154680533228958700 ) ) ;
#916 =( CONVERSION_BASED_UNIT ( 'INCH', #1201 ) LENGTH_UNIT ( ) NAMED_UNIT ( #2461 ) );
#917 = FILL_AREA_STYLE ('',( #919 ) ) ;
#918 =( NAMED_UNIT ( * ) SI_UNIT ( $, .STERADIAN. ) SOLID_ANGLE_UNIT ( ) );
#919 = FILL_AREA_STYLE_COLOUR ( '', #81 ) ;
#920 = PLANE ( 'NONE',  #1868 ) ;
#921 = SURFACE_SIDE_STYLE ('',( #1203 ) ) ;
#922 =( NAMED_UNIT ( * ) PLANE_ANGLE_UNIT ( ) SI_UNIT ( $, .RADIAN. ) );
#923 =( NAMED_UNIT ( * ) SI_UNIT ( $, .STERADIAN. ) SOLID_ANGLE_UNIT ( ) );
#924 = SURFACE_STYLE_USAGE ( .BOTH. , #921 ) ;
#925 = DIRECTION ( 'NONE',  ( -0.0000000000000000000, 1.000000000000000000, 1.715124499442879900E-015 ) ) ;
#926 = SURFACE_SIDE_STYLE ('',( #1232 ) ) ;
#927 = CARTESIAN_POINT ( 'NONE',  ( -1.574803149606299300, 1.168534757194157600, 0.0000000000000000000 ) ) ;
#928 = DIRECTION ( 'NONE',  ( 1.000000000000000000, 0.0000000000000000000, 0.0000000000000000000 ) ) ;
#929 = CARTESIAN_POINT ( 'NONE',  ( 0.6041283189537638400, 0.8361560678294921400, 0.1656533873820869900 ) ) ;
#930 =( NAMED_UNIT ( * ) SI_UNIT ( $, .STERADIAN. ) SOLID_ANGLE_UNIT ( ) );
#931 = DIRECTION ( 'NONE',  ( 1.000000000000000000, -9.868649107779168700E-017, 0.0000000000000000000 ) ) ;
#932 = SURFACE_SIDE_STYLE ('',( #1192 ) ) ;
#933 = SURFACE_STYLE_USAGE ( .BOTH. , #932 ) ;
#934 = CARTESIAN_POINT ( 'NONE',  ( 0.5905511811023661500, 0.8304910535544369800, 0.0000000000000000000 ) ) ;
#935 = CARTESIAN_POINT ( 'NONE',  ( 0.5993039552502205100, 0.8361560678294921400, 0.2482242889438299200 ) ) ;
#936 =( NAMED_UNIT ( * ) PLANE_ANGLE_UNIT ( ) SI_UNIT ( $, .RADIAN. ) );
#937 =( LENGTH_UNIT ( ) NAMED_UNIT ( * ) SI_UNIT ( $, .METRE. ) );
#938 =( CONVERSION_BASED_UNIT ( 'INCH', #1234 ) LENGTH_UNIT ( ) NAMED_UNIT ( #2448 ) );
#939 =( LENGTH_UNIT ( ) NAMED_UNIT ( * ) SI_UNIT ( $, .METRE. ) );
#940 =( NAMED_UNIT ( * ) SI_UNIT ( $, .STERADIAN. ) SOLID_ANGLE_UNIT ( ) );
#941 = CARTESIAN_POINT ( 'NONE',  ( 0.5905511811023661500, -0.01256760501056437000, 0.3980314960629921000 ) ) ;
#942 = CARTESIAN_POINT ( 'NONE',  ( 0.6252419117786969200, 0.8391381337232009000, 0.001514630011513921200 ) ) ;
#943 = DIRECTION ( 'NONE',  ( 1.000000000000000000, -2.664928188552402800E-015, 0.0000000000000000000 ) ) ;
#944 = DIRECTION ( 'NONE',  ( -2.664535259100380000E-015, -1.000000000000000000, 0.0000000000000000000 ) ) ;
#945 = SURFACE_SIDE_STYLE ('',( #1205 ) ) ;
#946 = CARTESIAN_POINT ( 'NONE',  ( 0.6089526826573071800, 0.8361560678294921400, 0.08308248582034449800 ) ) ;
#947 = CARTESIAN_POINT ( 'NONE',  ( 0.5973592464446102500, 0.8332733119325866900, 0.1653543307086614600 ) ) ;
#948 = CARTESIAN_POINT ( 'NONE',  ( 0.5905511811023661500, 0.8304910535544369800, 0.08267716535433072800 ) ) ;
#949 = FILL_AREA_STYLE ('',( #979 ) ) ;
#950 = DIRECTION ( 'NONE',  ( -9.868649107779168700E-017, -1.000000000000000000, 0.0000000000000000000 ) ) ;
#951 = SURFACE_STYLE_USAGE ( .BOTH. , #926 ) ;
#952 = FILL_AREA_STYLE ('',( #976 ) ) ;
#953 = DIRECTION ( 'NONE',  ( 0.0000000000000000000, 0.0000000000000000000, 1.000000000000000000 ) ) ;
#954 = PLANE ( 'NONE',  #1870 ) ;
#955 =( NAMED_UNIT ( * ) PLANE_ANGLE_UNIT ( ) SI_UNIT ( $, .RADIAN. ) );
#956 = CARTESIAN_POINT ( 'NONE',  ( 0.5905511811023661500, 0.8304910535544369800, 0.2480314960629921300 ) ) ;
#957 = CARTESIAN_POINT ( 'NONE',  ( 0.6036245425145158100, 0.8391381337232009000, 0.2486022913492303400 ) ) ;
#958 = CARTESIAN_POINT ( 'NONE',  ( 0.5997783559570787300, 0.8332733119325866900, 0.08267716535433072800 ) ) ;
#959 = CARTESIAN_POINT ( 'NONE',  ( 0.6021974654695512200, 0.8332733119325866900, 5.171989222312480700E-018 ) ) ;
#960 = FILL_AREA_STYLE_COLOUR ( '', #1289 ) ;
#961 = PLANE ( 'NONE',  #1644 ) ;
#962 = FILL_AREA_STYLE_COLOUR ( '', #1239 ) ;
#963 = FILL_AREA_STYLE ('',( #962 ) ) ;
#964 = SURFACE_SIDE_STYLE ('',( #1238 ) ) ;
#965 = CARTESIAN_POINT ( 'NONE',  ( 0.6137770463608465100, 0.8361560678294921400, 0.0005115842586015117700 ) ) ;
#966 = SURFACE_STYLE_USAGE ( .BOTH. , #964 ) ;
#967 =( CONVERSION_BASED_UNIT ( 'INCH', #1229 ) LENGTH_UNIT ( ) NAMED_UNIT ( #2459 ) );
#968 =( NAMED_UNIT ( * ) PLANE_ANGLE_UNIT ( ) SI_UNIT ( $, .RADIAN. ) );
#969 = CARTESIAN_POINT ( 'NONE',  ( 0.6108303322692442100, 0.8391381337232009000, 0.1662397375699913600 ) ) ;
#970 = FILL_AREA_STYLE ('',( #981 ) ) ;
#971 =( LENGTH_UNIT ( ) NAMED_UNIT ( * ) SI_UNIT ( $, .METRE. ) );
#972 = CARTESIAN_POINT ( 'NONE',  ( 0.5905511811023661500, 0.8304910535544369800, 0.1653543307086614600 ) ) ;
#973 = CARTESIAN_POINT ( 'NONE',  ( 0.6180361220239725100, 0.8391381337232009000, 0.08387718379075276300 ) ) ;
#974 = SURFACE_STYLE_USAGE ( .BOTH. , #945 ) ;
#975 = CARTESIAN_POINT ( 'NONE',  ( -3.543307086614173200, -0.7999691798137165100, 0.0000000000000000000 ) ) ;
#976 = FILL_AREA_STYLE_COLOUR ( '', #1228 ) ;
#977 =( CONVERSION_BASED_UNIT ( 'INCH', #1221 ) LENGTH_UNIT ( ) NAMED_UNIT ( #2451 ) );
#978 =( NAMED_UNIT ( * ) SI_UNIT ( $, .STERADIAN. ) SOLID_ANGLE_UNIT ( ) );
#979 = FILL_AREA_STYLE_COLOUR ( '', #1216 ) ;
#980 = CARTESIAN_POINT ( 'NONE',  ( 0.5949401369321377600, 0.8332733119325866900, 0.2480314960629921300 ) ) ;
#981 = FILL_AREA_STYLE_COLOUR ( '', #1231 ) ;
#982 =( LENGTH_UNIT ( ) NAMED_UNIT ( * ) SI_UNIT ( $, .METRE. ) );
#983 = FILL_AREA_STYLE_COLOUR ( '', #1264 ) ;
#984 = FILL_AREA_STYLE ('',( #983 ) ) ;
#985 = DIRECTION ( 'NONE',  ( -0.7071067811865480200, -0.7071067811865470200, 0.0000000000000000000 ) ) ;
#986 = SURFACE_STYLE_USAGE ( .BOTH. , #999 ) ;
#987 =( NAMED_UNIT ( * ) PLANE_ANGLE_UNIT ( ) SI_UNIT ( $, .RADIAN. ) );
#988 =( CONVERSION_BASED_UNIT ( 'INCH', #1258 ) LENGTH_UNIT ( ) NAMED_UNIT ( #2464 ) );
#989 = FILL_AREA_STYLE_COLOUR ( '', #1256 ) ;
#990 = DIRECTION ( 'NONE',  ( 0.0000000000000000000, 0.0000000000000000000, 1.000000000000000000 ) ) ;
#991 =( LENGTH_UNIT ( ) NAMED_UNIT ( * ) SI_UNIT ( $, .METRE. ) );
#992 = UNCERTAINTY_MEASURE_WITH_UNIT (LENGTH_MEASURE( 1.000000000000000100E-005 ), #769, 'distance_accuracy_value', 'NONE');
#993 = DIRECTION ( 'NONE',  ( 0.9961946980917454300, 0.0000000000000000000, 0.08715574274765845700 ) ) ;
#994 = DIRECTION ( 'NONE',  ( 1.000000000000000000, 0.0000000000000000000, 0.0000000000000000000 ) ) ;
#995 = FILL_AREA_STYLE_COLOUR ( '', #1265 ) ;
#996 =( LENGTH_UNIT ( ) NAMED_UNIT ( * ) SI_UNIT ( $, .METRE. ) );
#997 = UNCERTAINTY_MEASURE_WITH_UNIT (LENGTH_MEASURE( 1.000000000000000100E-005 ), #782, 'distance_accuracy_value', 'NONE');
#998 = FILL_AREA_STYLE_COLOUR ( '', #1242 ) ;
#999 = SURFACE_SIDE_STYLE ('',( #1237 ) ) ;
#1000 = FILL_AREA_STYLE ('',( #998 ) ) ;
#1001 = CARTESIAN_POINT ( 'NONE',  ( -3.543307086614173200, 2.509422645316240300, 0.0000000000000000000 ) ) ;
#1002 = SURFACE_SIDE_STYLE ('',( #1247 ) ) ;
#1003 = FILL_AREA_STYLE ('',( #989 ) ) ;
#1004 =( NAMED_UNIT ( * ) SI_UNIT ( $, .STERADIAN. ) SOLID_ANGLE_UNIT ( ) );
#1005 = CARTESIAN_POINT ( 'NONE',  ( -2.952755905511811100, -0.2094179987113527500, 0.0000000000000000000 ) ) ;
#1006 = PLANE ( 'NONE',  #1798 ) ;
#1007 =( LENGTH_UNIT ( ) NAMED_UNIT ( * ) SI_UNIT ( $, .METRE. ) );
#1008 =( LENGTH_UNIT ( ) NAMED_UNIT ( * ) SI_UNIT ( $, .METRE. ) );
#1009 =( NAMED_UNIT ( * ) SI_UNIT ( $, .STERADIAN. ) SOLID_ANGLE_UNIT ( ) );
#1010 = CARTESIAN_POINT ( 'NONE',  ( -2.657480314960630100, 1.955936331997307300, 0.3980314960629921000 ) ) ;
#1011 =( NAMED_UNIT ( * ) PLANE_ANGLE_UNIT ( ) SI_UNIT ( $, .RADIAN. ) );
#1012 =( NAMED_UNIT ( * ) PLANE_ANGLE_UNIT ( ) SI_UNIT ( $, .RADIAN. ) );
#1013 =( NAMED_UNIT ( * ) SI_UNIT ( $, .STERADIAN. ) SOLID_ANGLE_UNIT ( ) );
#1014 = CARTESIAN_POINT ( 'NONE',  ( 0.2997742221919476600, 1.562235544595732600, 0.0000000000000000000 ) ) ;
#1015 =( NAMED_UNIT ( * ) SI_UNIT ( $, .STERADIAN. ) SOLID_ANGLE_UNIT ( ) );
#1016 =( CONVERSION_BASED_UNIT ( 'INCH', #1241 ) LENGTH_UNIT ( ) NAMED_UNIT ( #2468 ) );
#1017 = PLANE ( 'NONE',  #8 ) ;
#1018 = DIRECTION ( 'NONE',  ( -1.000000000000000000, 0.0000000000000000000, 0.0000000000000000000 ) ) ;
#1019 =( NAMED_UNIT ( * ) SI_UNIT ( $, .STERADIAN. ) SOLID_ANGLE_UNIT ( ) );
#1020 = SURFACE_STYLE_USAGE ( .BOTH. , #1032 ) ;
#1021 =( CONVERSION_BASED_UNIT ( 'INCH', #1244 ) LENGTH_UNIT ( ) NAMED_UNIT ( #2466 ) );
#1022 = CARTESIAN_POINT ( 'NONE',  ( -0.1732283464566929400, 0.2079048359343165500, 0.0000000000000000000 ) ) ;
#1023 = DIRECTION ( 'NONE',  ( 1.000000000000000000, 0.0000000000000000000, 0.0000000000000000000 ) ) ;
#1024 = DIRECTION ( 'NONE',  ( 0.0000000000000000000, 0.0000000000000000000, 1.000000000000000000 ) ) ;
#1025 = DIRECTION ( 'NONE',  ( 0.7071067811865469100, -0.7071067811865479100, 0.0000000000000000000 ) ) ;
#1026 = SURFACE_STYLE_USAGE ( .BOTH. , #1002 ) ;
#1027 = PLANE ( 'NONE',  #1642 ) ;
#1028 =( NAMED_UNIT ( * ) PLANE_ANGLE_UNIT ( ) SI_UNIT ( $, .RADIAN. ) );
#1029 = SURFACE_SIDE_STYLE ('',( #1249 ) ) ;
#1030 =( CONVERSION_BASED_UNIT ( 'INCH', #1226 ) LENGTH_UNIT ( ) NAMED_UNIT ( #2462 ) );
#1031 =( NAMED_UNIT ( * ) SI_UNIT ( $, .STERADIAN. ) SOLID_ANGLE_UNIT ( ) );
#1032 = SURFACE_SIDE_STYLE ('',( #1261 ) ) ;
#1033 = FILL_AREA_STYLE ('',( #960 ) ) ;
#1034 =( CONVERSION_BASED_UNIT ( 'INCH', #1271 ) LENGTH_UNIT ( ) NAMED_UNIT ( #1451 ) );
#1035 =( NAMED_UNIT ( * ) PLANE_ANGLE_UNIT ( ) SI_UNIT ( $, .RADIAN. ) );
#1036 = UNCERTAINTY_MEASURE_WITH_UNIT (LENGTH_MEASURE( 1.000000000000000100E-005 ), #764, 'distance_accuracy_value', 'NONE');
#1037 = DIRECTION ( 'NONE',  ( 0.0000000000000000000, 0.0000000000000000000, -1.000000000000000000 ) ) ;
#1038 = DIRECTION ( 'NONE',  ( -0.08715574274765847100, 2.322295495842178500E-016, 0.9961946980917455500 ) ) ;
#1039 = CARTESIAN_POINT ( 'NONE',  ( -0.5305586140654685600, 3.038205597340712500, -0.09960481329715355200 ) ) ;
#1040 = SURFACE_STYLE_USAGE ( .BOTH. , #1029 ) ;
#1041 = SURFACE_SIDE_STYLE ('',( #1298 ) ) ;
#1042 =( LENGTH_UNIT ( ) NAMED_UNIT ( * ) SI_UNIT ( $, .METRE. ) );
#1043 =( LENGTH_UNIT ( ) NAMED_UNIT ( * ) SI_UNIT ( $, .METRE. ) );
#1044 = DIRECTION ( 'NONE',  ( 0.08715574274765815200, 0.0000000000000000000, -0.9961946980917454300 ) ) ;
#1045 = FILL_AREA_STYLE ('',( #1090 ) ) ;
#1046 = CARTESIAN_POINT ( 'NONE',  ( -2.987748086329136600, -0.7999691798137222900, 3.174044503907984500 ) ) ;
#1047 = FILL_AREA_STYLE_COLOUR ( '', #1307 ) ;
#1048 = FILL_AREA_STYLE_COLOUR ( '', #1275 ) ;
#1049 =( NAMED_UNIT ( * ) SI_UNIT ( $, .STERADIAN. ) SOLID_ANGLE_UNIT ( ) );
#1050 = PLANE ( 'NONE',  #5 ) ;
#1051 = FILL_AREA_STYLE ('',( #1047 ) ) ;
#1052 =( NAMED_UNIT ( * ) PLANE_ANGLE_UNIT ( ) SI_UNIT ( $, .RADIAN. ) );
#1053 =( CONVERSION_BASED_UNIT ( 'INCH', #1300 ) LENGTH_UNIT ( ) NAMED_UNIT ( #1464 ) );
#1054 =( NAMED_UNIT ( * ) SI_UNIT ( $, .STERADIAN. ) SOLID_ANGLE_UNIT ( ) );
#1055 = SURFACE_STYLE_USAGE ( .BOTH. , #1063 ) ;
#1056 =( LENGTH_UNIT ( ) NAMED_UNIT ( * ) SI_UNIT ( $, .METRE. ) );
#1057 = SURFACE_SIDE_STYLE ('',( #1286 ) ) ;
#1058 = SURFACE_STYLE_USAGE ( .BOTH. , #1057 ) ;
#1059 = DIRECTION ( 'NONE',  ( -1.000000000000000000, 3.965082230804130700E-016, 0.0000000000000000000 ) ) ;
#1060 =( NAMED_UNIT ( * ) SI_UNIT ( $, .STERADIAN. ) SOLID_ANGLE_UNIT ( ) );
#1061 =( NAMED_UNIT ( * ) PLANE_ANGLE_UNIT ( ) SI_UNIT ( $, .RADIAN. ) );
#1062 = PLANE ( 'NONE',  #24 ) ;
#1063 = SURFACE_SIDE_STYLE ('',( #1287 ) ) ;
#1064 = SURFACE_STYLE_USAGE ( .BOTH. , #1078 ) ;
#1065 = FILL_AREA_STYLE ('',( #1072 ) ) ;
#1066 =( LENGTH_UNIT ( ) NAMED_UNIT ( * ) SI_UNIT ( $, .METRE. ) );
#1067 = CARTESIAN_POINT ( 'NONE',  ( -1.968503937007874100, 2.353967828060299400, 0.5756398537024213200 ) ) ;
#1068 = CARTESIAN_POINT ( 'NONE',  ( -0.5487822063341810700, 2.353967828060299400, 1.104422805726893900 ) ) ;
#1069 = DIRECTION ( 'NONE',  ( 0.0000000000000000000, -1.000000000000000000, -1.715124499442879900E-015 ) ) ;
#1070 =( CONVERSION_BASED_UNIT ( 'INCH', #1306 ) LENGTH_UNIT ( ) NAMED_UNIT ( #1458 ) );
#1071 = DIRECTION ( 'NONE',  ( -0.0000000000000000000, 1.000000000000000000, 1.715124499442879900E-015 ) ) ;
#1072 = FILL_AREA_STYLE_COLOUR ( '', #1309 ) ;
#1073 =( NAMED_UNIT ( * ) SI_UNIT ( $, .STERADIAN. ) SOLID_ANGLE_UNIT ( ) );
#1074 = PLANE ( 'NONE',  #35 ) ;
#1075 = CARTESIAN_POINT ( 'NONE',  ( 1.200376999629889900, 2.230021937991484300, 0.05183243019447913300 ) ) ;
#1076 = FILL_AREA_STYLE ('',( #995 ) ) ;
#1077 =( NAMED_UNIT ( * ) PLANE_ANGLE_UNIT ( ) SI_UNIT ( $, .RADIAN. ) );
#1078 = SURFACE_SIDE_STYLE ('',( #1292 ) ) ;
#1079 =( CONVERSION_BASED_UNIT ( 'INCH', #1301 ) LENGTH_UNIT ( ) NAMED_UNIT ( #1455 ) );
#1080 = SURFACE_STYLE_USAGE ( .BOTH. , #1041 ) ;
#1081 = DIRECTION ( 'NONE',  ( 0.0000000000000000000, 1.715124499442879700E-015, -1.000000000000000000 ) ) ;
#1082 = DIRECTION ( 'NONE',  ( -3.965082230804130700E-016, -1.000000000000000000, 0.0000000000000000000 ) ) ;
#1083 =( CONVERSION_BASED_UNIT ( 'INCH', #1272 ) LENGTH_UNIT ( ) NAMED_UNIT ( #1457 ) );
#1084 = FILL_AREA_STYLE ('',( #1048 ) ) ;
#1085 = DIRECTION ( 'NONE',  ( 0.0000000000000000000, -1.000000000000000000, -1.715124499442879700E-015 ) ) ;
#1086 = DIRECTION ( 'NONE',  ( 0.0000000000000000000, -1.601283208593974400E-015, 1.000000000000000000 ) ) ;
#1087 =( LENGTH_UNIT ( ) NAMED_UNIT ( * ) SI_UNIT ( $, .METRE. ) );
#1088 = CARTESIAN_POINT ( 'NONE',  ( -3.409201195139458700, 2.353967828060291400, 8.077222378518133200 ) ) ;
#1089 = DIRECTION ( 'NONE',  ( 0.0000000000000000000, 2.135044278125299400E-015, -1.000000000000000000 ) ) ;
#1090 = FILL_AREA_STYLE_COLOUR ( '', #1294 ) ;
#1091 = DIRECTION ( 'NONE',  ( 0.9961946980917455500, -1.494829496536499600E-016, 0.08715574274765816600 ) ) ;
#1092 =( NAMED_UNIT ( * ) PLANE_ANGLE_UNIT ( ) SI_UNIT ( $, .RADIAN. ) );
#1093 = SURFACE_SIDE_STYLE ('',( #1310 ) ) ;
#1094 = SURFACE_STYLE_USAGE ( .BOTH. , #1093 ) ;
#1095 = DIRECTION ( 'NONE',  ( 0.0000000000000000000, 0.0000000000000000000, 1.000000000000000000 ) ) ;
#1096 = DIRECTION ( 'NONE',  ( 1.000000000000000000, 0.0000000000000000000, -0.0000000000000000000 ) ) ;
#1097 = SURFACE_SIDE_STYLE ('',( #1331 ) ) ;
#1098 = PLANE ( 'NONE',  #16 ) ;
#1099 = CARTESIAN_POINT ( 'NONE',  ( -3.409201195139458700, 2.353967828060291400, 8.077222378518133200 ) ) ;
#1100 =( NAMED_UNIT ( * ) SI_UNIT ( $, .STERADIAN. ) SOLID_ANGLE_UNIT ( ) );
#1101 =( NAMED_UNIT ( * ) PLANE_ANGLE_UNIT ( ) SI_UNIT ( $, .RADIAN. ) );
#1102 =( NAMED_UNIT ( * ) SI_UNIT ( $, .STERADIAN. ) SOLID_ANGLE_UNIT ( ) );
#1103 =( CONVERSION_BASED_UNIT ( 'INCH', #1329 ) LENGTH_UNIT ( ) NAMED_UNIT ( #1462 ) );
#1104 = CARTESIAN_POINT ( 'NONE',  ( -3.240620068789041000, 2.353967828060295400, 6.115952591870915000 ) ) ;
#1105 = FILL_AREA_STYLE ('',( #1123 ) ) ;
#1106 = CARTESIAN_POINT ( 'NONE',  ( 0.3147688010639259600, 1.562235544595732600, -0.02564824750565803200 ) ) ;
#1107 =( LENGTH_UNIT ( ) NAMED_UNIT ( * ) SI_UNIT ( $, .METRE. ) );
#1108 =( NAMED_UNIT ( * ) SI_UNIT ( $, .STERADIAN. ) SOLID_ANGLE_UNIT ( ) );
#1109 = DIRECTION ( 'NONE',  ( -0.1396943646708926600, -0.9901946699913082300, 0.0000000000000000000 ) ) ;
#1110 = DIRECTION ( 'NONE',  ( 0.0000000000000000000, -1.000000000000000000, -1.715124499442879900E-015 ) ) ;
#1111 = DIRECTION ( 'NONE',  ( 0.9961946980917455500, 0.0000000000000000000, 0.08715574274765845700 ) ) ;
#1112 =( LENGTH_UNIT ( ) NAMED_UNIT ( * ) SI_UNIT ( $, .METRE. ) );
#1113 =( CONVERSION_BASED_UNIT ( 'INCH', #1322 ) LENGTH_UNIT ( ) NAMED_UNIT ( #1456 ) );
#1114 =( CONVERSION_BASED_UNIT ( 'INCH', #1324 ) LENGTH_UNIT ( ) NAMED_UNIT ( #1450 ) );
#1115 =( LENGTH_UNIT ( ) NAMED_UNIT ( * ) SI_UNIT ( $, .METRE. ) );
#1116 =( NAMED_UNIT ( * ) PLANE_ANGLE_UNIT ( ) SI_UNIT ( $, .RADIAN. ) );
#1117 = PLANE ( 'NONE',  #33 ) ;
#1118 = SURFACE_STYLE_USAGE ( .BOTH. , #1137 ) ;
#1119 = CARTESIAN_POINT ( 'NONE',  ( -1.968503937007874100, 0.7748339697925827900, 0.0000000000000000000 ) ) ;
#1120 = DIRECTION ( 'NONE',  ( 1.000000000000000000, -2.960594732333750100E-016, 0.0000000000000000000 ) ) ;
#1121 = DIRECTION ( 'NONE',  ( -0.9864997997699045400, 0.1391731009600660500, -0.08630754905046093800 ) ) ;
#1122 = DIRECTION ( 'NONE',  ( 0.0000000000000000000, 2.135044278125299400E-015, -1.000000000000000000 ) ) ;
#1123 = FILL_AREA_STYLE_COLOUR ( '', #1338 ) ;
#1124 = FILL_AREA_STYLE_COLOUR ( '', #1336 ) ;
#1125 = SURFACE_STYLE_USAGE ( .BOTH. , #1097 ) ;
#1126 =( NAMED_UNIT ( * ) SI_UNIT ( $, .STERADIAN. ) SOLID_ANGLE_UNIT ( ) );
#1127 = FILL_AREA_STYLE ('',( #1133 ) ) ;
#1128 =( LENGTH_UNIT ( ) NAMED_UNIT ( * ) SI_UNIT ( $, .METRE. ) );
#1129 =( CONVERSION_BASED_UNIT ( 'INCH', #1357 ) LENGTH_UNIT ( ) NAMED_UNIT ( #1446 ) );
#1130 =( NAMED_UNIT ( * ) PLANE_ANGLE_UNIT ( ) SI_UNIT ( $, .RADIAN. ) );
#1131 =( NAMED_UNIT ( * ) SI_UNIT ( $, .STERADIAN. ) SOLID_ANGLE_UNIT ( ) );
#1132 =( CONVERSION_BASED_UNIT ( 'INCH', #1326 ) LENGTH_UNIT ( ) NAMED_UNIT ( #1449 ) );
#1133 = FILL_AREA_STYLE_COLOUR ( '', #1333 ) ;
#1134 = SURFACE_STYLE_USAGE ( .BOTH. , #1141 ) ;
#1135 =( NAMED_UNIT ( * ) PLANE_ANGLE_UNIT ( ) SI_UNIT ( $, .RADIAN. ) );
#1136 =( NAMED_UNIT ( * ) PLANE_ANGLE_UNIT ( ) SI_UNIT ( $, .RADIAN. ) );
#1137 = SURFACE_SIDE_STYLE ('',( #1293 ) ) ;
#1138 = DIRECTION ( 'NONE',  ( 0.0000000000000000000, -1.000000000000000000, -1.715124499442879900E-015 ) ) ;
#1139 = CARTESIAN_POINT ( 'NONE',  ( -0.5487822063341810700, 3.038205597340712500, 0.0000000000000000000 ) ) ;
#1140 = DIRECTION ( 'NONE',  ( -0.08715574274765845700, 2.322295495842179000E-016, 0.9961946980917455500 ) ) ;
#1141 = SURFACE_SIDE_STYLE ('',( #1337 ) ) ;
#1142 = FILL_AREA_STYLE ('',( #1124 ) ) ;
#1143 = SURFACE_STYLE_USAGE ( .BOTH. , #1146 ) ;
#1144 = DIRECTION ( 'NONE',  ( 2.960594732333750100E-016, 1.000000000000000000, 0.0000000000000000000 ) ) ;
#1145 = FILL_AREA_STYLE_COLOUR ( '', #1330 ) ;
#1146 = SURFACE_SIDE_STYLE ('',( #1335 ) ) ;
#1147 = FILL_AREA_STYLE ('',( #1145 ) ) ;
#1148 = SURFACE_STYLE_USAGE ( .BOTH. , #1181 ) ;
#1149 = SURFACE_STYLE_USAGE ( .BOTH. , #1187 ) ;
#1150 = SURFACE_STYLE_USAGE ( .BOTH. , #1171 ) ;
#1151 = FILL_AREA_STYLE ('',( #1162 ) ) ;
#1152 =( NAMED_UNIT ( * ) SI_UNIT ( $, .STERADIAN. ) SOLID_ANGLE_UNIT ( ) );
#1153 =( NAMED_UNIT ( * ) SI_UNIT ( $, .STERADIAN. ) SOLID_ANGLE_UNIT ( ) );
#1154 =( CONVERSION_BASED_UNIT ( 'INCH', #1369 ) LENGTH_UNIT ( ) NAMED_UNIT ( #1460 ) );
#1155 = DIRECTION ( 'NONE',  ( 0.7084534360199485900, 0.7057575568079513800, 0.0000000000000000000 ) ) ;
#1156 =( CONVERSION_BASED_UNIT ( 'INCH', #1354 ) LENGTH_UNIT ( ) NAMED_UNIT ( #1459 ) );
#1157 = DIRECTION ( 'NONE',  ( -0.0000000000000000000, 1.000000000000000000, 1.715124499442879900E-015 ) ) ;
#1158 = CARTESIAN_POINT ( 'NONE',  ( 1.983109082822594600, -0.2731775371240574600, 0.1203126140518720600 ) ) ;
#1159 = DIRECTION ( 'NONE',  ( -1.000000000000000000, 0.0000000000000000000, 0.0000000000000000000 ) ) ;
#1160 = FILL_AREA_STYLE ('',( #1170 ) ) ;
#1161 = PLANE ( 'NONE',  #39 ) ;
#1162 = FILL_AREA_STYLE_COLOUR ( '', #1355 ) ;
#1163 =( LENGTH_UNIT ( ) NAMED_UNIT ( * ) SI_UNIT ( $, .METRE. ) );
#1164 = SURFACE_STYLE_USAGE ( .BOTH. , #1167 ) ;
#1165 =( NAMED_UNIT ( * ) PLANE_ANGLE_UNIT ( ) SI_UNIT ( $, .RADIAN. ) );
#1166 =( LENGTH_UNIT ( ) NAMED_UNIT ( * ) SI_UNIT ( $, .METRE. ) );
#1167 = SURFACE_SIDE_STYLE ('',( #1346 ) ) ;
#1168 =( NAMED_UNIT ( * ) PLANE_ANGLE_UNIT ( ) SI_UNIT ( $, .RADIAN. ) );
#1169 = DIRECTION ( 'NONE',  ( 0.0000000000000000000, 1.734723475976805500E-015, -1.000000000000000000 ) ) ;
#1170 = FILL_AREA_STYLE_COLOUR ( '', #1380 ) ;
#1171 = SURFACE_SIDE_STYLE ('',( #1358 ) ) ;
#1172 =( NAMED_UNIT ( * ) SI_UNIT ( $, .STERADIAN. ) SOLID_ANGLE_UNIT ( ) );
#1173 = CARTESIAN_POINT ( 'NONE',  ( 1.133410738451885900, -0.01256760501056594600, 0.04597364150268818500 ) ) ;
#1174 = DIRECTION ( 'NONE',  ( 0.08715574274765845700, -2.322295495842179000E-016, -0.9961946980917455500 ) ) ;
#1175 = DIRECTION ( 'NONE',  ( -0.9961946980917455500, 0.0000000000000000000, -0.08715574274765845700 ) ) ;
#1176 = DIRECTION ( 'NONE',  ( 0.0000000000000000000, -1.601283208593974400E-015, 1.000000000000000000 ) ) ;
#1177 = FILL_AREA_STYLE ('',( #1184 ) ) ;
#1178 =( LENGTH_UNIT ( ) NAMED_UNIT ( * ) SI_UNIT ( $, .METRE. ) );
#1179 =( CONVERSION_BASED_UNIT ( 'INCH', #1350 ) LENGTH_UNIT ( ) NAMED_UNIT ( #1447 ) );
#1180 =( NAMED_UNIT ( * ) PLANE_ANGLE_UNIT ( ) SI_UNIT ( $, .RADIAN. ) );
#1181 = SURFACE_SIDE_STYLE ('',( #1360 ) ) ;
#1182 = CARTESIAN_POINT ( 'NONE',  ( -2.755905511811024100, 0.7072855937084054900, 0.0000000000000000000 ) ) ;
#1183 = FILL_AREA_STYLE ('',( #1185 ) ) ;
#1184 = FILL_AREA_STYLE_COLOUR ( '', #1365 ) ;
#1185 = FILL_AREA_STYLE_COLOUR ( '', #1351 ) ;
#1186 = DIRECTION ( 'NONE',  ( 0.7044160264027581300, -0.7071067811865480200, 0.06162841671621971400 ) ) ;
#1187 = SURFACE_SIDE_STYLE ('',( #1371 ) ) ;
#1188 =( CONVERSION_BASED_UNIT ( 'INCH', #1367 ) LENGTH_UNIT ( ) NAMED_UNIT ( #1452 ) );
#1189 =( LENGTH_UNIT ( ) NAMED_UNIT ( * ) SI_UNIT ( $, .METRE. ) );
#1190 = DIRECTION ( 'NONE',  ( 0.0000000000000000000, 0.0000000000000000000, -1.000000000000000000 ) ) ;
#1191 = COLOUR_RGB ( '',0.6274509803921568500, 0.6274509803921568500, 0.6274509803921568500 ) ;
#1192 = SURFACE_STYLE_FILL_AREA ( #952 ) ;
#1193 = STYLED_ITEM ( 'NONE', ( #1194 ), #2418 ) ;
#1194 = PRESENTATION_STYLE_ASSIGNMENT (( #911 ) ) ;
#1195 = FACE_BOUND ( 'NONE', #2215, .T. ) ;
#1196 = FACE_OUTER_BOUND ( 'NONE', #2223, .T. ) ;
#1197 = CYLINDRICAL_SURFACE ( 'NONE', #1911, 0.3980314960629920400 ) ;
#1198 = FACE_OUTER_BOUND ( 'NONE', #2261, .T. ) ;
#1199 = CYLINDRICAL_SURFACE ( 'NONE', #1910, 0.3937007874015748800 ) ;
#1200 = COLOUR_RGB ( '',0.6274509803921568500, 0.6274509803921568500, 0.6274509803921568500 ) ;
#1201 = LENGTH_MEASURE_WITH_UNIT ( LENGTH_MEASURE( 0.02539999999999999900 ), #887 );
#1202 =( GEOMETRIC_REPRESENTATION_CONTEXT ( 3 ) GLOBAL_UNCERTAINTY_ASSIGNED_CONTEXT ( ( #2490 ) ) GLOBAL_UNIT_ASSIGNED_CONTEXT ( ( #916, #902, #918 ) ) REPRESENTATION_CONTEXT ( 'NONE', 'WORKASPACE' ) );
#1203 = SURFACE_STYLE_FILL_AREA ( #910 ) ;
#1204 = CYLINDRICAL_SURFACE ( 'NONE', #1867, 0.1499999999999999900 ) ;
#1205 = SURFACE_STYLE_FILL_AREA ( #949 ) ;
#1206 = FACE_OUTER_BOUND ( 'NONE', #2281, .T. ) ;
#1207 = LENGTH_MEASURE_WITH_UNIT ( LENGTH_MEASURE( 0.02539999999999999900 ), #906 );
#1208 = STYLED_ITEM ( 'NONE', ( #1215 ), #2420 ) ;
#1209 =( GEOMETRIC_REPRESENTATION_CONTEXT ( 3 ) GLOBAL_UNCERTAINTY_ASSIGNED_CONTEXT ( ( #2500 ) ) GLOBAL_UNIT_ASSIGNED_CONTEXT ( ( #886, #875, #892 ) ) REPRESENTATION_CONTEXT ( 'NONE', 'WORKASPACE' ) );
#1210 = SURFACE_STYLE_FILL_AREA ( #865 ) ;
#1211 = FACE_OUTER_BOUND ( 'NONE', #2238, .T. ) ;
#1212 = STYLED_ITEM ( 'NONE', ( #1213 ), #2419 ) ;
#1213 = PRESENTATION_STYLE_ASSIGNMENT (( #924 ) ) ;
#1214 =( GEOMETRIC_REPRESENTATION_CONTEXT ( 3 ) GLOBAL_UNCERTAINTY_ASSIGNED_CONTEXT ( ( #2502 ) ) GLOBAL_UNIT_ASSIGNED_CONTEXT ( ( #879, #922, #923 ) ) REPRESENTATION_CONTEXT ( 'NONE', 'WORKASPACE' ) );
#1215 = PRESENTATION_STYLE_ASSIGNMENT (( #974 ) ) ;
#1216 = COLOUR_RGB ( '',0.6274509803921568500, 0.6274509803921568500, 0.6274509803921568500 ) ;
#1217 = PRESENTATION_STYLE_ASSIGNMENT (( #933 ) ) ;
#1218 = STYLED_ITEM ( 'NONE', ( #1217 ), #2421 ) ;
#1219 =( GEOMETRIC_REPRESENTATION_CONTEXT ( 3 ) GLOBAL_UNCERTAINTY_ASSIGNED_CONTEXT ( ( #2486 ) ) GLOBAL_UNIT_ASSIGNED_CONTEXT ( ( #967, #936, #930 ) ) REPRESENTATION_CONTEXT ( 'NONE', 'WORKASPACE' ) );
#1220 = FACE_OUTER_BOUND ( 'NONE', #2300, .T. ) ;
#1221 = LENGTH_MEASURE_WITH_UNIT ( LENGTH_MEASURE( 0.02539999999999999900 ), #939 );
#1222 = PRESENTATION_STYLE_ASSIGNMENT (( #951 ) ) ;
#1223 =( GEOMETRIC_REPRESENTATION_CONTEXT ( 3 ) GLOBAL_UNCERTAINTY_ASSIGNED_CONTEXT ( ( #2493 ) ) GLOBAL_UNIT_ASSIGNED_CONTEXT ( ( #938, #955, #978 ) ) REPRESENTATION_CONTEXT ( 'NONE', 'WORKASPACE' ) );
#1224 = PRESENTATION_STYLE_ASSIGNMENT (( #966 ) ) ;
#1225 = STYLED_ITEM ( 'NONE', ( #1224 ), #2423 ) ;
#1226 = LENGTH_MEASURE_WITH_UNIT ( LENGTH_MEASURE( 0.02539999999999999900 ), #982 );
#1227 = STYLED_ITEM ( 'NONE', ( #1222 ), #2422 ) ;
#1228 = COLOUR_RGB ( '',0.6274509803921568500, 0.6274509803921568500, 0.6274509803921568500 ) ;
#1229 = LENGTH_MEASURE_WITH_UNIT ( LENGTH_MEASURE( 0.02539999999999999900 ), #971 );
#1230 = CYLINDRICAL_SURFACE ( 'NONE', #1916, 0.3980314960629921000 ) ;
#1231 = COLOUR_RGB ( '',0.6274509803921568500, 0.6274509803921568500, 0.6274509803921568500 ) ;
#1232 = SURFACE_STYLE_FILL_AREA ( #970 ) ;
#1233 = CYLINDRICAL_SURFACE ( 'NONE', #1640, 0.7874015748031496500 ) ;
#1234 = LENGTH_MEASURE_WITH_UNIT ( LENGTH_MEASURE( 0.02539999999999999900 ), #937 );
#1235 =( GEOMETRIC_REPRESENTATION_CONTEXT ( 3 ) GLOBAL_UNCERTAINTY_ASSIGNED_CONTEXT ( ( #2492 ) ) GLOBAL_UNIT_ASSIGNED_CONTEXT ( ( #977, #968, #940 ) ) REPRESENTATION_CONTEXT ( 'NONE', 'WORKASPACE' ) );
#1236 = FACE_OUTER_BOUND ( 'NONE', #2239, .T. ) ;
#1237 = SURFACE_STYLE_FILL_AREA ( #1000 ) ;
#1238 = SURFACE_STYLE_FILL_AREA ( #963 ) ;
#1239 = COLOUR_RGB ( '',0.6274509803921568500, 0.6274509803921568500, 0.6274509803921568500 ) ;
#1240 = FACE_OUTER_BOUND ( 'NONE', #2221, .T. ) ;
#1241 = LENGTH_MEASURE_WITH_UNIT ( LENGTH_MEASURE( 0.02539999999999999900 ), #991 );
#1242 = COLOUR_RGB ( '',0.6274509803921568500, 0.6274509803921568500, 0.6274509803921568500 ) ;
#1243 = FACE_OUTER_BOUND ( 'NONE', #2304, .T. ) ;
#1244 = LENGTH_MEASURE_WITH_UNIT ( LENGTH_MEASURE( 0.02539999999999999900 ), #996 );
#1245 = FACE_OUTER_BOUND ( 'NONE', #2284, .T. ) ;
#1246 = FACE_OUTER_BOUND ( 'NONE', #2251, .T. ) ;
#1247 = SURFACE_STYLE_FILL_AREA ( #1033 ) ;
#1248 = FACE_BOUND ( 'NONE', #2228, .T. ) ;
#1249 = SURFACE_STYLE_FILL_AREA ( #984 ) ;
#1250 = STYLED_ITEM ( 'NONE', ( #1257 ), #2424 ) ;
#1251 =( GEOMETRIC_REPRESENTATION_CONTEXT ( 3 ) GLOBAL_UNCERTAINTY_ASSIGNED_CONTEXT ( ( #2494 ) ) GLOBAL_UNIT_ASSIGNED_CONTEXT ( ( #1030, #1035, #1031 ) ) REPRESENTATION_CONTEXT ( 'NONE', 'WORKASPACE' ) );
#1252 =( GEOMETRIC_REPRESENTATION_CONTEXT ( 3 ) GLOBAL_UNCERTAINTY_ASSIGNED_CONTEXT ( ( #2495 ) ) GLOBAL_UNIT_ASSIGNED_CONTEXT ( ( #1021, #987, #1015 ) ) REPRESENTATION_CONTEXT ( 'NONE', 'WORKASPACE' ) );
#1253 = STYLED_ITEM ( 'NONE', ( #1255 ), #2426 ) ;
#1254 = STYLED_ITEM ( 'NONE', ( #1262 ), #2425 ) ;
#1255 = PRESENTATION_STYLE_ASSIGNMENT (( #1040 ) ) ;
#1256 = COLOUR_RGB ( '',0.6274509803921568500, 0.6274509803921568500, 0.6274509803921568500 ) ;
#1257 = PRESENTATION_STYLE_ASSIGNMENT (( #986 ) ) ;
#1258 = LENGTH_MEASURE_WITH_UNIT ( LENGTH_MEASURE( 0.02539999999999999900 ), #1007 );
#1259 = FACE_OUTER_BOUND ( 'NONE', #2283, .T. ) ;
#1260 = CYLINDRICAL_SURFACE ( 'NONE', #12, 0.2559055118110238300 ) ;
#1261 = SURFACE_STYLE_FILL_AREA ( #1003 ) ;
#1262 = PRESENTATION_STYLE_ASSIGNMENT (( #1020 ) ) ;
#1263 =( GEOMETRIC_REPRESENTATION_CONTEXT ( 3 ) GLOBAL_UNCERTAINTY_ASSIGNED_CONTEXT ( ( #2503 ) ) GLOBAL_UNIT_ASSIGNED_CONTEXT ( ( #988, #1012, #1013 ) ) REPRESENTATION_CONTEXT ( 'NONE', 'WORKASPACE' ) );
#1264 = COLOUR_RGB ( '',0.6274509803921568500, 0.6274509803921568500, 0.6274509803921568500 ) ;
#1265 = COLOUR_RGB ( '',0.6274509803921568500, 0.6274509803921568500, 0.6274509803921568500 ) ;
#1266 =( GEOMETRIC_REPRESENTATION_CONTEXT ( 3 ) GLOBAL_UNCERTAINTY_ASSIGNED_CONTEXT ( ( #2507 ) ) GLOBAL_UNIT_ASSIGNED_CONTEXT ( ( #1034, #1011, #1009 ) ) REPRESENTATION_CONTEXT ( 'NONE', 'WORKASPACE' ) );
#1267 = FACE_OUTER_BOUND ( 'NONE', #2218, .T. ) ;
#1268 = FACE_BOUND ( 'NONE', #2235, .T. ) ;
#1269 = FACE_BOUND ( 'NONE', #2233, .T. ) ;
#1270 = FACE_BOUND ( 'NONE', #2249, .T. ) ;
#1271 = LENGTH_MEASURE_WITH_UNIT ( LENGTH_MEASURE( 0.02539999999999999900 ), #1008 );
#1272 = LENGTH_MEASURE_WITH_UNIT ( LENGTH_MEASURE( 0.02539999999999999900 ), #1056 );
#1273 = PRESENTATION_STYLE_ASSIGNMENT (( #1026 ) ) ;
#1274 = FACE_BOUND ( 'NONE', #2245, .T. ) ;
#1275 = COLOUR_RGB ( '',0.6274509803921568500, 0.6274509803921568500, 0.6274509803921568500 ) ;
#1276 = FACE_BOUND ( 'NONE', #2247, .T. ) ;
#1277 = FACE_OUTER_BOUND ( 'NONE', #2214, .T. ) ;
#1278 =( GEOMETRIC_REPRESENTATION_CONTEXT ( 3 ) GLOBAL_UNCERTAINTY_ASSIGNED_CONTEXT ( ( #2506 ) ) GLOBAL_UNIT_ASSIGNED_CONTEXT ( ( #1083, #1077, #1049 ) ) REPRESENTATION_CONTEXT ( 'NONE', 'WORKASPACE' ) );
#1279 = PRESENTATION_STYLE_ASSIGNMENT (( #1058 ) ) ;
#1280 = STYLED_ITEM ( 'NONE', ( #1279 ), #2430 ) ;
#1281 = STYLED_ITEM ( 'NONE', ( #1282 ), #2428 ) ;
#1282 = PRESENTATION_STYLE_ASSIGNMENT (( #1055 ) ) ;
#1283 = FACE_BOUND ( 'NONE', #2230, .T. ) ;
#1284 =( GEOMETRIC_REPRESENTATION_CONTEXT ( 3 ) GLOBAL_UNCERTAINTY_ASSIGNED_CONTEXT ( ( #2504 ) ) GLOBAL_UNIT_ASSIGNED_CONTEXT ( ( #1016, #1028, #1004 ) ) REPRESENTATION_CONTEXT ( 'NONE', 'WORKASPACE' ) );
#1285 = STYLED_ITEM ( 'NONE', ( #1273 ), #2427 ) ;
#1286 = SURFACE_STYLE_FILL_AREA ( #1084 ) ;
#1287 = SURFACE_STYLE_FILL_AREA ( #1076 ) ;
#1288 = FACE_BOUND ( 'NONE', #2390, .T. ) ;
#1289 = COLOUR_RGB ( '',0.6274509803921568500, 0.6274509803921568500, 0.6274509803921568500 ) ;
#1290 = FACE_OUTER_BOUND ( 'NONE', #2222, .T. ) ;
#1291 = CYLINDRICAL_SURFACE ( 'NONE', #14, 0.2559055118110238300 ) ;
#1292 = SURFACE_STYLE_FILL_AREA ( #1051 ) ;
#1293 = SURFACE_STYLE_FILL_AREA ( #1105 ) ;
#1294 = COLOUR_RGB ( '',0.6274509803921568500, 0.6274509803921568500, 0.6274509803921568500 ) ;
#1295 = STYLED_ITEM ( 'NONE', ( #1297 ), #2433 ) ;
#1296 = STYLED_ITEM ( 'NONE', ( #1313 ), #2431 ) ;
#1297 = PRESENTATION_STYLE_ASSIGNMENT (( #1094 ) ) ;
#1298 = SURFACE_STYLE_FILL_AREA ( #1065 ) ;
#1299 = STYLED_ITEM ( 'NONE', ( #1312 ), #2432 ) ;
#1300 = LENGTH_MEASURE_WITH_UNIT ( LENGTH_MEASURE( 0.02539999999999999900 ), #1066 );
#1301 = LENGTH_MEASURE_WITH_UNIT ( LENGTH_MEASURE( 0.02539999999999999900 ), #1042 );
#1302 = CYLINDRICAL_SURFACE ( 'NONE', #20, 0.2559055118110238300 ) ;
#1303 = CYLINDRICAL_SURFACE ( 'NONE', #29, 0.7874015748031496500 ) ;
#1304 =( GEOMETRIC_REPRESENTATION_CONTEXT ( 3 ) GLOBAL_UNCERTAINTY_ASSIGNED_CONTEXT ( ( #2485 ) ) GLOBAL_UNIT_ASSIGNED_CONTEXT ( ( #1053, #1061, #1054 ) ) REPRESENTATION_CONTEXT ( 'NONE', 'WORKASPACE' ) );
#1305 =( GEOMETRIC_REPRESENTATION_CONTEXT ( 3 ) GLOBAL_UNCERTAINTY_ASSIGNED_CONTEXT ( ( #2496 ) ) GLOBAL_UNIT_ASSIGNED_CONTEXT ( ( #1070, #1092, #1060 ) ) REPRESENTATION_CONTEXT ( 'NONE', 'WORKASPACE' ) );
#1306 = LENGTH_MEASURE_WITH_UNIT ( LENGTH_MEASURE( 0.02539999999999999900 ), #1087 );
#1307 = COLOUR_RGB ( '',0.6274509803921568500, 0.6274509803921568500, 0.6274509803921568500 ) ;
#1308 = FACE_OUTER_BOUND ( 'NONE', #2250, .T. ) ;
#1309 = COLOUR_RGB ( '',0.6274509803921568500, 0.6274509803921568500, 0.6274509803921568500 ) ;
#1310 = SURFACE_STYLE_FILL_AREA ( #1045 ) ;
#1311 =( GEOMETRIC_REPRESENTATION_CONTEXT ( 3 ) GLOBAL_UNCERTAINTY_ASSIGNED_CONTEXT ( ( #2498 ) ) GLOBAL_UNIT_ASSIGNED_CONTEXT ( ( #1079, #1052, #1073 ) ) REPRESENTATION_CONTEXT ( 'NONE', 'WORKASPACE' ) );
#1312 = PRESENTATION_STYLE_ASSIGNMENT (( #1080 ) ) ;
#1313 = PRESENTATION_STYLE_ASSIGNMENT (( #1064 ) ) ;
#1314 = FACE_OUTER_BOUND ( 'NONE', #2237, .T. ) ;
#1315 = STYLED_ITEM ( 'NONE', ( #1327 ), #2435 ) ;
#1316 = STYLED_ITEM ( 'NONE', ( #1339 ), #2436 ) ;
#1317 =( GEOMETRIC_REPRESENTATION_CONTEXT ( 3 ) GLOBAL_UNCERTAINTY_ASSIGNED_CONTEXT ( ( #2497 ) ) GLOBAL_UNIT_ASSIGNED_CONTEXT ( ( #1114, #1101, #1102 ) ) REPRESENTATION_CONTEXT ( 'NONE', 'WORKASPACE' ) );
#1318 = STYLED_ITEM ( 'NONE', ( #1328 ), #2434 ) ;
#1319 = FACE_OUTER_BOUND ( 'NONE', #2216, .T. ) ;
#1320 = FACE_OUTER_BOUND ( 'NONE', #2224, .T. ) ;
#1321 =( GEOMETRIC_REPRESENTATION_CONTEXT ( 3 ) GLOBAL_UNCERTAINTY_ASSIGNED_CONTEXT ( ( #2491 ) ) GLOBAL_UNIT_ASSIGNED_CONTEXT ( ( #1103, #1136, #1108 ) ) REPRESENTATION_CONTEXT ( 'NONE', 'WORKASPACE' ) );
#1322 = LENGTH_MEASURE_WITH_UNIT ( LENGTH_MEASURE( 0.02539999999999999900 ), #1112 );
#1323 =( GEOMETRIC_REPRESENTATION_CONTEXT ( 3 ) GLOBAL_UNCERTAINTY_ASSIGNED_CONTEXT ( ( #2477 ) ) GLOBAL_UNIT_ASSIGNED_CONTEXT ( ( #1132, #1135, #1126 ) ) REPRESENTATION_CONTEXT ( 'NONE', 'WORKASPACE' ) );
#1324 = LENGTH_MEASURE_WITH_UNIT ( LENGTH_MEASURE( 0.02539999999999999900 ), #1043 );
#1325 = FACE_OUTER_BOUND ( 'NONE', #2252, .T. ) ;
#1326 = LENGTH_MEASURE_WITH_UNIT ( LENGTH_MEASURE( 0.02539999999999999900 ), #1115 );
#1327 = PRESENTATION_STYLE_ASSIGNMENT (( #1134 ) ) ;
#1328 = PRESENTATION_STYLE_ASSIGNMENT (( #1118 ) ) ;
#1329 = LENGTH_MEASURE_WITH_UNIT ( LENGTH_MEASURE( 0.02539999999999999900 ), #1107 );
#1330 = COLOUR_RGB ( '',0.6274509803921568500, 0.6274509803921568500, 0.6274509803921568500 ) ;
#1331 = SURFACE_STYLE_FILL_AREA ( #1147 ) ;
#1332 = FACE_BOUND ( 'NONE', #2255, .T. ) ;
#1333 = COLOUR_RGB ( '',0.6274509803921568500, 0.6274509803921568500, 0.6274509803921568500 ) ;
#1334 = FACE_OUTER_BOUND ( 'NONE', #2389, .T. ) ;
#1335 = SURFACE_STYLE_FILL_AREA ( #1127 ) ;
#1336 = COLOUR_RGB ( '',0.6274509803921568500, 0.6274509803921568500, 0.6274509803921568500 ) ;
#1337 = SURFACE_STYLE_FILL_AREA ( #1142 ) ;
#1338 = COLOUR_RGB ( '',0.6274509803921568500, 0.6274509803921568500, 0.6274509803921568500 ) ;
#1339 = PRESENTATION_STYLE_ASSIGNMENT (( #1143 ) ) ;
#1340 = STYLED_ITEM ( 'NONE', ( #1349 ), #2439 ) ;
#1341 =( GEOMETRIC_REPRESENTATION_CONTEXT ( 3 ) GLOBAL_UNCERTAINTY_ASSIGNED_CONTEXT ( ( #2488 ) ) GLOBAL_UNIT_ASSIGNED_CONTEXT ( ( #1113, #1116, #1100 ) ) REPRESENTATION_CONTEXT ( 'NONE', 'WORKASPACE' ) );
#1342 = PRESENTATION_STYLE_ASSIGNMENT (( #1125 ) ) ;
#1343 = PRESENTATION_STYLE_ASSIGNMENT (( #1150 ) ) ;
#1344 = FACE_OUTER_BOUND ( 'NONE', #2236, .T. ) ;
#1345 = STYLED_ITEM ( 'NONE', ( #1343 ), #2438 ) ;
#1346 = SURFACE_STYLE_FILL_AREA ( #1160 ) ;
#1347 =( GEOMETRIC_REPRESENTATION_CONTEXT ( 3 ) GLOBAL_UNCERTAINTY_ASSIGNED_CONTEXT ( ( #2505 ) ) GLOBAL_UNIT_ASSIGNED_CONTEXT ( ( #1129, #1130, #1131 ) ) REPRESENTATION_CONTEXT ( 'NONE', 'WORKASPACE' ) );
#1348 = CYLINDRICAL_SURFACE ( 'NONE', #58, 0.7874015748031497600 ) ;
#1349 = PRESENTATION_STYLE_ASSIGNMENT (( #1148 ) ) ;
#1350 = LENGTH_MEASURE_WITH_UNIT ( LENGTH_MEASURE( 0.02539999999999999900 ), #1163 );
#1351 = COLOUR_RGB ( '',0.6274509803921568500, 0.6274509803921568500, 0.6274509803921568500 ) ;
#1352 = FACE_OUTER_BOUND ( 'NONE', #2220, .T. ) ;
#1353 = FACE_OUTER_BOUND ( 'NONE', #2227, .T. ) ;
#1354 = LENGTH_MEASURE_WITH_UNIT ( LENGTH_MEASURE( 0.02539999999999999900 ), #1178 );
#1355 = COLOUR_RGB ( '',0.6274509803921568500, 0.6274509803921568500, 0.6274509803921568500 ) ;
#1356 = STYLED_ITEM ( 'NONE', ( #1342 ), #2437 ) ;
#1357 = LENGTH_MEASURE_WITH_UNIT ( LENGTH_MEASURE( 0.02539999999999999900 ), #1128 );
#1358 = SURFACE_STYLE_FILL_AREA ( #1151 ) ;
#1359 =( GEOMETRIC_REPRESENTATION_CONTEXT ( 3 ) GLOBAL_UNCERTAINTY_ASSIGNED_CONTEXT ( ( #2476 ) ) GLOBAL_UNIT_ASSIGNED_CONTEXT ( ( #1179, #1168, #1152 ) ) REPRESENTATION_CONTEXT ( 'NONE', 'WORKASPACE' ) );
#1360 = SURFACE_STYLE_FILL_AREA ( #1183 ) ;
#1361 = CYLINDRICAL_SURFACE ( 'NONE', #31, 0.7874015748031497600 ) ;
#1362 = CYLINDRICAL_SURFACE ( 'NONE', #59, 0.7874015748031496500 ) ;
#1363 =( GEOMETRIC_REPRESENTATION_CONTEXT ( 3 ) GLOBAL_UNCERTAINTY_ASSIGNED_CONTEXT ( ( #2482 ) ) GLOBAL_UNIT_ASSIGNED_CONTEXT ( ( #1156, #1165, #1153 ) ) REPRESENTATION_CONTEXT ( 'NONE', 'WORKASPACE' ) );
#1364 = PRESENTATION_STYLE_ASSIGNMENT (( #1164 ) ) ;
#1365 = COLOUR_RGB ( '',0.6274509803921568500, 0.6274509803921568500, 0.6274509803921568500 ) ;
#1366 = SURFACE_STYLE_FILL_AREA ( #505 ) ;
#1367 = LENGTH_MEASURE_WITH_UNIT ( LENGTH_MEASURE( 0.02539999999999999900 ), #1189 );
#1368 = PRESENTATION_STYLE_ASSIGNMENT (( #1149 ) ) ;
#1369 = LENGTH_MEASURE_WITH_UNIT ( LENGTH_MEASURE( 0.02539999999999999900 ), #1166 );
#1370 = SURFACE_STYLE_FILL_AREA ( #510 ) ;
#1371 = SURFACE_STYLE_FILL_AREA ( #1177 ) ;
#1372 =( GEOMETRIC_REPRESENTATION_CONTEXT ( 3 ) GLOBAL_UNCERTAINTY_ASSIGNED_CONTEXT ( ( #2489 ) ) GLOBAL_UNIT_ASSIGNED_CONTEXT ( ( #1154, #504, #535 ) ) REPRESENTATION_CONTEXT ( 'NONE', 'WORKASPACE' ) );
#1373 = FACE_OUTER_BOUND ( 'NONE', #2246, .T. ) ;
#1374 = STYLED_ITEM ( 'NONE', ( #1376 ), #2442 ) ;
#1375 = LENGTH_MEASURE_WITH_UNIT ( LENGTH_MEASURE( 0.02539999999999999900 ), #547 );
#1376 = PRESENTATION_STYLE_ASSIGNMENT (( #544 ) ) ;
#1377 = CYLINDRICAL_SURFACE ( 'NONE', #62, 0.2559055118110235600 ) ;
#1378 = COLOUR_RGB ( '',0.6274509803921568500, 0.6274509803921568500, 0.6274509803921568500 ) ;
#1379 = FACE_OUTER_BOUND ( 'NONE', #2282, .T. ) ;
#1380 = COLOUR_RGB ( '',0.6274509803921568500, 0.6274509803921568500, 0.6274509803921568500 ) ;
#1381 =( GEOMETRIC_REPRESENTATION_CONTEXT ( 3 ) GLOBAL_UNCERTAINTY_ASSIGNED_CONTEXT ( ( #2478 ) ) GLOBAL_UNIT_ASSIGNED_CONTEXT ( ( #1188, #1180, #1172 ) ) REPRESENTATION_CONTEXT ( 'NONE', 'WORKASPACE' ) );
#1382 = CYLINDRICAL_SURFACE ( 'NONE', #42, 0.2559055118110238300 ) ;
#1383 = FACE_OUTER_BOUND ( 'NONE', #2217, .T. ) ;
#1384 = STYLED_ITEM ( 'NONE', ( #1368 ), #2441 ) ;
#1385 = STYLED_ITEM ( 'NONE', ( #1364 ), #2440 ) ;
#1386 = SURFACE_STYLE_FILL_AREA ( #521 ) ;
#1387 = CYLINDRICAL_SURFACE ( 'NONE', #45, 0.2559055118110238300 ) ;
#1388 = FACE_OUTER_BOUND ( 'NONE', #2254, .T. ) ;
#1389 = PRESENTATION_STYLE_ASSIGNMENT (( #537 ) ) ;
#1390 = LENGTH_MEASURE_WITH_UNIT ( LENGTH_MEASURE( 0.02539999999999999900 ), #545 );
#1391 = CYLINDRICAL_SURFACE ( 'NONE', #49, 0.7874015748031503200 ) ;
#1392 = SURFACE_STYLE_FILL_AREA ( #518 ) ;
#1393 =( GEOMETRIC_REPRESENTATION_CONTEXT ( 3 ) GLOBAL_UNCERTAINTY_ASSIGNED_CONTEXT ( ( #2481 ) ) GLOBAL_UNIT_ASSIGNED_CONTEXT ( ( #511, #503, #516 ) ) REPRESENTATION_CONTEXT ( 'NONE', 'WORKASPACE' ) );
#1394 = PRESENTATION_STYLE_ASSIGNMENT (( #527 ) ) ;
#1395 = LENGTH_MEASURE_WITH_UNIT ( LENGTH_MEASURE( 0.02539999999999999900 ), #531 );
#1396 = STYLED_ITEM ( 'NONE', ( #1394 ), #2453 ) ;
#1397 = CYLINDRICAL_SURFACE ( 'NONE', #51, 0.2559055118110238300 ) ;
#1398 = FACE_OUTER_BOUND ( 'NONE', #2225, .T. ) ;
#1399 = STYLED_ITEM ( 'NONE', ( #1404 ), #2444 ) ;
#1400 = FACE_OUTER_BOUND ( 'NONE', #2276, .T. ) ;
#1401 = LENGTH_MEASURE_WITH_UNIT ( LENGTH_MEASURE( 0.02539999999999999900 ), #730 );
#1402 = STYLED_ITEM ( 'NONE', ( #1389 ), #2443 ) ;
#1403 = FACE_OUTER_BOUND ( 'NONE', #2295, .T. ) ;
#1404 = PRESENTATION_STYLE_ASSIGNMENT (( #502 ) ) ;
#1405 = COLOUR_RGB ( '',0.6274509803921568500, 0.6274509803921568500, 0.6274509803921568500 ) ;
#1406 = COLOUR_RGB ( '',0.6274509803921568500, 0.6274509803921568500, 0.6274509803921568500 ) ;
#1407 =( GEOMETRIC_REPRESENTATION_CONTEXT ( 3 ) GLOBAL_UNCERTAINTY_ASSIGNED_CONTEXT ( ( #2480 ) ) GLOBAL_UNIT_ASSIGNED_CONTEXT ( ( #496, #529, #520 ) ) REPRESENTATION_CONTEXT ( 'NONE', 'WORKASPACE' ) );
#1408 =( GEOMETRIC_REPRESENTATION_CONTEXT ( 3 ) GLOBAL_UNCERTAINTY_ASSIGNED_CONTEXT ( ( #2479 ) ) GLOBAL_UNIT_ASSIGNED_CONTEXT ( ( #524, #509, #541 ) ) REPRESENTATION_CONTEXT ( 'NONE', 'WORKASPACE' ) );
#1409 = COLOUR_RGB ( '',0.6274509803921568500, 0.6274509803921568500, 0.6274509803921568500 ) ;
#1410 = FACE_OUTER_BOUND ( 'NONE', #2271, .T. ) ;
#1411 = LENGTH_MEASURE_WITH_UNIT ( LENGTH_MEASURE( 0.02539999999999999900 ), #2541 );
#1412 =( GEOMETRIC_REPRESENTATION_CONTEXT ( 3 ) GLOBAL_UNCERTAINTY_ASSIGNED_CONTEXT ( ( #2483 ) ) GLOBAL_UNIT_ASSIGNED_CONTEXT ( ( #760, #871, #1019 ) ) REPRESENTATION_CONTEXT ( 'NONE', 'WORKASPACE' ) );
#1413 = LENGTH_MEASURE_WITH_UNIT ( LENGTH_MEASURE( 0.02539999999999999900 ), #2518 );
#1414 = SURFACE_STYLE_FILL_AREA ( #2531 ) ;
#1415 = SURFACE_STYLE_FILL_AREA ( #2537 ) ;
#1416 = CYLINDRICAL_SURFACE ( 'NONE', #56, 0.2559055118110238300 ) ;
#1417 = PRESENTATION_STYLE_ASSIGNMENT (( #2547 ) ) ;
#1418 = LENGTH_MEASURE_WITH_UNIT ( LENGTH_MEASURE( 0.02539999999999999900 ), #2530 );
#1419 =( GEOMETRIC_REPRESENTATION_CONTEXT ( 3 ) GLOBAL_UNCERTAINTY_ASSIGNED_CONTEXT ( ( #1466 ) ) GLOBAL_UNIT_ASSIGNED_CONTEXT ( ( #2544, #2536, #2511 ) ) REPRESENTATION_CONTEXT ( 'NONE', 'WORKASPACE' ) );
#1420 = FACE_OUTER_BOUND ( 'NONE', #2242, .T. ) ;
#1421 = CYLINDRICAL_SURFACE ( 'NONE', #11, 0.2559055118110238300 ) ;
#1422 = STYLED_ITEM ( 'NONE', ( #1417 ), #2471 ) ;
#1423 = FACE_OUTER_BOUND ( 'NONE', #2296, .T. ) ;
#1424 = STYLED_ITEM ( 'NONE', ( #1429 ), #2465 ) ;
#1425 =( GEOMETRIC_REPRESENTATION_CONTEXT ( 3 ) GLOBAL_UNCERTAINTY_ASSIGNED_CONTEXT ( ( #1470 ) ) GLOBAL_UNIT_ASSIGNED_CONTEXT ( ( #2512, #2532, #2542 ) ) REPRESENTATION_CONTEXT ( 'NONE', 'WORKASPACE' ) );
#1426 = COLOUR_RGB ( '',0.6274509803921568500, 0.6274509803921568500, 0.6274509803921568500 ) ;
#1427 = FACE_OUTER_BOUND ( 'NONE', #2291, .T. ) ;
#1428 = COLOUR_RGB ( '',0.6274509803921568500, 0.6274509803921568500, 0.6274509803921568500 ) ;
#1429 = PRESENTATION_STYLE_ASSIGNMENT (( #2538 ) ) ;
#1430 = COLOUR_RGB ( '',0.7529411764705882200, 0.7529411764705882200, 0.7529411764705882200 ) ;
#1431 =( GEOMETRIC_REPRESENTATION_CONTEXT ( 3 ) GLOBAL_UNCERTAINTY_ASSIGNED_CONTEXT ( ( #1468 ) ) GLOBAL_UNIT_ASSIGNED_CONTEXT ( ( #2516, #2521, #2514 ) ) REPRESENTATION_CONTEXT ( 'NONE', 'WORKASPACE' ) );
#1432 = STYLED_ITEM ( 'NONE', ( #1434 ), #1467 ) ;
#1433 =( GEOMETRIC_REPRESENTATION_CONTEXT ( 3 ) GLOBAL_UNCERTAINTY_ASSIGNED_CONTEXT ( ( #1469 ) ) GLOBAL_UNIT_ASSIGNED_CONTEXT ( ( #2522, #2524, #2540 ) ) REPRESENTATION_CONTEXT ( 'NONE', 'WORKASPACE' ) );
#1434 = PRESENTATION_STYLE_ASSIGNMENT (( #2549 ) ) ;
#1435 = LENGTH_MEASURE_WITH_UNIT ( LENGTH_MEASURE( 0.02539999999999999900 ), #2523 );
#1436 = SURFACE_STYLE_FILL_AREA ( #2539 ) ;
#1437 = SHAPE_DEFINITION_REPRESENTATION ( #2400, #1467 ) ;
#1438 = ORIENTED_EDGE ( 'NONE', *, *, #1781, .T. ) ;
#1439 = ORIENTED_EDGE ( 'NONE', *, *, #1747, .T. ) ;
#1440 = ORIENTED_EDGE ( 'NONE', *, *, #1750, .T. ) ;
#1441 = ORIENTED_EDGE ( 'NONE', *, *, #1773, .F. ) ;
#1442 = ORIENTED_EDGE ( 'NONE', *, *, #1776, .F. ) ;
#1443 = ORIENTED_EDGE ( 'NONE', *, *, #1749, .T. ) ;
#1444 = DIMENSIONAL_EXPONENTS ( 1.000000000000000000, 0.0000000000000000000, 0.0000000000000000000, 0.0000000000000000000, 0.0000000000000000000, 0.0000000000000000000, 0.0000000000000000000 ) ;
#1445 = DIMENSIONAL_EXPONENTS ( 1.000000000000000000, 0.0000000000000000000, 0.0000000000000000000, 0.0000000000000000000, 0.0000000000000000000, 0.0000000000000000000, 0.0000000000000000000 ) ;
#1446 = DIMENSIONAL_EXPONENTS ( 1.000000000000000000, 0.0000000000000000000, 0.0000000000000000000, 0.0000000000000000000, 0.0000000000000000000, 0.0000000000000000000, 0.0000000000000000000 ) ;
#1447 = DIMENSIONAL_EXPONENTS ( 1.000000000000000000, 0.0000000000000000000, 0.0000000000000000000, 0.0000000000000000000, 0.0000000000000000000, 0.0000000000000000000, 0.0000000000000000000 ) ;
#1448 = DIMENSIONAL_EXPONENTS ( 1.000000000000000000, 0.0000000000000000000, 0.0000000000000000000, 0.0000000000000000000, 0.0000000000000000000, 0.0000000000000000000, 0.0000000000000000000 ) ;
#1449 = DIMENSIONAL_EXPONENTS ( 1.000000000000000000, 0.0000000000000000000, 0.0000000000000000000, 0.0000000000000000000, 0.0000000000000000000, 0.0000000000000000000, 0.0000000000000000000 ) ;
#1450 = DIMENSIONAL_EXPONENTS ( 1.000000000000000000, 0.0000000000000000000, 0.0000000000000000000, 0.0000000000000000000, 0.0000000000000000000, 0.0000000000000000000, 0.0000000000000000000 ) ;
#1451 = DIMENSIONAL_EXPONENTS ( 1.000000000000000000, 0.0000000000000000000, 0.0000000000000000000, 0.0000000000000000000, 0.0000000000000000000, 0.0000000000000000000, 0.0000000000000000000 ) ;
#1452 = DIMENSIONAL_EXPONENTS ( 1.000000000000000000, 0.0000000000000000000, 0.0000000000000000000, 0.0000000000000000000, 0.0000000000000000000, 0.0000000000000000000, 0.0000000000000000000 ) ;
#1453 = DIMENSIONAL_EXPONENTS ( 1.000000000000000000, 0.0000000000000000000, 0.0000000000000000000, 0.0000000000000000000, 0.0000000000000000000, 0.0000000000000000000, 0.0000000000000000000 ) ;
#1454 = DIMENSIONAL_EXPONENTS ( 1.000000000000000000, 0.0000000000000000000, 0.0000000000000000000, 0.0000000000000000000, 0.0000000000000000000, 0.0000000000000000000, 0.0000000000000000000 ) ;
#1455 = DIMENSIONAL_EXPONENTS ( 1.000000000000000000, 0.0000000000000000000, 0.0000000000000000000, 0.0000000000000000000, 0.0000000000000000000, 0.0000000000000000000, 0.0000000000000000000 ) ;
#1456 = DIMENSIONAL_EXPONENTS ( 1.000000000000000000, 0.0000000000000000000, 0.0000000000000000000, 0.0000000000000000000, 0.0000000000000000000, 0.0000000000000000000, 0.0000000000000000000 ) ;
#1457 = DIMENSIONAL_EXPONENTS ( 1.000000000000000000, 0.0000000000000000000, 0.0000000000000000000, 0.0000000000000000000, 0.0000000000000000000, 0.0000000000000000000, 0.0000000000000000000 ) ;
#1458 = DIMENSIONAL_EXPONENTS ( 1.000000000000000000, 0.0000000000000000000, 0.0000000000000000000, 0.0000000000000000000, 0.0000000000000000000, 0.0000000000000000000, 0.0000000000000000000 ) ;
#1459 = DIMENSIONAL_EXPONENTS ( 1.000000000000000000, 0.0000000000000000000, 0.0000000000000000000, 0.0000000000000000000, 0.0000000000000000000, 0.0000000000000000000, 0.0000000000000000000 ) ;
#1460 = DIMENSIONAL_EXPONENTS ( 1.000000000000000000, 0.0000000000000000000, 0.0000000000000000000, 0.0000000000000000000, 0.0000000000000000000, 0.0000000000000000000, 0.0000000000000000000 ) ;
#1461 = DIMENSIONAL_EXPONENTS ( 1.000000000000000000, 0.0000000000000000000, 0.0000000000000000000, 0.0000000000000000000, 0.0000000000000000000, 0.0000000000000000000, 0.0000000000000000000 ) ;
#1462 = DIMENSIONAL_EXPONENTS ( 1.000000000000000000, 0.0000000000000000000, 0.0000000000000000000, 0.0000000000000000000, 0.0000000000000000000, 0.0000000000000000000, 0.0000000000000000000 ) ;
#1463 = DIMENSIONAL_EXPONENTS ( 1.000000000000000000, 0.0000000000000000000, 0.0000000000000000000, 0.0000000000000000000, 0.0000000000000000000, 0.0000000000000000000, 0.0000000000000000000 ) ;
#1464 = DIMENSIONAL_EXPONENTS ( 1.000000000000000000, 0.0000000000000000000, 0.0000000000000000000, 0.0000000000000000000, 0.0000000000000000000, 0.0000000000000000000, 0.0000000000000000000 ) ;
#1465 = DIMENSIONAL_EXPONENTS ( 1.000000000000000000, 0.0000000000000000000, 0.0000000000000000000, 0.0000000000000000000, 0.0000000000000000000, 0.0000000000000000000, 0.0000000000000000000 ) ;
#1466 = UNCERTAINTY_MEASURE_WITH_UNIT (LENGTH_MEASURE( 1.000000000000000100E-005 ), #2544, 'distance_accuracy_value', 'NONE');
#1467 = ADVANCED_BREP_SHAPE_REPRESENTATION ( 'bracket-mod-L2', ( #1525, #1579 ), #1431 ) ;
#1468 = UNCERTAINTY_MEASURE_WITH_UNIT (LENGTH_MEASURE( 1.000000000000000100E-005 ), #2516, 'distance_accuracy_value', 'NONE');
#1469 = UNCERTAINTY_MEASURE_WITH_UNIT (LENGTH_MEASURE( 1.000000000000000100E-005 ), #2522, 'distance_accuracy_value', 'NONE');
#1470 = UNCERTAINTY_MEASURE_WITH_UNIT (LENGTH_MEASURE( 1.000000000000000100E-005 ), #2512, 'distance_accuracy_value', 'NONE');
#1471 = ORIENTED_EDGE ( 'NONE', *, *, #1818, .T. ) ;
#1472 = ORIENTED_EDGE ( 'NONE', *, *, #1727, .F. ) ;
#1473 = ORIENTED_EDGE ( 'NONE', *, *, #1720, .T. ) ;
#1474 = ORIENTED_EDGE ( 'NONE', *, *, #1772, .F. ) ;
#1475 = ORIENTED_EDGE ( 'NONE', *, *, #1749, .F. ) ;
#1476 = LENGTH_MEASURE_WITH_UNIT ( LENGTH_MEASURE( 0.02539999999999999900 ), #893 );
#1477 = CLOSED_SHELL ( 'NONE', ( #2407, #2429, #2416, #2404, #2410, #2434, #2431, #2405, #2408, #2413, #2432, #2406, #2430, #2409, #2439, #2412, #2414, #2441, #2433, #2440, #2415, #2435, #2411, #2417, #2426, #2419, #2418, #2420, #2421, #2424, #2401, #2422, #2436, #2423, #2427, #2438, #2425, #2402, #2428, #2442, #2443, #2444, #2437, #2453, #2465, #2403, #2471, #2463, #2446, #2460, #2445 ) ) ;
#1478 = ORIENTED_EDGE ( 'NONE', *, *, #1776, .T. ) ;
#1479 = ORIENTED_EDGE ( 'NONE', *, *, #1777, .T. ) ;
#1480 = ORIENTED_EDGE ( 'NONE', *, *, #1743, .F. ) ;
#1481 = ORIENTED_EDGE ( 'NONE', *, *, #1775, .F. ) ;
#1482 = ORIENTED_EDGE ( 'NONE', *, *, #1747, .F. ) ;
#1483 = ORIENTED_EDGE ( 'NONE', *, *, #1723, .F. ) ;
#1484 = ORIENTED_EDGE ( 'NONE', *, *, #1698, .F. ) ;
#1485 = ORIENTED_EDGE ( 'NONE', *, *, #1645, .F. ) ;
#1486 = ORIENTED_EDGE ( 'NONE', *, *, #1701, .F. ) ;
#1487 = ORIENTED_EDGE ( 'NONE', *, *, #1700, .F. ) ;
#1488 = ORIENTED_EDGE ( 'NONE', *, *, #1650, .T. ) ;
#1489 = ORIENTED_EDGE ( 'NONE', *, *, #1702, .T. ) ;
#1490 = ORIENTED_EDGE ( 'NONE', *, *, #1717, .T. ) ;
#1491 = ORIENTED_EDGE ( 'NONE', *, *, #1705, .F. ) ;
#1492 = ORIENTED_EDGE ( 'NONE', *, *, #1686, .F. ) ;
#1493 = ORIENTED_EDGE ( 'NONE', *, *, #1692, .F. ) ;
#1494 = ORIENTED_EDGE ( 'NONE', *, *, #1688, .T. ) ;
#1495 = ORIENTED_EDGE ( 'NONE', *, *, #1714, .F. ) ;
#1496 = ORIENTED_EDGE ( 'NONE', *, *, #1765, .F. ) ;
#1497 = ORIENTED_EDGE ( 'NONE', *, *, #1715, .T. ) ;
#1498 = ORIENTED_EDGE ( 'NONE', *, *, #1685, .T. ) ;
#1499 = ORIENTED_EDGE ( 'NONE', *, *, #1656, .T. ) ;
#1500 = ORIENTED_EDGE ( 'NONE', *, *, #1669, .T. ) ;
#1501 = ORIENTED_EDGE ( 'NONE', *, *, #1687, .F. ) ;
#1502 = ORIENTED_EDGE ( 'NONE', *, *, #1651, .T. ) ;
#1503 = ORIENTED_EDGE ( 'NONE', *, *, #1649, .T. ) ;
#1504 = CARTESIAN_POINT ( 'NONE',  ( -3.543307086614173200, 1.955936331997307300, 0.3980314960629921000 ) ) ;
#1505 = CARTESIAN_POINT ( 'NONE',  ( -0.6141732283464567100, 3.038205597340712500, 0.0000000000000000000 ) ) ;
#1506 = DIRECTION ( 'NONE',  ( -0.08715574274765798500, -1.686026076126095200E-015, 0.9961946980917456600 ) ) ;
#1507 = DIRECTION ( 'NONE',  ( 0.0000000000000000000, 0.0000000000000000000, -1.000000000000000000 ) ) ;
#1508 = CARTESIAN_POINT ( 'NONE',  ( -1.968503937007874100, 2.353967828060300200, 0.5756398537024213200 ) ) ;
#1509 = CARTESIAN_POINT ( 'NONE',  ( 2.300692687747716300, 0.06731912968119488400, 0.3970765152881022800 ) ) ;
#1510 = DIRECTION ( 'NONE',  ( -0.0000000000000000000, 1.000000000000000000, 0.0000000000000000000 ) ) ;
#1511 = DIRECTION ( 'NONE',  ( 0.08715574274765845700, -2.305988929144469000E-016, -0.9961946980917454300 ) ) ;
#1512 = DIRECTION ( 'NONE',  ( -0.7044160264027593500, -0.7071067811865468000, -0.06162841671621930400 ) ) ;
#1513 = CARTESIAN_POINT ( 'NONE',  ( -0.6141732283464567100, 0.2079048359343165500, 0.0000000000000000000 ) ) ;
#1514 = DIRECTION ( 'NONE',  ( 0.0000000000000000000, -0.0000000000000000000, -1.000000000000000000 ) ) ;
#1515 = CARTESIAN_POINT ( 'NONE',  ( -0.1732283464566929700, 0.2079048359343165800, 0.0000000000000000000 ) ) ;
#1516 = DIRECTION ( 'NONE',  ( 1.000000000000000000, 0.0000000000000000000, 0.0000000000000000000 ) ) ;
#1517 = DIRECTION ( 'NONE',  ( -0.0000000000000000000, 0.0000000000000000000, 1.000000000000000000 ) ) ;
#1518 = CARTESIAN_POINT ( 'NONE',  ( 2.322310057011897700, 0.06731912968119628500, 0.1499888539503861400 ) ) ;
#1519 = B_SPLINE_CURVE_WITH_KNOTS ( 'NONE', 3,
 ( #1566, #1549, #1553, #1544 ),
 .UNSPECIFIED., .F., .F.,
 ( 4, 4 ),
 ( 0.0000000000000000000, 1.000000000000000000 ),
 .UNSPECIFIED. ) ;
#1520 = B_SPLINE_CURVE_WITH_KNOTS ( 'NONE', 3,
 ( #580, #586, #582, #570 ),
 .UNSPECIFIED., .F., .F.,
 ( 4, 4 ),
 ( 0.0000000000000000000, 1.000000000000000000 ),
 .UNSPECIFIED. ) ;
#1521 = UNCERTAINTY_MEASURE_WITH_UNIT (LENGTH_MEASURE( 1.000000000000000100E-005 ), #2208, 'distance_accuracy_value', 'NONE');
#1522 = UNCERTAINTY_MEASURE_WITH_UNIT (LENGTH_MEASURE( 1.000000000000000100E-005 ), #747, 'distance_accuracy_value', 'NONE');
#1523 = UNCERTAINTY_MEASURE_WITH_UNIT (LENGTH_MEASURE( 1.000000000000000100E-005 ), #741, 'distance_accuracy_value', 'NONE');
#1524 = UNCERTAINTY_MEASURE_WITH_UNIT (LENGTH_MEASURE( 1.000000000000000100E-005 ), #753, 'distance_accuracy_value', 'NONE');
#1525 = MANIFOLD_SOLID_BREP ( 'Cut-Extrude1', #1477 ) ;
#1526 = UNCERTAINTY_MEASURE_WITH_UNIT (LENGTH_MEASURE( 1.000000000000000100E-005 ), #856, 'distance_accuracy_value', 'NONE');
#1527 = UNCERTAINTY_MEASURE_WITH_UNIT (LENGTH_MEASURE( 1.000000000000000100E-005 ), #802, 'distance_accuracy_value', 'NONE');
#1528 = UNCERTAINTY_MEASURE_WITH_UNIT (LENGTH_MEASURE( 1.000000000000000100E-005 ), #855, 'distance_accuracy_value', 'NONE');
#1529 = DIRECTION ( 'NONE',  ( -0.0000000000000000000, 1.000000000000000000, 1.715124499442879700E-015 ) ) ;
#1530 = CARTESIAN_POINT ( 'NONE',  ( -3.240620068789041000, 2.105936331997303200, 6.115952591870915000 ) ) ;
#1531 = DIRECTION ( 'NONE',  ( 0.0000000000000000000, -1.000000000000000000, -1.715124499442879900E-015 ) ) ;
#1532 = CARTESIAN_POINT ( 'NONE',  ( -2.903457425509169200, 2.105936331997305000, 2.193408474587014800 ) ) ;
#1533 = DIRECTION ( 'NONE',  ( 0.0000000000000000000, 2.135044278125301700E-015, -1.000000000000000000 ) ) ;
#1534 = CARTESIAN_POINT ( 'NONE',  ( 1.977148495511700900, 2.120436819125291400, 0.1197911302342119500 ) ) ;
#1535 = DIRECTION ( 'NONE',  ( 0.9961946980917455500, 0.0000000000000000000, 0.08715574274765845700 ) ) ;
#1536 = DIRECTION ( 'NONE',  ( 1.489141219000823400E-016, 1.000000000000000000, 1.302829750517483100E-017 ) ) ;
#1537 = CARTESIAN_POINT ( 'NONE',  ( 1.688069026957994300, -0.5693445980708404800, 0.09449995387766427200 ) ) ;
#1538 = CARTESIAN_POINT ( 'NONE',  ( 2.761553769599689900, 2.120436819125291400, 0.1884176993268566700 ) ) ;
#1539 = DIRECTION ( 'NONE',  ( 0.0000000000000000000, 2.135044278125299400E-015, -1.000000000000000000 ) ) ;
#1540 = DIRECTION ( 'NONE',  ( -0.0000000000000000000, -0.0000000000000000000, -1.000000000000000000 ) ) ;
#1541 = CARTESIAN_POINT ( 'NONE',  ( -3.072038747149104000, 2.353967828060294000, 4.154680533228964900 ) ) ;
#1542 = CARTESIAN_POINT ( 'NONE',  ( -0.1732283464566928800, 3.038205597340712500, 0.0000000000000000000 ) ) ;
#1543 = CARTESIAN_POINT ( 'NONE',  ( -3.312682504871299100, 0.1505086006481332600, 0.0000000000000000000 ) ) ;
#1544 = CARTESIAN_POINT ( 'NONE',  ( 0.6036245425145183600, 0.8391381337232004500, 0.2486022913492303400 ) ) ;
#1545 = DIRECTION ( 'NONE',  ( 0.0000000000000000000, -2.135044278125299400E-015, 1.000000000000000000 ) ) ;
#1546 = DIRECTION ( 'NONE',  ( 0.08715574274765845700, -2.322295495842179000E-016, -0.9961946980917455500 ) ) ;
#1547 = DIRECTION ( 'NONE',  ( 0.0000000000000000000, -2.135044278125299400E-015, 1.000000000000000000 ) ) ;
#1548 = DIRECTION ( 'NONE',  ( 1.000000000000000000, 0.0000000000000000000, 0.0000000000000000000 ) ) ;
#1549 = CARTESIAN_POINT ( 'NONE',  ( 0.5949404331438884500, 0.8332735229960605000, 0.2480314960629920500 ) ) ;
#1550 = CARTESIAN_POINT ( 'NONE',  ( 1.955531126247517900, 2.120436819125291400, 0.3668787915719284900 ) ) ;
#1551 = CARTESIAN_POINT ( 'NONE',  ( -2.755905511811024100, 0.7072855937084054900, 0.2480314960629921300 ) ) ;
#1552 = DIRECTION ( 'NONE',  ( 0.0000000000000000000, 0.0000000000000000000, -1.000000000000000000 ) ) ;
#1553 = CARTESIAN_POINT ( 'NONE',  ( 0.5993036533905621300, 0.8361558830523151400, 0.2482242625345318100 ) ) ;
#1554 = DIRECTION ( 'NONE',  ( 0.7071067811865493500, -0.7071067811865455700, 0.0000000000000000000 ) ) ;
#1555 = CARTESIAN_POINT ( 'NONE',  ( 0.3147688010639259600, 1.562235544595732600, -0.02564824750565791000 ) ) ;
#1556 = DIRECTION ( 'NONE',  ( -0.08715574274765845700, 2.322295495842179000E-016, 0.9961946980917454300 ) ) ;
#1557 = DIRECTION ( 'NONE',  ( -0.08715574274765845700, 2.322295495842179000E-016, 0.9961946980917455500 ) ) ;
#1558 = DIRECTION ( 'NONE',  ( -0.0000000000000000000, 1.000000000000000000, 1.715124499442879900E-015 ) ) ;
#1559 = DIRECTION ( 'NONE',  ( -0.08715574274765845700, 2.322295495842179000E-016, 0.9961946980917454300 ) ) ;
#1560 = DIRECTION ( 'NONE',  ( 0.08715574274765845700, -2.322295495842179000E-016, -0.9961946980917455500 ) ) ;
#1561 = CARTESIAN_POINT ( 'NONE',  ( -1.574803149606299300, 1.168534757194157600, 0.0000000000000000000 ) ) ;
#1562 = DIRECTION ( 'NONE',  ( 0.0000000000000000000, 1.000000000000000000, 1.715124499442879900E-015 ) ) ;
#1563 = DIRECTION ( 'NONE',  ( 0.0000000000000000000, -1.000000000000000000, -0.0000000000000000000 ) ) ;
#1564 = DIRECTION ( 'NONE',  ( 0.9961946980917455500, 0.0000000000000000000, 0.08715574274765847100 ) ) ;
#1565 = CARTESIAN_POINT ( 'NONE',  ( -4.193606468568112300, 2.353967828060291400, 8.008595801889233800 ) ) ;
#1566 = CARTESIAN_POINT ( 'NONE',  ( 0.5905511811023641500, 0.8304910535544348700, 0.2480314960629921300 ) ) ;
#1567 = ORIENTED_EDGE ( 'NONE', *, *, #1674, .T. ) ;
#1568 = ORIENTED_EDGE ( 'NONE', *, *, #1724, .F. ) ;
#1569 = ORIENTED_EDGE ( 'NONE', *, *, #1745, .T. ) ;
#1570 = ORIENTED_EDGE ( 'NONE', *, *, #1771, .T. ) ;
#1571 = ORIENTED_EDGE ( 'NONE', *, *, #1694, .F. ) ;
#1572 = ORIENTED_EDGE ( 'NONE', *, *, #1727, .T. ) ;
#1573 = ORIENTED_EDGE ( 'NONE', *, *, #1697, .T. ) ;
#1574 = ORIENTED_EDGE ( 'NONE', *, *, #1751, .F. ) ;
#1575 = ORIENTED_EDGE ( 'NONE', *, *, #1806, .T. ) ;
#1576 = ORIENTED_EDGE ( 'NONE', *, *, #1724, .T. ) ;
#1577 = ORIENTED_EDGE ( 'NONE', *, *, #1759, .T. ) ;
#1578 = ORIENTED_EDGE ( 'NONE', *, *, #1765, .T. ) ;
#1579 = AXIS2_PLACEMENT_3D ( 'NONE', #2525, #2543, #2551 ) ;
#1580 = PRODUCT_DEFINITION ( 'UNKNOWN', '', #1581, #2399 ) ;
#1581 = PRODUCT_DEFINITION_FORMATION_WITH_SPECIFIED_SOURCE ( 'ANY', '', #1944, .NOT_KNOWN. ) ;
#1582 = PRODUCT_RELATED_PRODUCT_CATEGORY ( 'part', '', ( #1944 ) ) ;
#1583 = ORIENTED_EDGE ( 'NONE', *, *, #1743, .T. ) ;
#1584 = ORIENTED_EDGE ( 'NONE', *, *, #1672, .T. ) ;
#1585 = ORIENTED_EDGE ( 'NONE', *, *, #1691, .T. ) ;
#1586 = ORIENTED_EDGE ( 'NONE', *, *, #1825, .T. ) ;
#1587 = ORIENTED_EDGE ( 'NONE', *, *, #1731, .T. ) ;
#1588 = ORIENTED_EDGE ( 'NONE', *, *, #1659, .F. ) ;
#1589 = ORIENTED_EDGE ( 'NONE', *, *, #1755, .T. ) ;
#1590 = ORIENTED_EDGE ( 'NONE', *, *, #1666, .F. ) ;
#1591 = ORIENTED_EDGE ( 'NONE', *, *, #1648, .F. ) ;
#1592 = ORIENTED_EDGE ( 'NONE', *, *, #1838, .F. ) ;
#1593 = ORIENTED_EDGE ( 'NONE', *, *, #1687, .T. ) ;
#1594 = ORIENTED_EDGE ( 'NONE', *, *, #1740, .T. ) ;
#1595 = ORIENTED_EDGE ( 'NONE', *, *, #1759, .F. ) ;
#1596 = ORIENTED_EDGE ( 'NONE', *, *, #1757, .F. ) ;
#1597 = ORIENTED_EDGE ( 'NONE', *, *, #1768, .T. ) ;
#1598 = ORIENTED_EDGE ( 'NONE', *, *, #1838, .T. ) ;
#1599 = ORIENTED_EDGE ( 'NONE', *, *, #1726, .T. ) ;
#1600 = ORIENTED_EDGE ( 'NONE', *, *, #1744, .F. ) ;
#1601 = ORIENTED_EDGE ( 'NONE', *, *, #1689, .T. ) ;
#1602 = ORIENTED_EDGE ( 'NONE', *, *, #1778, .F. ) ;
#1603 = ORIENTED_EDGE ( 'NONE', *, *, #1750, .F. ) ;
#1604 = ORIENTED_EDGE ( 'NONE', *, *, #1730, .F. ) ;
#1605 = ORIENTED_EDGE ( 'NONE', *, *, #1700, .T. ) ;
#1606 = ORIENTED_EDGE ( 'NONE', *, *, #1731, .F. ) ;
#1607 = ORIENTED_EDGE ( 'NONE', *, *, #1839, .T. ) ;
#1608 = ORIENTED_EDGE ( 'NONE', *, *, #1782, .T. ) ;
#1609 = ORIENTED_EDGE ( 'NONE', *, *, #1768, .F. ) ;
#1610 = ORIENTED_EDGE ( 'NONE', *, *, #1825, .F. ) ;
#1611 = ORIENTED_EDGE ( 'NONE', *, *, #1763, .F. ) ;
#1612 = ORIENTED_EDGE ( 'NONE', *, *, #1679, .T. ) ;
#1613 = DIRECTION ( 'NONE',  ( 0.0000000000000000000, -2.135044278125301700E-015, 1.000000000000000000 ) ) ;
#1614 = DIRECTION ( 'NONE',  ( 1.000000000000000000, -2.745358616778329900E-015, 0.0000000000000000000 ) ) ;
#1615 = DIRECTION ( 'NONE',  ( 0.0000000000000000000, 1.000000000000000000, 1.715124499442879900E-015 ) ) ;
#1616 = DIRECTION ( 'NONE',  ( -2.664535259100380000E-015, -1.000000000000000000, 0.0000000000000000000 ) ) ;
#1617 = DIRECTION ( 'NONE',  ( 0.0000000000000000000, 1.000000000000000000, 1.715124499442879900E-015 ) ) ;
#1618 = DIRECTION ( 'NONE',  ( 0.08715574274765845700, -2.322295495842179000E-016, -0.9961946980917455500 ) ) ;
#1619 = DIRECTION ( 'NONE',  ( 0.9961946980917454300, 0.0000000000000000000, 0.08715574274765840200 ) ) ;
#1620 = DIRECTION ( 'NONE',  ( -1.000000000000000000, 0.0000000000000000000, 0.0000000000000000000 ) ) ;
#1621 = CARTESIAN_POINT ( 'NONE',  ( 0.6252419117786945900, -0.01256760501056446200, 0.001514630011513585800 ) ) ;
#1622 = CARTESIAN_POINT ( 'NONE',  ( -3.543307086614173600, 0.7072855937084054900, 0.0000000000000000000 ) ) ;
#1623 = DIRECTION ( 'NONE',  ( -2.664535259100380000E-015, -1.000000000000000000, 0.0000000000000000000 ) ) ;
#1624 = DIRECTION ( 'NONE',  ( 0.0000000000000000000, 0.0000000000000000000, -1.000000000000000000 ) ) ;
#1625 = CARTESIAN_POINT ( 'NONE',  ( 0.5905511811023640400, -0.7999691798137162900, 0.3980314960629921000 ) ) ;
#1626 = CARTESIAN_POINT ( 'NONE',  ( -0.5487822063341810700, 0.7748339697925826800, 0.0000000000000000000 ) ) ;
#1627 = CARTESIAN_POINT ( 'NONE',  ( -0.6141732283464567100, -0.2330400459554472500, 0.0000000000000000000 ) ) ;
#1628 = CARTESIAN_POINT ( 'NONE',  ( -2.903457425509169200, 2.353967828060297100, 2.193408474587015300 ) ) ;
#1629 = CARTESIAN_POINT ( 'NONE',  ( -1.574803149606299300, 0.7748339697925826800, 0.0000000000000000000 ) ) ;
#1630 = DIRECTION ( 'NONE',  ( 0.0000000000000000000, 0.0000000000000000000, 1.000000000000000000 ) ) ;
#1631 = CARTESIAN_POINT ( 'NONE',  ( 0.5905511811023622700, 3.038205597340712500, 0.2480314960629921300 ) ) ;
#1632 = DIRECTION ( 'NONE',  ( -0.0000000000000000000, -0.0000000000000000000, -1.000000000000000000 ) ) ;
#1633 = CARTESIAN_POINT ( 'NONE',  ( 1.977148495511700900, 2.120436819125291400, 0.1197911302342120600 ) ) ;
#1634 = DIRECTION ( 'NONE',  ( -0.0000000000000000000, 1.000000000000000000, 0.0000000000000000000 ) ) ;
#1635 = CARTESIAN_POINT ( 'NONE',  ( -0.1732283464566929400, 0.2079048359343165500, 0.2480314960629921300 ) ) ;
#1636 = DIRECTION ( 'NONE',  ( -1.000000000000000000, -0.0000000000000000000, 0.0000000000000000000 ) ) ;
#1637 = DIRECTION ( 'NONE',  ( 3.965082230804130700E-016, 1.000000000000000000, -0.0000000000000000000 ) ) ;
#1638 = PRESENTATION_LAYER_ASSIGNMENT (  '', '', ( #1281 ) ) ;
#1639 = MECHANICAL_DESIGN_GEOMETRIC_PRESENTATION_REPRESENTATION (  '', ( #1281 ), #1278 ) ;
#1640 = AXIS2_PLACEMENT_3D ( 'NONE', #1014, #990, #1023 ) ;
#1641 = PRESENTATION_LAYER_ASSIGNMENT (  '', '', ( #1253 ) ) ;
#1642 = AXIS2_PLACEMENT_3D ( 'NONE', #1005, #985, #1025 ) ;
#1643 = MECHANICAL_DESIGN_GEOMETRIC_PRESENTATION_REPRESENTATION (  '', ( #1253 ), #1284 ) ;
#1644 = AXIS2_PLACEMENT_3D ( 'NONE', #1001, #1018, #1024 ) ;
#1645 = EDGE_CURVE ( 'NONE', #2111, #2131, #177, .T. ) ;
#1646 = PRESENTATION_LAYER_ASSIGNMENT (  '', '', ( #153 ) ) ;
#1647 = MECHANICAL_DESIGN_GEOMETRIC_PRESENTATION_REPRESENTATION (  '', ( #153 ), #167 ) ;
#1648 = EDGE_CURVE ( 'NONE', #2117, #2127, #168, .T. ) ;
#1649 = EDGE_CURVE ( 'NONE', #2155, #2113, #186, .T. ) ;
#1650 = EDGE_CURVE ( 'NONE', #2113, #2110, #174, .T. ) ;
#1651 = EDGE_CURVE ( 'NONE', #2108, #2124, #187, .T. ) ;
#1652 = PRESENTATION_LAYER_ASSIGNMENT (  '', '', ( #1285 ) ) ;
#1653 = EDGE_CURVE ( 'NONE', #2109, #2105, #179, .T. ) ;
#1654 = MECHANICAL_DESIGN_GEOMETRIC_PRESENTATION_REPRESENTATION (  '', ( #1285 ), #1266 ) ;
#1655 = EDGE_CURVE ( 'NONE', #2131, #2161, #164, .T. ) ;
#1656 = EDGE_CURVE ( 'NONE', #2125, #2132, #162, .T. ) ;
#1657 = EDGE_CURVE ( 'NONE', #2144, #2157, #191, .T. ) ;
#1658 = EDGE_CURVE ( 'NONE', #2150, #2166, #218, .T. ) ;
#1659 = EDGE_CURVE ( 'NONE', #2130, #2160, #154, .T. ) ;
#1660 = EDGE_CURVE ( 'NONE', #2124, #2108, #220, .T. ) ;
#1661 = EDGE_CURVE ( 'NONE', #2157, #2137, #222, .T. ) ;
#1662 = EDGE_CURVE ( 'NONE', #2137, #2170, #204, .T. ) ;
#1663 = EDGE_CURVE ( 'NONE', #2118, #2115, #225, .T. ) ;
#1664 = EDGE_CURVE ( 'NONE', #2146, #2135, #166, .T. ) ;
#1665 = EDGE_CURVE ( 'NONE', #2125, #2136, #194, .T. ) ;
#1666 = EDGE_CURVE ( 'NONE', #2129, #2149, #224, .T. ) ;
#1667 = EDGE_CURVE ( 'NONE', #2116, #2126, #226, .T. ) ;
#1668 = EDGE_CURVE ( 'NONE', #2136, #2141, #219, .T. ) ;
#1669 = EDGE_CURVE ( 'NONE', #2147, #2112, #197, .T. ) ;
#1670 = EDGE_CURVE ( 'NONE', #2163, #2172, #198, .T. ) ;
#1671 = EDGE_CURVE ( 'NONE', #2138, #2143, #193, .T. ) ;
#1672 = EDGE_CURVE ( 'NONE', #2120, #2142, #199, .T. ) ;
#1673 = EDGE_CURVE ( 'NONE', #2161, #2131, #231, .T. ) ;
#1674 = EDGE_CURVE ( 'NONE', #2140, #2154, #233, .T. ) ;
#1675 = EDGE_CURVE ( 'NONE', #2115, #2119, #234, .T. ) ;
#1676 = EDGE_CURVE ( 'NONE', #2114, #2137, #230, .T. ) ;
#1677 = EDGE_CURVE ( 'NONE', #2191, #2166, #201, .T. ) ;
#1678 = EDGE_CURVE ( 'NONE', #2172, #2191, #240, .T. ) ;
#1679 = EDGE_CURVE ( 'NONE', #2145, #2140, #202, .T. ) ;
#1680 = EDGE_CURVE ( 'NONE', #2157, #2139, #200, .T. ) ;
#1681 = EDGE_CURVE ( 'NONE', #2119, #2151, #239, .T. ) ;
#1682 = EDGE_CURVE ( 'NONE', #2111, #2104, #206, .T. ) ;
#1683 = EDGE_CURVE ( 'NONE', #2123, #2117, #207, .T. ) ;
#1684 = EDGE_CURVE ( 'NONE', #2114, #2176, #210, .T. ) ;
#1685 = EDGE_CURVE ( 'NONE', #2104, #2161, #235, .T. ) ;
#1686 = EDGE_CURVE ( 'NONE', #2126, #2160, #203, .T. ) ;
#1687 = EDGE_CURVE ( 'NONE', #2123, #2148, #208, .T. ) ;
#1688 = EDGE_CURVE ( 'NONE', #2116, #2130, #195, .T. ) ;
#1689 = EDGE_CURVE ( 'NONE', #2130, #2116, #241, .T. ) ;
#1690 = EDGE_CURVE ( 'NONE', #2112, #2147, #275, .T. ) ;
#1691 = EDGE_CURVE ( 'NONE', #2121, #2149, #237, .T. ) ;
#1692 = EDGE_CURVE ( 'NONE', #2133, #2135, #205, .T. ) ;
#1693 = EDGE_CURVE ( 'NONE', #2158, #2133, #238, .T. ) ;
#1694 = EDGE_CURVE ( 'NONE', #2153, #2129, #252, .T. ) ;
#1695 = EDGE_CURVE ( 'NONE', #2108, #2105, #229, .T. ) ;
#1696 = EDGE_CURVE ( 'NONE', #2120, #2152, #245, .T. ) ;
#1697 = EDGE_CURVE ( 'NONE', #2142, #2156, #253, .T. ) ;
#1698 = EDGE_CURVE ( 'NONE', #2104, #2111, #272, .T. ) ;
#1699 = EDGE_CURVE ( 'NONE', #2139, #2184, #264, .T. ) ;
#1700 = EDGE_CURVE ( 'NONE', #2152, #2145, #256, .T. ) ;
#1701 = EDGE_CURVE ( 'NONE', #2145, #2133, #246, .T. ) ;
#1702 = EDGE_CURVE ( 'NONE', #2103, #2155, #247, .T. ) ;
#1703 = EDGE_CURVE ( 'NONE', #2151, #2119, #257, .T. ) ;
#1704 = EDGE_CURVE ( 'NONE', #2147, #2128, #270, .T. ) ;
#1705 = EDGE_CURVE ( 'NONE', #2103, #2110, #286, .T. ) ;
#1706 = EDGE_CURVE ( 'NONE', #2112, #2122, #259, .T. ) ;
#1707 = EDGE_CURVE ( 'NONE', #2118, #2151, #280, .T. ) ;
#1708 = EDGE_CURVE ( 'NONE', #2105, #2109, #281, .T. ) ;
#1709 = EDGE_CURVE ( 'NONE', #2149, #2129, #278, .T. ) ;
#1710 = EDGE_CURVE ( 'NONE', #2134, #2125, #248, .T. ) ;
#1711 = EDGE_CURVE ( 'NONE', #2121, #2153, #249, .T. ) ;
#1712 = EDGE_CURVE ( 'NONE', #2184, #2138, #265, .T. ) ;
#1713 = EDGE_CURVE ( 'NONE', #2124, #2109, #288, .T. ) ;
#1714 = EDGE_CURVE ( 'NONE', #2155, #2103, #260, .T. ) ;
#1715 = EDGE_CURVE ( 'NONE', #2150, #2134, #254, .T. ) ;
#1716 = EDGE_CURVE ( 'NONE', #2132, #2150, #289, .T. ) ;
#1717 = EDGE_CURVE ( 'NONE', #2148, #2127, #266, .T. ) ;
#1718 = EDGE_CURVE ( 'NONE', #2122, #2128, #268, .T. ) ;
#1719 = EDGE_CURVE ( 'NONE', #2173, #2198, #262, .T. ) ;
#1720 = EDGE_CURVE ( 'NONE', #2199, #2190, #282, .T. ) ;
#1721 = EDGE_CURVE ( 'NONE', #2163, #2176, #273, .T. ) ;
#1722 = EDGE_CURVE ( 'NONE', #2184, #2144, #271, .T. ) ;
#1723 = EDGE_CURVE ( 'NONE', #2152, #2154, #258, .T. ) ;
#1724 = EDGE_CURVE ( 'NONE', #2205, #2183, #295, .T. ) ;
#1725 = EDGE_CURVE ( 'NONE', #2181, #2114, #1519, .T. ) ;
#1726 = EDGE_CURVE ( 'NONE', #2179, #2207, #296, .T. ) ;
#1727 = EDGE_CURVE ( 'NONE', #2207, #2169, #297, .T. ) ;
#1728 = EDGE_CURVE ( 'NONE', #2170, #2181, #302, .T. ) ;
#1729 = EDGE_CURVE ( 'NONE', #2176, #2167, #283, .T. ) ;
#1730 = EDGE_CURVE ( 'NONE', #2194, #2173, #274, .T. ) ;
#1731 = EDGE_CURVE ( 'NONE', #2192, #2200, #292, .T. ) ;
#1732 = EDGE_CURVE ( 'NONE', #2164, #2195, #293, .T. ) ;
#1733 = EDGE_CURVE ( 'NONE', #2173, #2180, #319, .T. ) ;
#1734 = EDGE_CURVE ( 'NONE', #2189, #2167, #339, .T. ) ;
#1735 = EDGE_CURVE ( 'NONE', #2110, #2113, #333, .T. ) ;
#1736 = EDGE_CURVE ( 'NONE', #2115, #2118, #340, .T. ) ;
#1737 = EDGE_CURVE ( 'NONE', #2159, #2158, #335, .T. ) ;
#1738 = EDGE_CURVE ( 'NONE', #2180, #2193, #336, .T. ) ;
#1739 = EDGE_CURVE ( 'NONE', #2143, #2132, #314, .T. ) ;
#1740 = EDGE_CURVE ( 'NONE', #2117, #2123, #324, .T. ) ;
#1741 = EDGE_CURVE ( 'NONE', #2160, #2126, #298, .T. ) ;
#1742 = EDGE_CURVE ( 'NONE', #2193, #2198, #338, .T. ) ;
#1743 = EDGE_CURVE ( 'NONE', #2187, #2205, #316, .T. ) ;
#1744 = EDGE_CURVE ( 'NONE', #2198, #2174, #325, .T. ) ;
#1745 = EDGE_CURVE ( 'NONE', #2177, #2146, #327, .T. ) ;
#1746 = EDGE_CURVE ( 'NONE', #2156, #2159, #305, .T. ) ;
#1747 = EDGE_CURVE ( 'NONE', #2200, #2187, #341, .T. ) ;
#1748 = EDGE_CURVE ( 'NONE', #2141, #2144, #322, .T. ) ;
#1749 = EDGE_CURVE ( 'NONE', #2205, #2195, #309, .T. ) ;
#1750 = EDGE_CURVE ( 'NONE', #2178, #2187, #323, .T. ) ;
#1751 = EDGE_CURVE ( 'NONE', #2168, #2156, #332, .T. ) ;
#1752 = EDGE_CURVE ( 'NONE', #2141, #2138, #334, .T. ) ;
#1753 = EDGE_CURVE ( 'NONE', #2158, #2140, #328, .T. ) ;
#1754 = EDGE_CURVE ( 'NONE', #2191, #2134, #291, .T. ) ;
#1755 = EDGE_CURVE ( 'NONE', #2153, #2121, #371, .T. ) ;
#1756 = EDGE_CURVE ( 'NONE', #2128, #2122, #352, .T. ) ;
#1757 = EDGE_CURVE ( 'NONE', #2127, #2148, #379, .T. ) ;
#1758 = EDGE_CURVE ( 'NONE', #2180, #2196, #312, .T. ) ;
#1759 = EDGE_CURVE ( 'NONE', #2164, #2183, #377, .T. ) ;
#1760 = EDGE_CURVE ( 'NONE', #2136, #2143, #331, .T. ) ;
#1761 = EDGE_CURVE ( 'NONE', #2182, #2177, #367, .T. ) ;
#1762 = EDGE_CURVE ( 'NONE', #2197, #2181, #393, .T. ) ;
#1763 = EDGE_CURVE ( 'NONE', #2183, #2200, #386, .T. ) ;
#1764 = EDGE_CURVE ( 'NONE', #2172, #2114, #383, .T. ) ;
#1765 = EDGE_CURVE ( 'NONE', #2146, #2120, #313, .T. ) ;
#1766 = EDGE_CURVE ( 'NONE', #2197, #2176, #1520, .T. ) ;
#1767 = EDGE_CURVE ( 'NONE', #2166, #2163, #382, .T. ) ;
#1768 = EDGE_CURVE ( 'NONE', #2169, #2199, #348, .T. ) ;
#1769 = EDGE_CURVE ( 'NONE', #2135, #2182, #361, .T. ) ;
#1770 = EDGE_CURVE ( 'NONE', #2154, #2142, #345, .T. ) ;
#1771 = EDGE_CURVE ( 'NONE', #2171, #2185, #344, .T. ) ;
#1772 = EDGE_CURVE ( 'NONE', #2162, #2189, #346, .T. ) ;
#1773 = EDGE_CURVE ( 'NONE', #2189, #2197, #372, .T. ) ;
#1774 = EDGE_CURVE ( 'NONE', #2159, #2174, #354, .T. ) ;
#1775 = EDGE_CURVE ( 'NONE', #2197, #2194, #347, .T. ) ;
#1776 = EDGE_CURVE ( 'NONE', #2168, #2169, #387, .T. ) ;
#1777 = EDGE_CURVE ( 'NONE', #2195, #2178, #394, .T. ) ;
#1778 = EDGE_CURVE ( 'NONE', #2174, #2168, #363, .T. ) ;
#1779 = EDGE_CURVE ( 'NONE', #2181, #2196, #350, .T. ) ;
#1780 = EDGE_CURVE ( 'NONE', #2167, #2139, #370, .T. ) ;
#1781 = EDGE_CURVE ( 'NONE', #2162, #2171, #366, .T. ) ;
#1782 = EDGE_CURVE ( 'NONE', #2178, #2192, #360, .T. ) ;
#1783 = EDGE_CURVE ( 'NONE', #2182, #2193, #349, .T. ) ;
#1784 = AXIS2_PLACEMENT_3D ( 'NONE', #2001, #2013, #2003 ) ;
#1785 = AXIS2_PLACEMENT_3D ( 'NONE', #2027, #2029, #2050 ) ;
#1786 = AXIS2_PLACEMENT_3D ( 'NONE', #1625, #1616, #1614 ) ;
#1787 = AXIS2_PLACEMENT_3D ( 'NONE', #1633, #1618, #1619 ) ;
#1788 = AXIS2_PLACEMENT_3D ( 'NONE', #2041, #2030, #2045 ) ;
#1789 = AXIS2_PLACEMENT_3D ( 'NONE', #2089, #2075, #2087 ) ;
#1790 = AXIS2_PLACEMENT_3D ( 'NONE', #1979, #1945, #1968 ) ;
#1791 = AXIS2_PLACEMENT_3D ( 'NONE', #1926, #1935, #1938 ) ;
#1792 = AXIS2_PLACEMENT_3D ( 'NONE', #1532, #1531, #1533 ) ;
#1793 = AXIS2_PLACEMENT_3D ( 'NONE', #1995, #1993, #1990 ) ;
#1794 = AXIS2_PLACEMENT_3D ( 'NONE', #2055, #2061, #2069 ) ;
#1795 = AXIS2_PLACEMENT_3D ( 'NONE', #2063, #2064, #2066 ) ;
#1796 = AXIS2_PLACEMENT_3D ( 'NONE', #1504, #1516, #1507 ) ;
#1797 = AXIS2_PLACEMENT_3D ( 'NONE', #1940, #1934, #1941 ) ;
#1798 = AXIS2_PLACEMENT_3D ( 'NONE', #1039, #1038, #993 ) ;
#1799 = AXIS2_PLACEMENT_3D ( 'NONE', #1958, #1946, #1978 ) ;
#1800 = AXIS2_PLACEMENT_3D ( 'NONE', #1953, #1971, #1972 ) ;
#1801 = AXIS2_PLACEMENT_3D ( 'NONE', #1961, #1963, #1962 ) ;
#1802 = AXIS2_PLACEMENT_3D ( 'NONE', #2022, #2037, #2026 ) ;
#1803 = AXIS2_PLACEMENT_3D ( 'NONE', #2065, #2079, #2082 ) ;
#1804 = AXIS2_PLACEMENT_3D ( 'NONE', #1541, #1562, #1545 ) ;
#1805 = AXIS2_PLACEMENT_3D ( 'NONE', #1928, #1918, #1919 ) ;
#1806 = EDGE_CURVE ( 'NONE', #2190, #2162, #381, .T. ) ;
#1807 = AXIS2_PLACEMENT_3D ( 'NONE', #1939, #1933, #1943 ) ;
#1808 = AXIS2_PLACEMENT_3D ( 'NONE', #1550, #1560, #2078 ) ;
#1809 = EDGE_CURVE ( 'NONE', #2207, #2177, #397, .T. ) ;
#1810 = AXIS2_PLACEMENT_3D ( 'NONE', #2024, #2040, #2025 ) ;
#1811 = AXIS2_PLACEMENT_3D ( 'NONE', #1530, #1558, #1539 ) ;
#1812 = AXIS2_PLACEMENT_3D ( 'NONE', #1923, #1930, #1924 ) ;
#1813 = AXIS2_PLACEMENT_3D ( 'NONE', #572, #571, #579 ) ;
#1814 = AXIS2_PLACEMENT_3D ( 'NONE', #578, #568, #554 ) ;
#1815 = AXIS2_PLACEMENT_3D ( 'NONE', #2042, #2018, #2019 ) ;
#1816 = AXIS2_PLACEMENT_3D ( 'NONE', #2095, #2062, #2070 ) ;
#1817 = AXIS2_PLACEMENT_3D ( 'NONE', #1561, #1540, #1548 ) ;
#1818 = EDGE_CURVE ( 'NONE', #2185, #2179, #343, .T. ) ;
#1819 = AXIS2_PLACEMENT_3D ( 'NONE', #1976, #1954, #1949 ) ;
#1820 = AXIS2_PLACEMENT_3D ( 'NONE', #2067, #2072, #2074 ) ;
#1821 = AXIS2_PLACEMENT_3D ( 'NONE', #1551, #1552, #1620 ) ;
#1822 = AXIS2_PLACEMENT_3D ( 'NONE', #1981, #1959, #1969 ) ;
#1823 = AXIS2_PLACEMENT_3D ( 'NONE', #2005, #2012, #2006 ) ;
#1824 = AXIS2_PLACEMENT_3D ( 'NONE', #1555, #1546, #1535 ) ;
#1825 = EDGE_CURVE ( 'NONE', #2185, #2190, #378, .T. ) ;
#1826 = AXIS2_PLACEMENT_3D ( 'NONE', #1951, #1948, #1970 ) ;
#1827 = EDGE_CURVE ( 'NONE', #2196, #2194, #365, .T. ) ;
#1828 = AXIS2_PLACEMENT_3D ( 'NONE', #1967, #1957, #1985 ) ;
#1829 = AXIS2_PLACEMENT_3D ( 'NONE', #1997, #1998, #2002 ) ;
#1830 = AXIS2_PLACEMENT_3D ( 'NONE', #1994, #1996, #1989 ) ;
#1831 = AXIS2_PLACEMENT_3D ( 'NONE', #2039, #2015, #2036 ) ;
#1832 = AXIS2_PLACEMENT_3D ( 'NONE', #2099, #1615, #1547 ) ;
#1833 = AXIS2_PLACEMENT_3D ( 'NONE', #1628, #1617, #1613 ) ;
#1834 = AXIS2_PLACEMENT_3D ( 'NONE', #567, #588, #575 ) ;
#1835 = AXIS2_PLACEMENT_3D ( 'NONE', #581, #583, #592 ) ;
#1836 = AXIS2_PLACEMENT_3D ( 'NONE', #2083, #2073, #2086 ) ;
#1837 = AXIS2_PLACEMENT_3D ( 'NONE', #2008, #2033, #2023 ) ;
#1838 = EDGE_CURVE ( 'NONE', #2179, #2199, #395, .T. ) ;
#1839 = EDGE_CURVE ( 'NONE', #2192, #2164, #407, .T. ) ;
#1840 = EDGE_CURVE ( 'NONE', #2170, #2171, #408, .T. ) ;
#1841 = AXIS2_PLACEMENT_3D ( 'NONE', #1965, #1973, #1966 ) ;
#1842 = AXIS2_PLACEMENT_3D ( 'NONE', #1947, #1974, #1982 ) ;
#1843 = AXIS2_PLACEMENT_3D ( 'NONE', #2097, #2085, #2056 ) ;
#1844 = AXIS2_PLACEMENT_3D ( 'NONE', #2093, #2081, #2076 ) ;
#1845 = AXIS2_PLACEMENT_3D ( 'NONE', #1534, #1557, #1564 ) ;
#1846 = PRESENTATION_LAYER_ASSIGNMENT (  '', '', ( #1193 ) ) ;
#1847 = MECHANICAL_DESIGN_GEOMETRIC_PRESENTATION_REPRESENTATION (  '', ( #461 ), #467 ) ;
#1848 = AXIS2_PLACEMENT_3D ( 'NONE', #587, #561, #564 ) ;
#1849 = PRESENTATION_LAYER_ASSIGNMENT (  '', '', ( #450 ) ) ;
#1850 = AXIS2_PLACEMENT_3D ( 'NONE', #550, #626, #624 ) ;
#1851 = AXIS2_PLACEMENT_3D ( 'NONE', #785, #780, #779 ) ;
#1852 = AXIS2_PLACEMENT_3D ( 'NONE', #859, #841, #860 ) ;
#1853 = AXIS2_PLACEMENT_3D ( 'NONE', #897, #883, #877 ) ;
#1854 = MECHANICAL_DESIGN_GEOMETRIC_PRESENTATION_REPRESENTATION (  '', ( #441 ), #459 ) ;
#1855 = AXIS2_PLACEMENT_3D ( 'NONE', #715, #722, #729 ) ;
#1856 = AXIS2_PLACEMENT_3D ( 'NONE', #790, #808, #793 ) ;
#1857 = AXIS2_PLACEMENT_3D ( 'NONE', #816, #777, #766 ) ;
#1858 = PRESENTATION_LAYER_ASSIGNMENT (  '', '', ( #461 ) ) ;
#1859 = AXIS2_PLACEMENT_3D ( 'NONE', #795, #784, #767 ) ;
#1860 = MECHANICAL_DESIGN_GEOMETRIC_PRESENTATION_REPRESENTATION (  '', ( #84 ), #1209 ) ;
#1861 = MECHANICAL_DESIGN_GEOMETRIC_PRESENTATION_REPRESENTATION (  '', ( #79 ), #71 ) ;
#1862 = MECHANICAL_DESIGN_GEOMETRIC_PRESENTATION_REPRESENTATION (  '', ( #401 ), #447 ) ;
#1863 = MECHANICAL_DESIGN_GEOMETRIC_PRESENTATION_REPRESENTATION (  '', ( #1193 ), #1202 ) ;
#1864 = PRESENTATION_LAYER_ASSIGNMENT (  '', '', ( #67 ) ) ;
#1865 = PRESENTATION_LAYER_ASSIGNMENT (  '', '', ( #1208 ) ) ;
#1866 = PRESENTATION_LAYER_ASSIGNMENT (  '', '', ( #1218 ) ) ;
#1867 = AXIS2_PLACEMENT_3D ( 'NONE', #872, #876, #898 ) ;
#1868 = AXIS2_PLACEMENT_3D ( 'NONE', #903, #878, #881 ) ;
#1869 = MECHANICAL_DESIGN_GEOMETRIC_PRESENTATION_REPRESENTATION (  '', ( #1218 ), #1235 ) ;
#1870 = AXIS2_PLACEMENT_3D ( 'NONE', #975, #950, #931 ) ;
#1871 = PRESENTATION_LAYER_ASSIGNMENT (  '', '', ( #1227 ) ) ;
#1872 = MECHANICAL_DESIGN_GEOMETRIC_PRESENTATION_REPRESENTATION (  '', ( #1227 ), #1223 ) ;
#1873 = AXIS2_PLACEMENT_3D ( 'NONE', #775, #770, #813 ) ;
#1874 = AXIS2_PLACEMENT_3D ( 'NONE', #844, #861, #858 ) ;
#1875 = PRESENTATION_LAYER_ASSIGNMENT (  '', '', ( #494 ) ) ;
#1876 = AXIS2_PLACEMENT_3D ( 'NONE', #756, #755, #745 ) ;
#1877 = MECHANICAL_DESIGN_GEOMETRIC_PRESENTATION_REPRESENTATION (  '', ( #1212 ), #1214 ) ;
#1878 = AXIS2_PLACEMENT_3D ( 'NONE', #728, #754, #721 ) ;
#1879 = AXIS2_PLACEMENT_3D ( 'NONE', #852, #824, #823 ) ;
#1880 = AXIS2_PLACEMENT_3D ( 'NONE', #773, #794, #845 ) ;
#1881 = MECHANICAL_DESIGN_GEOMETRIC_PRESENTATION_REPRESENTATION (  '', ( #403 ), #417 ) ;
#1882 = MECHANICAL_DESIGN_GEOMETRIC_PRESENTATION_REPRESENTATION (  '', ( #460 ), #468 ) ;
#1883 = MECHANICAL_DESIGN_GEOMETRIC_PRESENTATION_REPRESENTATION (  '', ( #67 ), #74 ) ;
#1884 = MECHANICAL_DESIGN_GEOMETRIC_PRESENTATION_REPRESENTATION (  '', ( #474 ), #481 ) ;
#1885 = MECHANICAL_DESIGN_GEOMETRIC_PRESENTATION_REPRESENTATION (  '', ( #434 ), #436 ) ;
#1886 = AXIS2_PLACEMENT_3D ( 'NONE', #915, #925, #885 ) ;
#1887 = PRESENTATION_LAYER_ASSIGNMENT (  '', '', ( #1225 ) ) ;
#1888 = MECHANICAL_DESIGN_GEOMETRIC_PRESENTATION_REPRESENTATION (  '', ( #1225 ), #1251 ) ;
#1889 = PRESENTATION_LAYER_ASSIGNMENT (  '', '', ( #1212 ) ) ;
#1890 = MECHANICAL_DESIGN_GEOMETRIC_PRESENTATION_REPRESENTATION (  '', ( #1208 ), #1219 ) ;
#1891 = MECHANICAL_DESIGN_GEOMETRIC_PRESENTATION_REPRESENTATION (  '', ( #450 ), #442 ) ;
#1892 = AXIS2_PLACEMENT_3D ( 'NONE', #603, #595, #610 ) ;
#1893 = MECHANICAL_DESIGN_GEOMETRIC_PRESENTATION_REPRESENTATION (  '', ( #494 ), #69 ) ;
#1894 = PRESENTATION_LAYER_ASSIGNMENT (  '', '', ( #403 ) ) ;
#1895 = AXIS2_PLACEMENT_3D ( 'NONE', #639, #599, #630 ) ;
#1896 = PRESENTATION_LAYER_ASSIGNMENT (  '', '', ( #477 ) ) ;
#1897 = PRESENTATION_LAYER_ASSIGNMENT (  '', '', ( #401 ) ) ;
#1898 = PRESENTATION_LAYER_ASSIGNMENT (  '', '', ( #460 ) ) ;
#1899 = MECHANICAL_DESIGN_GEOMETRIC_PRESENTATION_REPRESENTATION (  '', ( #477 ), #491 ) ;
#1900 = MECHANICAL_DESIGN_GEOMETRIC_PRESENTATION_REPRESENTATION (  '', ( #422 ), #399 ) ;
#1901 = PRESENTATION_LAYER_ASSIGNMENT (  '', '', ( #79 ) ) ;
#1902 = PRESENTATION_LAYER_ASSIGNMENT (  '', '', ( #441 ) ) ;
#1903 = PRESENTATION_LAYER_ASSIGNMENT (  '', '', ( #474 ) ) ;
#1904 = PRESENTATION_LAYER_ASSIGNMENT (  '', '', ( #422 ) ) ;
#1905 = PRESENTATION_LAYER_ASSIGNMENT (  '', '', ( #434 ) ) ;
#1906 = AXIS2_PLACEMENT_3D ( 'NONE', #593, #559, #553 ) ;
#1907 = AXIS2_PLACEMENT_3D ( 'NONE', #757, #758, #759 ) ;
#1908 = AXIS2_PLACEMENT_3D ( 'NONE', #819, #820, #839 ) ;
#1909 = PRESENTATION_LAYER_ASSIGNMENT (  '', '', ( #84 ) ) ;
#1910 = AXIS2_PLACEMENT_3D ( 'NONE', #927, #953, #928 ) ;
#1911 = AXIS2_PLACEMENT_3D ( 'NONE', #941, #944, #943 ) ;
#1912 = MECHANICAL_DESIGN_GEOMETRIC_PRESENTATION_REPRESENTATION (  '', ( #1250 ), #1263 ) ;
#1913 = MECHANICAL_DESIGN_GEOMETRIC_PRESENTATION_REPRESENTATION (  '', ( #1254 ), #1252 ) ;
#1914 = PRESENTATION_LAYER_ASSIGNMENT (  '', '', ( #1254 ) ) ;
#1915 = PRESENTATION_LAYER_ASSIGNMENT (  '', '', ( #1250 ) ) ;
#1916 = AXIS2_PLACEMENT_3D ( 'NONE', #1010, #994, #1037 ) ;
#1917 = DIRECTION ( 'NONE',  ( 1.000000000000000000, 0.0000000000000000000, 0.0000000000000000000 ) ) ;
#1918 = DIRECTION ( 'NONE',  ( -0.0000000000000000000, 1.000000000000000000, 1.715124499442879900E-015 ) ) ;
#1919 = DIRECTION ( 'NONE',  ( 0.0000000000000000000, 2.135044278125299400E-015, -1.000000000000000000 ) ) ;
#1920 = CARTESIAN_POINT ( 'NONE',  ( -1.968503937007874100, 3.038205597340712500, 0.0000000000000000000 ) ) ;
#1921 = CARTESIAN_POINT ( 'NONE',  ( -1.968503937007874100, 2.353967828060299400, 1.104422805726893900 ) ) ;
#1922 = CARTESIAN_POINT ( 'NONE',  ( 2.544423264387603000, 0.5145110038752756000, 0.1694212416151423800 ) ) ;
#1923 = CARTESIAN_POINT ( 'NONE',  ( -1.574803149606299300, 1.168534757194157600, 0.2480314960629921300 ) ) ;
#1924 = DIRECTION ( 'NONE',  ( 1.000000000000000000, 0.0000000000000000000, 0.0000000000000000000 ) ) ;
#1925 = DIRECTION ( 'NONE',  ( -0.0000000000000000000, -1.715124499442879700E-015, 1.000000000000000000 ) ) ;
#1926 = CARTESIAN_POINT ( 'NONE',  ( -3.326403280154847800, 2.105936331997298800, 7.096459184480899300 ) ) ;
#1927 = DIRECTION ( 'NONE',  ( -0.0000000000000000000, 1.000000000000000000, 0.0000000000000000000 ) ) ;
#1928 = CARTESIAN_POINT ( 'NONE',  ( -3.240620068789041000, 2.353967828060295400, 6.115952591870915000 ) ) ;
#1929 = DIRECTION ( 'NONE',  ( 0.1386435052934058600, 0.9902680687415700300, 0.01212973498466924900 ) ) ;
#1930 = DIRECTION ( 'NONE',  ( -0.0000000000000000000, -0.0000000000000000000, -1.000000000000000000 ) ) ;
#1931 = CARTESIAN_POINT ( 'NONE',  ( -0.5487822063341810700, 0.2079048359343167500, 0.0000000000000000000 ) ) ;
#1932 = DIRECTION ( 'NONE',  ( 1.000000000000000000, 0.0000000000000000000, -0.0000000000000000000 ) ) ;
#1933 = DIRECTION ( 'NONE',  ( -0.0000000000000000000, 1.000000000000000000, 1.715124499442879900E-015 ) ) ;
#1934 = DIRECTION ( 'NONE',  ( 1.000000000000000000, 0.0000000000000000000, 0.0000000000000000000 ) ) ;
#1935 = DIRECTION ( 'NONE',  ( -0.0000000000000000000, 1.000000000000000000, 1.715124499442879900E-015 ) ) ;
#1936 = DIRECTION ( 'NONE',  ( 0.0000000000000000000, -0.0000000000000000000, -1.000000000000000000 ) ) ;
#1937 = CARTESIAN_POINT ( 'NONE',  ( -1.968503937007874100, 1.168534757194157600, 0.0000000000000000000 ) ) ;
#1938 = DIRECTION ( 'NONE',  ( 0.0000000000000000000, 2.135044278125299400E-015, -1.000000000000000000 ) ) ;
#1939 = CARTESIAN_POINT ( 'NONE',  ( -3.409201195139458700, 2.353967828060291400, 8.077222378518133200 ) ) ;
#1940 = CARTESIAN_POINT ( 'NONE',  ( -3.543307086614173200, 1.955936331997307300, 0.3980314960629921000 ) ) ;
#1941 = DIRECTION ( 'NONE',  ( 0.0000000000000000000, 0.0000000000000000000, -1.000000000000000000 ) ) ;
#1942 = CARTESIAN_POINT ( 'NONE',  ( -2.657480314960630100, 2.353967828060299400, 0.3980314960629921000 ) ) ;
#1943 = DIRECTION ( 'NONE',  ( 0.0000000000000000000, 2.135044278125299400E-015, -1.000000000000000000 ) ) ;
#1944 = PRODUCT ( 'bracket-mod-L2', 'bracket-mod-L2', '', ( #2526 ) ) ;
#1945 = DIRECTION ( 'NONE',  ( 0.0000000000000000000, 1.000000000000000000, 1.715124499442879900E-015 ) ) ;
#1946 = DIRECTION ( 'NONE',  ( 0.0000000000000000000, -1.000000000000000000, -1.715124499442879900E-015 ) ) ;
#1947 = CARTESIAN_POINT ( 'NONE',  ( -3.409201195139458700, 2.105936331997298800, 8.077222378518131400 ) ) ;
#1948 = DIRECTION ( 'NONE',  ( 0.0000000000000000000, 1.000000000000000000, 1.715124499442879900E-015 ) ) ;
#1949 = DIRECTION ( 'NONE',  ( -0.9961946980917455500, 0.0000000000000000000, -0.08715574274765847100 ) ) ;
#1950 = DIRECTION ( 'NONE',  ( 0.0000000000000000000, -1.000000000000000000, -1.715124499442879700E-015 ) ) ;
#1951 = CARTESIAN_POINT ( 'NONE',  ( -2.987748086329136600, 2.353967828060295800, 3.174044503907989900 ) ) ;
#1952 = CARTESIAN_POINT ( 'NONE',  ( -3.326403280154847800, 2.353967828060290900, 7.352364696291923400 ) ) ;
#1953 = CARTESIAN_POINT ( 'NONE',  ( 0.5905511811023640400, -0.7999691798137165100, 0.3980314960629921000 ) ) ;
#1954 = DIRECTION ( 'NONE',  ( 0.08715574274765845700, -2.322295495842179000E-016, -0.9961946980917455500 ) ) ;
#1955 = CARTESIAN_POINT ( 'NONE',  ( -2.657480314960630100, 2.105936331997307200, 0.3980314960629921000 ) ) ;
#1956 = DIRECTION ( 'NONE',  ( 1.000000000000000000, 0.0000000000000000000, 0.0000000000000000000 ) ) ;
#1957 = DIRECTION ( 'NONE',  ( 0.08715574274765845700, -2.322295495842179000E-016, -0.9961946980917455500 ) ) ;
#1958 = CARTESIAN_POINT ( 'NONE',  ( -2.987748086329136600, 2.105936331997304100, 3.174044503907989400 ) ) ;
#1959 = DIRECTION ( 'NONE',  ( -0.08715574274765845700, 2.322295495842179000E-016, 0.9961946980917455500 ) ) ;
#1960 = CARTESIAN_POINT ( 'NONE',  ( 2.753919991393516000, 2.010851700259098400, 0.1877498302739452100 ) ) ;
#1961 = CARTESIAN_POINT ( 'NONE',  ( -2.987748086329136600, 2.105936331997304100, 3.174044503907989400 ) ) ;
#1962 = DIRECTION ( 'NONE',  ( 0.0000000000000000000, 2.135044278125299400E-015, -1.000000000000000000 ) ) ;
#1963 = DIRECTION ( 'NONE',  ( 0.0000000000000000000, -1.000000000000000000, -1.715124499442879900E-015 ) ) ;
#1964 = DIRECTION ( 'NONE',  ( -0.9961946980917454300, 2.677705070082072200E-016, -0.08715574274765863800 ) ) ;
#1965 = CARTESIAN_POINT ( 'NONE',  ( -3.156329407969072700, 2.353967828060292300, 5.135316562549940400 ) ) ;
#1966 = DIRECTION ( 'NONE',  ( 0.0000000000000000000, -2.135044278125299400E-015, 1.000000000000000000 ) ) ;
#1967 = CARTESIAN_POINT ( 'NONE',  ( 1.977148495511700900, 2.120436819125291400, 0.1197911302342120600 ) ) ;
#1968 = DIRECTION ( 'NONE',  ( 0.0000000000000000000, -2.135044278125301700E-015, 1.000000000000000000 ) ) ;
#1969 = DIRECTION ( 'NONE',  ( 0.9961946980917455500, 0.0000000000000000000, 0.08715574274765847100 ) ) ;
#1970 = DIRECTION ( 'NONE',  ( 0.0000000000000000000, -2.135044278125299400E-015, 1.000000000000000000 ) ) ;
#1971 = DIRECTION ( 'NONE',  ( 2.664535259100380000E-015, 1.000000000000000000, -0.0000000000000000000 ) ) ;
#1972 = DIRECTION ( 'NONE',  ( 1.000000000000000000, -2.731847993664264000E-015, 4.553079989440439900E-015 ) ) ;
#1973 = DIRECTION ( 'NONE',  ( 0.0000000000000000000, 1.000000000000000000, 1.715124499442879900E-015 ) ) ;
#1974 = DIRECTION ( 'NONE',  ( -0.0000000000000000000, 1.000000000000000000, 1.715124499442879900E-015 ) ) ;
#1975 = CARTESIAN_POINT ( 'NONE',  ( -3.326403280154847800, 2.353967828060291800, 6.840553672669875200 ) ) ;
#1976 = CARTESIAN_POINT ( 'NONE',  ( 1.111793369187702900, -0.01256760501056588900, 0.2930613028404047100 ) ) ;
#1977 = DIRECTION ( 'NONE',  ( -0.1386435052934040800, -0.9902680687415703600, -0.01212973498466963200 ) ) ;
#1978 = DIRECTION ( 'NONE',  ( 0.0000000000000000000, 2.135044278125299400E-015, -1.000000000000000000 ) ) ;
#1979 = CARTESIAN_POINT ( 'NONE',  ( -2.903457425509169200, 2.353967828060297100, 2.193408474587015300 ) ) ;
#1980 = DIRECTION ( 'NONE',  ( 0.08715574274765845700, -2.322295495842179000E-016, -0.9961946980917454300 ) ) ;
#1981 = CARTESIAN_POINT ( 'NONE',  ( 1.977148495511700900, 2.120436819125291400, 0.1197911302342119500 ) ) ;
#1982 = DIRECTION ( 'NONE',  ( 0.0000000000000000000, 2.135044278125299400E-015, -1.000000000000000000 ) ) ;
#1983 = CARTESIAN_POINT ( 'NONE',  ( 1.091540296945740600, 1.452650425729539600, 0.04231045253407496300 ) ) ;
#1984 = CARTESIAN_POINT ( 'NONE',  ( 1.111793369187700900, -0.7999691798137168500, 0.2930613028404047700 ) ) ;
#1985 = DIRECTION ( 'NONE',  ( 0.9961946980917454300, 0.0000000000000000000, 0.08715574274765840200 ) ) ;
#1986 = CARTESIAN_POINT ( 'NONE',  ( 2.732302622129331800, 2.010851700259099300, 0.4348374916116611900 ) ) ;
#1987 = DIRECTION ( 'NONE',  ( -0.0000000000000000000, 1.000000000000000000, 1.715124499442879700E-015 ) ) ;
#1988 = DIRECTION ( 'NONE',  ( 0.0000000000000000000, -1.000000000000000000, -1.715124499442879700E-015 ) ) ;
#1989 = DIRECTION ( 'NONE',  ( 0.0000000000000000000, 2.135044278125299400E-015, -1.000000000000000000 ) ) ;
#1990 = DIRECTION ( 'NONE',  ( 0.9961946980917455500, 0.0000000000000000000, 0.08715574274765848500 ) ) ;
#1991 = CARTESIAN_POINT ( 'NONE',  ( 1.722216781433104400, 2.120436819125291400, 0.09748749527910276200 ) ) ;
#1992 = DIRECTION ( 'NONE',  ( -0.08715574274765845700, 2.322295495842179000E-016, 0.9961946980917454300 ) ) ;
#1993 = DIRECTION ( 'NONE',  ( 0.08715574274765845700, -2.305988929144469000E-016, -0.9961946980917455500 ) ) ;
#1994 = CARTESIAN_POINT ( 'NONE',  ( -3.072038747149104000, 2.105936331997301500, 4.154680533228964000 ) ) ;
#1995 = CARTESIAN_POINT ( 'NONE',  ( 1.746034399241604500, 0.6240961227414685300, 0.3485502029131250500 ) ) ;
#1996 = DIRECTION ( 'NONE',  ( 0.0000000000000000000, -1.000000000000000000, -1.715124499442879900E-015 ) ) ;
#1997 = CARTESIAN_POINT ( 'NONE',  ( -3.409201195139458700, 2.353967828060291400, 8.077222378518133200 ) ) ;
#1998 = DIRECTION ( 'NONE',  ( 0.0000000000000000000, -1.000000000000000000, -1.715124499442879900E-015 ) ) ;
#1999 = CARTESIAN_POINT ( 'NONE',  ( -3.543307086614173200, 2.353967828060299400, 0.5756398537024213200 ) ) ;
#2000 = DIRECTION ( 'NONE',  ( 0.0000000000000000000, 1.000000000000000000, -0.0000000000000000000 ) ) ;
#2001 = CARTESIAN_POINT ( 'NONE',  ( 1.767651768505787300, 0.6240961227414685300, 0.1014625415754095800 ) ) ;
#2002 = DIRECTION ( 'NONE',  ( 0.0000000000000000000, 1.734723475976805500E-015, -1.000000000000000000 ) ) ;
#2003 = DIRECTION ( 'NONE',  ( 0.9961946980917455500, 0.0000000000000000000, 0.08715574274765847100 ) ) ;
#2004 = DIRECTION ( 'NONE',  ( -0.08715574274765845700, 2.322295495842179000E-016, 0.9961946980917454300 ) ) ;
#2005 = CARTESIAN_POINT ( 'NONE',  ( -3.156329407969072700, 2.353967828060292300, 5.135316562549940400 ) ) ;
#2006 = DIRECTION ( 'NONE',  ( 0.0000000000000000000, -2.135044278125299400E-015, 1.000000000000000000 ) ) ;
#2007 = CARTESIAN_POINT ( 'NONE',  ( 0.6036245425145135800, -0.01256760501056440400, 0.2486022913492301800 ) ) ;
#2008 = CARTESIAN_POINT ( 'NONE',  ( 1.955531126247517900, 2.120436819125291400, 0.3668787915719287600 ) ) ;
#2009 = CARTESIAN_POINT ( 'NONE',  ( 1.178759630365706900, 2.230021937991484300, 0.2989200915321958400 ) ) ;
#2010 = DIRECTION ( 'NONE',  ( 0.08715574274765870700, 1.101411730778923800E-015, -0.9961946980917454300 ) ) ;
#2011 = DIRECTION ( 'NONE',  ( -2.664535259100380000E-015, -1.000000000000000000, 0.0000000000000000000 ) ) ;
#2012 = DIRECTION ( 'NONE',  ( 0.0000000000000000000, 1.000000000000000000, 1.715124499442879900E-015 ) ) ;
#2013 = DIRECTION ( 'NONE',  ( -0.08715574274765845700, 2.305988929144469000E-016, 0.9961946980917455500 ) ) ;
#2014 = DIRECTION ( 'NONE',  ( 0.08715574274765845700, -2.322295495842179000E-016, -0.9961946980917454300 ) ) ;
#2015 = DIRECTION ( 'NONE',  ( -0.0000000000000000000, 1.000000000000000000, 1.715124499442879900E-015 ) ) ;
#2016 = CARTESIAN_POINT ( 'NONE',  ( -1.968503937007874100, 2.105936331997307200, -1.158948821821236300 ) ) ;
#2017 = DIRECTION ( 'NONE',  ( 0.0000000000000000000, -1.000000000000000000, -1.715124499442879700E-015 ) ) ;
#2018 = DIRECTION ( 'NONE',  ( 0.0000000000000000000, -1.000000000000000000, -1.715124499442879900E-015 ) ) ;
#2019 = DIRECTION ( 'NONE',  ( 0.0000000000000000000, 2.135044278125299400E-015, -1.000000000000000000 ) ) ;
#2020 = CARTESIAN_POINT ( 'NONE',  ( -3.409201195139458700, 2.353967828060291800, 7.821316866707109100 ) ) ;
#2021 = DIRECTION ( 'NONE',  ( -0.0000000000000000000, 1.000000000000000000, 1.715124499442879700E-015 ) ) ;
#2022 = CARTESIAN_POINT ( 'NONE',  ( -3.240620068789041000, 2.353967828060295400, 6.115952591870915000 ) ) ;
#2023 = DIRECTION ( 'NONE',  ( 0.9961946980917454300, 0.0000000000000000000, 0.08715574274765836000 ) ) ;
#2024 = CARTESIAN_POINT ( 'NONE',  ( -3.326403280154847800, 2.353967828060291400, 7.096459184480899300 ) ) ;
#2025 = DIRECTION ( 'NONE',  ( 0.0000000000000000000, 2.135044278125299400E-015, -1.000000000000000000 ) ) ;
#2026 = DIRECTION ( 'NONE',  ( 0.0000000000000000000, 2.135044278125299400E-015, -1.000000000000000000 ) ) ;
#2027 = CARTESIAN_POINT ( 'NONE',  ( -3.156329407969072700, 2.105936331997300100, 5.135316562549940400 ) ) ;
#2028 = DIRECTION ( 'NONE',  ( 0.1386435052934051600, 0.9902680687415701400, 0.01212973498466954000 ) ) ;
#2029 = DIRECTION ( 'NONE',  ( 0.0000000000000000000, -1.000000000000000000, -1.715124499442879900E-015 ) ) ;
#2030 = DIRECTION ( 'NONE',  ( -0.0000000000000000000, 1.000000000000000000, 1.715124499442879900E-015 ) ) ;
#2031 = DIRECTION ( 'NONE',  ( -2.960594732333750100E-016, 0.0000000000000000000, -1.000000000000000000 ) ) ;
#2032 = CARTESIAN_POINT ( 'NONE',  ( -2.622315091384844500, 2.353967828060291400, 8.048735544359825400 ) ) ;
#2033 = DIRECTION ( 'NONE',  ( 0.08715574274765845700, -2.322295495842179000E-016, -0.9961946980917455500 ) ) ;
#2034 = DIRECTION ( 'NONE',  ( -0.0000000000000000000, 1.000000000000000000, 1.715124499442879700E-015 ) ) ;
#2035 = CARTESIAN_POINT ( 'NONE',  ( -3.240620068789041000, 2.353967828060295800, 5.860047080059891800 ) ) ;
#2036 = DIRECTION ( 'NONE',  ( 0.0000000000000000000, 2.135044278125299400E-015, -1.000000000000000000 ) ) ;
#2037 = DIRECTION ( 'NONE',  ( -0.0000000000000000000, 1.000000000000000000, 1.715124499442879900E-015 ) ) ;
#2038 = CARTESIAN_POINT ( 'NONE',  ( 0.6144332271466077500, 0.8391381337232009000, 0.1250584606803720500 ) ) ;
#2039 = CARTESIAN_POINT ( 'NONE',  ( -3.326403280154847800, 2.353967828060291400, 7.096459184480899300 ) ) ;
#2040 = DIRECTION ( 'NONE',  ( -0.0000000000000000000, 1.000000000000000000, 1.715124499442879900E-015 ) ) ;
#2041 = CARTESIAN_POINT ( 'NONE',  ( -3.326403280154847800, 2.105936331997298800, 7.096459184480899300 ) ) ;
#2042 = CARTESIAN_POINT ( 'NONE',  ( -3.072038747149104000, 2.105936331997301500, 4.154680533228964000 ) ) ;
#2043 = DIRECTION ( 'NONE',  ( 0.0000000000000000000, -1.000000000000000000, -1.715124499442879700E-015 ) ) ;
#2044 = CARTESIAN_POINT ( 'NONE',  ( 1.133410738451883900, -0.7999691798137156300, 0.04597364150268819900 ) ) ;
#2045 = DIRECTION ( 'NONE',  ( 0.0000000000000000000, 2.135044278125299400E-015, -1.000000000000000000 ) ) ;
#2046 = CARTESIAN_POINT ( 'NONE',  ( -3.409201195139458700, 2.353967828060290900, 8.333127890329157200 ) ) ;
#2047 = DIRECTION ( 'NONE',  ( 0.08715574274761941900, -0.0000000000000000000, -0.9961946980917488800 ) ) ;
#2048 = CARTESIAN_POINT ( 'NONE',  ( 1.069922927681559200, 1.452650425729539800, 0.2893981138717913200 ) ) ;
#2049 = CARTESIAN_POINT ( 'NONE',  ( -1.968503937007873600, 2.353967828060303400, 0.5756398537024214300 ) ) ;
#2050 = DIRECTION ( 'NONE',  ( 0.0000000000000000000, 2.135044278125299400E-015, -1.000000000000000000 ) ) ;
#2051 = CARTESIAN_POINT ( 'NONE',  ( -2.987748086329136600, -0.7999691798137227300, 3.429950015719008600 ) ) ;
#2052 = DIRECTION ( 'NONE',  ( 5.077788558347159900E-031, -1.000000000000000000, -1.503327405774718600E-046 ) ) ;
#2053 = CARTESIAN_POINT ( 'NONE',  ( -3.156329407969072700, -0.7999691798137251700, 4.879411050738911000 ) ) ;
#2054 = CARTESIAN_POINT ( 'NONE',  ( -3.850473623104886400, 2.105936331997306800, 4.086569431449291300 ) ) ;
#2055 = CARTESIAN_POINT ( 'NONE',  ( -2.903457425509169200, 2.105936331997305000, 2.193408474587014800 ) ) ;
#2056 = DIRECTION ( 'NONE',  ( -0.9961946980917455500, 0.0000000000000000000, -0.08715574274765845700 ) ) ;
#2057 = DIRECTION ( 'NONE',  ( -0.0000000000000000000, 1.000000000000000000, 1.715124499442879700E-015 ) ) ;
#2058 = DIRECTION ( 'NONE',  ( -0.0000000000000000000, 1.000000000000000000, 1.715124499442879700E-015 ) ) ;
#2059 = DIRECTION ( 'NONE',  ( -0.0000000000000000000, 1.000000000000000000, 1.715124499442879700E-015 ) ) ;
#2060 = DIRECTION ( 'NONE',  ( 0.08715574274765815200, 0.0000000000000000000, -0.9961946980917454300 ) ) ;
#2061 = DIRECTION ( 'NONE',  ( 0.0000000000000000000, -1.000000000000000000, -1.715124499442879900E-015 ) ) ;
#2062 = DIRECTION ( 'NONE',  ( -0.0000000000000000000, 1.000000000000000000, 1.715124499442879900E-015 ) ) ;
#2063 = CARTESIAN_POINT ( 'NONE',  ( 1.955531126247517900, 2.120436819125291400, 0.3668787915719284900 ) ) ;
#2064 = DIRECTION ( 'NONE',  ( 0.08715574274765845700, -2.322295495842179000E-016, -0.9961946980917455500 ) ) ;
#2065 = CARTESIAN_POINT ( 'NONE',  ( -3.409201195139458700, 2.105936331997298800, 8.077222378518131400 ) ) ;
#2066 = DIRECTION ( 'NONE',  ( 0.9961946980917455500, 0.0000000000000000000, 0.08715574274765848500 ) ) ;
#2067 = CARTESIAN_POINT ( 'NONE',  ( -3.409201195139458700, 2.353967828060291400, 8.077222378518133200 ) ) ;
#2068 = DIRECTION ( 'NONE',  ( -0.08715574274765845700, 2.322295495842179000E-016, 0.9961946980917454300 ) ) ;
#2069 = DIRECTION ( 'NONE',  ( 0.0000000000000000000, 2.135044278125301700E-015, -1.000000000000000000 ) ) ;
#2070 = DIRECTION ( 'NONE',  ( 0.0000000000000000000, 2.135044278125299400E-015, -1.000000000000000000 ) ) ;
#2071 = CARTESIAN_POINT ( 'NONE',  ( -2.987748086329136600, -0.7999691798137219500, 2.918138992096960500 ) ) ;
#2072 = DIRECTION ( 'NONE',  ( -0.0000000000000000000, 1.000000000000000000, 1.715124499442879900E-015 ) ) ;
#2073 = DIRECTION ( 'NONE',  ( 0.0000000000000000000, 1.000000000000000000, 1.715124499442879900E-015 ) ) ;
#2074 = DIRECTION ( 'NONE',  ( 0.0000000000000000000, 2.135044278125299400E-015, -1.000000000000000000 ) ) ;
#2075 = DIRECTION ( 'NONE',  ( 0.08715574274765845700, -2.322295495842179000E-016, -0.9961946980917455500 ) ) ;
#2076 = DIRECTION ( 'NONE',  ( 0.0000000000000000000, 2.135044278125299400E-015, -1.000000000000000000 ) ) ;
#2077 = DIRECTION ( 'NONE',  ( 0.0000000000000000000, 1.715124499442879700E-015, -1.000000000000000000 ) ) ;
#2078 = DIRECTION ( 'NONE',  ( 0.9961946980917455500, 0.0000000000000000000, 0.08715574274765848500 ) ) ;
#2079 = DIRECTION ( 'NONE',  ( -0.0000000000000000000, 1.000000000000000000, 1.715124499442879900E-015 ) ) ;
#2080 = CARTESIAN_POINT ( 'NONE',  ( -1.968503937007874100, 2.105936331997303200, 0.5756398537024213200 ) ) ;
#2081 = DIRECTION ( 'NONE',  ( 0.0000000000000000000, -1.000000000000000000, -1.715124499442879900E-015 ) ) ;
#2082 = DIRECTION ( 'NONE',  ( 6.938893903907232300E-016, 1.734723475976808100E-015, -1.000000000000000000 ) ) ;
#2083 = CARTESIAN_POINT ( 'NONE',  ( -2.987748086329136600, 2.353967828060295800, 3.174044503907989900 ) ) ;
#2084 = CARTESIAN_POINT ( 'NONE',  ( -2.903457425509169200, -0.7999691798137210700, 2.449313986398033100 ) ) ;
#2085 = DIRECTION ( 'NONE',  ( -0.08715574274765845700, 2.322295495842179000E-016, 0.9961946980917455500 ) ) ;
#2086 = DIRECTION ( 'NONE',  ( 0.0000000000000000000, -2.135044278125299400E-015, 1.000000000000000000 ) ) ;
#2087 = DIRECTION ( 'NONE',  ( 0.9961946980917454300, 0.0000000000000000000, 0.08715574274765836000 ) ) ;
#2088 = CARTESIAN_POINT ( 'NONE',  ( -3.543307086614173200, 2.353967828060299400, 1.104422805726893900 ) ) ;
#2089 = CARTESIAN_POINT ( 'NONE',  ( 1.955531126247517900, 2.120436819125291400, 0.3668787915719287600 ) ) ;
#2090 = DIRECTION ( 'NONE',  ( -0.08715574274765884600, 0.0000000000000000000, 0.9961946980917454300 ) ) ;
#2091 = DIRECTION ( 'NONE',  ( 0.0000000000000000000, -1.000000000000000000, -1.715124499442879700E-015 ) ) ;
#2092 = CARTESIAN_POINT ( 'NONE',  ( -3.072038747149104000, -0.7999691798137244000, 4.410586045039982700 ) ) ;
#2093 = CARTESIAN_POINT ( 'NONE',  ( -3.156329407969072700, 2.105936331997300100, 5.135316562549940400 ) ) ;
#2094 = CARTESIAN_POINT ( 'NONE',  ( 2.232080209590297400, 2.120436819125291400, 0.1420947651893216500 ) ) ;
#2095 = CARTESIAN_POINT ( 'NONE',  ( -3.409201195139458700, 2.105936331997298800, 8.077222378518131400 ) ) ;
#2096 = CARTESIAN_POINT ( 'NONE',  ( -3.072038747149104000, -0.7999691798137236200, 3.898775021417935100 ) ) ;
#2097 = CARTESIAN_POINT ( 'NONE',  ( 1.133410738451885900, -0.01256760501056594600, 0.04597364150268840000 ) ) ;
#2098 = DIRECTION ( 'NONE',  ( -0.0000000000000000000, 1.000000000000000000, 1.715124499442879700E-015 ) ) ;
#2099 = CARTESIAN_POINT ( 'NONE',  ( -3.072038747149104000, 2.353967828060294000, 4.154680533228964900 ) ) ;
#2100 = CARTESIAN_POINT ( 'NONE',  ( 1.688069026957992300, -0.5693445980708388100, 0.09449995387766398100 ) ) ;
#2101 = DIRECTION ( 'NONE',  ( 0.7044160264027610200, 0.7071067811865452400, 0.06162841671621959600 ) ) ;
#2102 = DIRECTION ( 'NONE',  ( 0.0000000000000000000, -1.000000000000000000, -1.715124499442879700E-015 ) ) ;
#2103 = VERTEX_POINT ( 'NONE', #596 ) ;
#2104 = VERTEX_POINT ( 'NONE', #620 ) ;
#2105 = VERTEX_POINT ( 'NONE', #604 ) ;
#2106 = CARTESIAN_POINT ( 'NONE',  ( -3.240620068789041000, 2.353967828060294500, 6.371858103681939100 ) ) ;
#2107 = FILL_AREA_STYLE_COLOUR ( '', #192 ) ;
#2108 = VERTEX_POINT ( 'NONE', #609 ) ;
#2109 = VERTEX_POINT ( 'NONE', #612 ) ;
#2110 = VERTEX_POINT ( 'NONE', #613 ) ;
#2111 = VERTEX_POINT ( 'NONE', #640 ) ;
#2112 = VERTEX_POINT ( 'NONE', #616 ) ;
#2113 = VERTEX_POINT ( 'NONE', #611 ) ;
#2114 = VERTEX_POINT ( 'NONE', #617 ) ;
#2115 = VERTEX_POINT ( 'NONE', #618 ) ;
#2116 = VERTEX_POINT ( 'NONE', #623 ) ;
#2117 = VERTEX_POINT ( 'NONE', #619 ) ;
#2118 = VERTEX_POINT ( 'NONE', #642 ) ;
#2119 = VERTEX_POINT ( 'NONE', #651 ) ;
#2120 = VERTEX_POINT ( 'NONE', #656 ) ;
#2121 = VERTEX_POINT ( 'NONE', #654 ) ;
#2122 = VERTEX_POINT ( 'NONE', #679 ) ;
#2123 = VERTEX_POINT ( 'NONE', #645 ) ;
#2124 = VERTEX_POINT ( 'NONE', #705 ) ;
#2125 = VERTEX_POINT ( 'NONE', #655 ) ;
#2126 = VERTEX_POINT ( 'NONE', #683 ) ;
#2127 = VERTEX_POINT ( 'NONE', #669 ) ;
#2128 = VERTEX_POINT ( 'NONE', #670 ) ;
#2129 = VERTEX_POINT ( 'NONE', #692 ) ;
#2130 = VERTEX_POINT ( 'NONE', #644 ) ;
#2131 = VERTEX_POINT ( 'NONE', #657 ) ;
#2132 = VERTEX_POINT ( 'NONE', #649 ) ;
#2133 = VERTEX_POINT ( 'NONE', #682 ) ;
#2134 = VERTEX_POINT ( 'NONE', #678 ) ;
#2135 = VERTEX_POINT ( 'NONE', #696 ) ;
#2136 = VERTEX_POINT ( 'NONE', #664 ) ;
#2137 = VERTEX_POINT ( 'NONE', #684 ) ;
#2138 = VERTEX_POINT ( 'NONE', #671 ) ;
#2139 = VERTEX_POINT ( 'NONE', #672 ) ;
#2140 = VERTEX_POINT ( 'NONE', #693 ) ;
#2141 = VERTEX_POINT ( 'NONE', #646 ) ;
#2142 = VERTEX_POINT ( 'NONE', #658 ) ;
#2143 = VERTEX_POINT ( 'NONE', #650 ) ;
#2144 = VERTEX_POINT ( 'NONE', #685 ) ;
#2145 = VERTEX_POINT ( 'NONE', #680 ) ;
#2146 = VERTEX_POINT ( 'NONE', #697 ) ;
#2147 = VERTEX_POINT ( 'NONE', #665 ) ;
#2148 = VERTEX_POINT ( 'NONE', #681 ) ;
#2149 = VERTEX_POINT ( 'NONE', #695 ) ;
#2150 = VERTEX_POINT ( 'NONE', #698 ) ;
#2151 = VERTEX_POINT ( 'NONE', #699 ) ;
#2152 = VERTEX_POINT ( 'NONE', #659 ) ;
#2153 = VERTEX_POINT ( 'NONE', #689 ) ;
#2154 = VERTEX_POINT ( 'NONE', #686 ) ;
#2155 = VERTEX_POINT ( 'NONE', #687 ) ;
#2156 = VERTEX_POINT ( 'NONE', #688 ) ;
#2157 = VERTEX_POINT ( 'NONE', #700 ) ;
#2158 = VERTEX_POINT ( 'NONE', #643 ) ;
#2159 = VERTEX_POINT ( 'NONE', #660 ) ;
#2160 = VERTEX_POINT ( 'NONE', #661 ) ;
#2161 = VERTEX_POINT ( 'NONE', #663 ) ;
#2162 = VERTEX_POINT ( 'NONE', #690 ) ;
#2163 = VERTEX_POINT ( 'NONE', #691 ) ;
#2164 = VERTEX_POINT ( 'NONE', #652 ) ;
#2165 = DIRECTION ( 'NONE',  ( -0.0000000000000000000, 1.000000000000000000, 1.715124499442879700E-015 ) ) ;
#2166 = VERTEX_POINT ( 'NONE', #662 ) ;
#2167 = VERTEX_POINT ( 'NONE', #694 ) ;
#2168 = VERTEX_POINT ( 'NONE', #647 ) ;
#2169 = VERTEX_POINT ( 'NONE', #648 ) ;
#2170 = VERTEX_POINT ( 'NONE', #701 ) ;
#2171 = VERTEX_POINT ( 'NONE', #675 ) ;
#2172 = VERTEX_POINT ( 'NONE', #653 ) ;
#2173 = VERTEX_POINT ( 'NONE', #677 ) ;
#2174 = VERTEX_POINT ( 'NONE', #666 ) ;
#2175 = SURFACE_SIDE_STYLE ('',( #172 ) ) ;
#2176 = VERTEX_POINT ( 'NONE', #676 ) ;
#2177 = VERTEX_POINT ( 'NONE', #667 ) ;
#2178 = VERTEX_POINT ( 'NONE', #668 ) ;
#2179 = VERTEX_POINT ( 'NONE', #702 ) ;
#2180 = VERTEX_POINT ( 'NONE', #703 ) ;
#2181 = VERTEX_POINT ( 'NONE', #673 ) ;
#2182 = VERTEX_POINT ( 'NONE', #674 ) ;
#2183 = VERTEX_POINT ( 'NONE', #704 ) ;
#2184 = VERTEX_POINT ( 'NONE', #714 ) ;
#2185 = VERTEX_POINT ( 'NONE', #718 ) ;
#2186 = SURFACE_STYLE_USAGE ( .BOTH. , #2175 ) ;
#2187 = VERTEX_POINT ( 'NONE', #716 ) ;
#2188 =( NAMED_UNIT ( * ) PLANE_ANGLE_UNIT ( ) SI_UNIT ( $, .RADIAN. ) );
#2189 = VERTEX_POINT ( 'NONE', #738 ) ;
#2190 = VERTEX_POINT ( 'NONE', #708 ) ;
#2191 = VERTEX_POINT ( 'NONE', #761 ) ;
#2192 = VERTEX_POINT ( 'NONE', #717 ) ;
#2193 = VERTEX_POINT ( 'NONE', #720 ) ;
#2194 = VERTEX_POINT ( 'NONE', #709 ) ;
#2195 = VERTEX_POINT ( 'NONE', #735 ) ;
#2196 = VERTEX_POINT ( 'NONE', #739 ) ;
#2197 = VERTEX_POINT ( 'NONE', #726 ) ;
#2198 = VERTEX_POINT ( 'NONE', #710 ) ;
#2199 = VERTEX_POINT ( 'NONE', #749 ) ;
#2200 = VERTEX_POINT ( 'NONE', #750 ) ;
#2201 = FILL_AREA_STYLE ('',( #2107 ) ) ;
#2202 =( LENGTH_UNIT ( ) NAMED_UNIT ( * ) SI_UNIT ( $, .METRE. ) );
#2203 =( NAMED_UNIT ( * ) SI_UNIT ( $, .STERADIAN. ) SOLID_ANGLE_UNIT ( ) );
#2204 = CARTESIAN_POINT ( 'NONE',  ( -2.903457425509169200, -0.7999691798137202900, 1.937502962775986100 ) ) ;
#2205 = VERTEX_POINT ( 'NONE', #733 ) ;
#2206 = CARTESIAN_POINT ( 'NONE',  ( -3.156329407969072700, -0.7999691798137260600, 5.391222074360959100 ) ) ;
#2207 = VERTEX_POINT ( 'NONE', #707 ) ;
#2208 =( CONVERSION_BASED_UNIT ( 'INCH', #173 ) LENGTH_UNIT ( ) NAMED_UNIT ( #2472 ) );
#2209 = EDGE_LOOP ( 'NONE', ( #1490, #2297 ) ) ;
#2210 = EDGE_LOOP ( 'NONE', ( #2288, #2260 ) ) ;
#2211 = EDGE_LOOP ( 'NONE', ( #2286, #2306 ) ) ;
#2212 = EDGE_LOOP ( 'NONE', ( #2301, #1484 ) ) ;
#2213 = EDGE_LOOP ( 'NONE', ( #1486, #1487, #2258, #1496, #2305, #1493 ) ) ;
#2214 = EDGE_LOOP ( 'NONE', ( #2299, #2292, #2257, #2289 ) ) ;
#2215 = EDGE_LOOP ( 'NONE', ( #119, #106, #157, #85 ) ) ;
#2216 = EDGE_LOOP ( 'NONE', ( #87, #105, #112, #131, #130, #111, #95, #104 ) ) ;
#2217 = EDGE_LOOP ( 'NONE', ( #1607, #1577, #90, #1606 ) ) ;
#2218 = EDGE_LOOP ( 'NONE', ( #115, #1475, #1576, #1595 ) ) ;
#2219 = EDGE_LOOP ( 'NONE', ( #2371, #2339, #2350, #2338 ) ) ;
#2220 = EDGE_LOOP ( 'NONE', ( #1599, #1572, #1597, #1592 ) ) ;
#2221 = EDGE_LOOP ( 'NONE', ( #137, #132, #88, #107 ) ) ;
#2222 = EDGE_LOOP ( 'NONE', ( #1502, #2256, #2273, #2294 ) ) ;
#2223 = EDGE_LOOP ( 'NONE', ( #114, #103, #126, #109, #143, #136, #148, #123, #108, #89, #128 ) ) ;
#2224 = EDGE_LOOP ( 'NONE', ( #2554, #1609, #1442, #1602, #1600, #93, #1604, #1481, #1441, #1474, #101 ) ) ;
#2225 = EDGE_LOOP ( 'NONE', ( #158, #185, #175, #165 ) ) ;
#2226 = EDGE_LOOP ( 'NONE', ( #2335, #2382, #2393, #2383 ) ) ;
#2227 = EDGE_LOOP ( 'NONE', ( #2397, #2340, #2357, #2398 ) ) ;
#2228 = EDGE_LOOP ( 'NONE', ( #2343, #2363 ) ) ;
#2229 = EDGE_LOOP ( 'NONE', ( #2272, #2293 ) ) ;
#2230 = EDGE_LOOP ( 'NONE', ( #2370, #2349 ) ) ;
#2231 = EDGE_LOOP ( 'NONE', ( #1494, #2267, #1492, #2265 ) ) ;
#2232 = EDGE_LOOP ( 'NONE', ( #1489, #1503, #1488, #1491 ) ) ;
#2233 = EDGE_LOOP ( 'NONE', ( #2347, #2326 ) ) ;
#2234 = EDGE_LOOP ( 'NONE', ( #2324, #2334, #2325, #2307, #2315, #2309, #2369, #2380, #2391, #2329 ) ) ;
#2235 = EDGE_LOOP ( 'NONE', ( #2322, #2327 ) ) ;
#2236 = EDGE_LOOP ( 'NONE', ( #2384, #2332, #2342, #2376 ) ) ;
#2237 = EDGE_LOOP ( 'NONE', ( #2360, #2333, #2378, #2374 ) ) ;
#2238 = EDGE_LOOP ( 'NONE', ( #144, #98, #92, #116 ) ) ;
#2239 = EDGE_LOOP ( 'NONE', ( #133, #142, #121, #182 ) ) ;
#2240 = EDGE_LOOP ( 'NONE', ( #2302, #1498, #2269, #1485 ) ) ;
#2241 = EDGE_LOOP ( 'NONE', ( #2263, #2290 ) ) ;
#2242 = EDGE_LOOP ( 'NONE', ( #151, #189, #190, #171 ) ) ;
#2243 = EDGE_LOOP ( 'NONE', ( #2352, #2318, #2346, #2364 ) ) ;
#2244 = EDGE_LOOP ( 'NONE', ( #1500, #2253, #2303, #2278 ) ) ;
#2245 = EDGE_LOOP ( 'NONE', ( #2356, #2368 ) ) ;
#2246 = EDGE_LOOP ( 'NONE', ( #1608, #1587, #1439, #1603 ) ) ;
#2247 = EDGE_LOOP ( 'NONE', ( #2316, #2365 ) ) ;
#2248 = EDGE_LOOP ( 'NONE', ( #2358, #2379, #2395, #2385 ) ) ;
#2249 = EDGE_LOOP ( 'NONE', ( #2314, #2319 ) ) ;
#2250 = EDGE_LOOP ( 'NONE', ( #2366, #2361, #2308, #2311 ) ) ;
#2251 = EDGE_LOOP ( 'NONE', ( #2312, #2336, #2323, #2328, #2317, #2310 ) ) ;
#2252 = EDGE_LOOP ( 'NONE', ( #2392, #2394, #2375, #2351 ) ) ;
#2253 = ORIENTED_EDGE ( 'NONE', *, *, #1706, .T. ) ;
#2254 = EDGE_LOOP ( 'NONE', ( #1479, #1440, #1583, #1443 ) ) ;
#2255 = EDGE_LOOP ( 'NONE', ( #1482, #1611, #1568, #1480 ) ) ;
#2256 = ORIENTED_EDGE ( 'NONE', *, *, #1713, .T. ) ;
#2257 = ORIENTED_EDGE ( 'NONE', *, *, #1709, .F. ) ;
#2258 = ORIENTED_EDGE ( 'NONE', *, *, #1696, .F. ) ;
#2259 = EDGE_LOOP ( 'NONE', ( #2341, #2353, #2348, #2372 ) ) ;
#2260 = ORIENTED_EDGE ( 'NONE', *, *, #1666, .T. ) ;
#2261 = EDGE_LOOP ( 'NONE', ( #117, #141, #146, #94, #110, #97, #122, #100 ) ) ;
#2262 = ORIENTED_EDGE ( 'NONE', *, *, #1716, .T. ) ;
#2263 = ORIENTED_EDGE ( 'NONE', *, *, #1669, .F. ) ;
#2264 = ORIENTED_EDGE ( 'NONE', *, *, #1663, .T. ) ;
#2265 = ORIENTED_EDGE ( 'NONE', *, *, #1667, .F. ) ;
#2266 = EDGE_LOOP ( 'NONE', ( #1591, #1594, #1593, #1596 ) ) ;
#2267 = ORIENTED_EDGE ( 'NONE', *, *, #1659, .T. ) ;
#2268 = ORIENTED_EDGE ( 'NONE', *, *, #1717, .F. ) ;
#2269 = ORIENTED_EDGE ( 'NONE', *, *, #1673, .T. ) ;
#2270 = ORIENTED_EDGE ( 'NONE', *, *, #1702, .F. ) ;
#2271 = EDGE_LOOP ( 'NONE', ( #149, #160, #159, #183 ) ) ;
#2272 = ORIENTED_EDGE ( 'NONE', *, *, #1686, .T. ) ;
#2273 = ORIENTED_EDGE ( 'NONE', *, *, #1653, .T. ) ;
#2274 = ORIENTED_EDGE ( 'NONE', *, *, #1683, .T. ) ;
#2275 = ORIENTED_EDGE ( 'NONE', *, *, #1648, .T. ) ;
#2276 = EDGE_LOOP ( 'NONE', ( #170, #156, #155, #181 ) ) ;
#2277 = ORIENTED_EDGE ( 'NONE', *, *, #1703, .F. ) ;
#2278 = ORIENTED_EDGE ( 'NONE', *, *, #1704, .F. ) ;
#2279 = ORIENTED_EDGE ( 'NONE', *, *, #1707, .F. ) ;
#2280 = EDGE_LOOP ( 'NONE', ( #102, #140, #127, #147 ) ) ;
#2281 = EDGE_LOOP ( 'NONE', ( #150, #113, #125, #124 ) ) ;
#2282 = EDGE_LOOP ( 'NONE', ( #2377, #2355, #2373, #2359 ) ) ;
#2283 = EDGE_LOOP ( 'NONE', ( #2345, #2337, #2330, #134, #91, #129, #86, #96, #145, #135 ) ) ;
#2284 = EDGE_LOOP ( 'NONE', ( #120, #1569, #1578, #1584, #1573, #1574, #1478, #1472 ) ) ;
#2285 = EDGE_LOOP ( 'NONE', ( #1575, #1438, #1570, #1586 ) ) ;
#2286 = ORIENTED_EDGE ( 'NONE', *, *, #1651, .F. ) ;
#2287 = ORIENTED_EDGE ( 'NONE', *, *, #1675, .T. ) ;
#2288 = ORIENTED_EDGE ( 'NONE', *, *, #1709, .T. ) ;
#2289 = ORIENTED_EDGE ( 'NONE', *, *, #1691, .F. ) ;
#2290 = ORIENTED_EDGE ( 'NONE', *, *, #1690, .F. ) ;
#2291 = EDGE_LOOP ( 'NONE', ( #1588, #1601, #184, #169 ) ) ;
#2292 = ORIENTED_EDGE ( 'NONE', *, *, #1694, .T. ) ;
#2293 = ORIENTED_EDGE ( 'NONE', *, *, #1741, .T. ) ;
#2294 = ORIENTED_EDGE ( 'NONE', *, *, #1695, .F. ) ;
#2295 = EDGE_LOOP ( 'NONE', ( #1605, #1612, #1567, #1483 ) ) ;
#2296 = EDGE_LOOP ( 'NONE', ( #1571, #1589, #1585, #1590 ) ) ;
#2297 = ORIENTED_EDGE ( 'NONE', *, *, #1757, .T. ) ;
#2298 = ORIENTED_EDGE ( 'NONE', *, *, #1710, .T. ) ;
#2299 = ORIENTED_EDGE ( 'NONE', *, *, #1711, .T. ) ;
#2300 = EDGE_LOOP ( 'NONE', ( #138, #118, #139, #99 ) ) ;
#2301 = ORIENTED_EDGE ( 'NONE', *, *, #1682, .F. ) ;
#2302 = ORIENTED_EDGE ( 'NONE', *, *, #1682, .T. ) ;
#2303 = ORIENTED_EDGE ( 'NONE', *, *, #1718, .T. ) ;
#2304 = EDGE_LOOP ( 'NONE', ( #1598, #1473, #1610, #1471 ) ) ;
#2305 = ORIENTED_EDGE ( 'NONE', *, *, #1664, .T. ) ;
#2306 = ORIENTED_EDGE ( 'NONE', *, *, #1660, .F. ) ;
#2307 = ORIENTED_EDGE ( 'NONE', *, *, #1748, .F. ) ;
#2308 = ORIENTED_EDGE ( 'NONE', *, *, #1701, .T. ) ;
#2309 = ORIENTED_EDGE ( 'NONE', *, *, #1665, .F. ) ;
#2310 = ORIENTED_EDGE ( 'NONE', *, *, #1697, .F. ) ;
#2311 = ORIENTED_EDGE ( 'NONE', *, *, #1693, .F. ) ;
#2312 = ORIENTED_EDGE ( 'NONE', *, *, #1770, .F. ) ;
#2313 = ORIENTED_EDGE ( 'NONE', *, *, #1703, .T. ) ;
#2314 = ORIENTED_EDGE ( 'NONE', *, *, #1711, .F. ) ;
#2315 = ORIENTED_EDGE ( 'NONE', *, *, #1668, .F. ) ;
#2316 = ORIENTED_EDGE ( 'NONE', *, *, #1683, .F. ) ;
#2317 = ORIENTED_EDGE ( 'NONE', *, *, #1746, .F. ) ;
#2318 = ORIENTED_EDGE ( 'NONE', *, *, #1723, .T. ) ;
#2319 = ORIENTED_EDGE ( 'NONE', *, *, #1755, .F. ) ;
#2320 = ORIENTED_EDGE ( 'NONE', *, *, #1681, .T. ) ;
#2321 = ORIENTED_EDGE ( 'NONE', *, *, #1650, .F. ) ;
#2322 = ORIENTED_EDGE ( 'NONE', *, *, #1688, .F. ) ;
#2323 = ORIENTED_EDGE ( 'NONE', *, *, #1753, .F. ) ;
#2324 = ORIENTED_EDGE ( 'NONE', *, *, #1676, .T. ) ;
#2325 = ORIENTED_EDGE ( 'NONE', *, *, #1657, .F. ) ;
#2326 = ORIENTED_EDGE ( 'NONE', *, *, #1718, .F. ) ;
#2327 = ORIENTED_EDGE ( 'NONE', *, *, #1689, .F. ) ;
#2328 = ORIENTED_EDGE ( 'NONE', *, *, #1737, .F. ) ;
#2329 = ORIENTED_EDGE ( 'NONE', *, *, #1764, .T. ) ;
#2330 = ORIENTED_EDGE ( 'NONE', *, *, #1721, .F. ) ;
#2331 = ORIENTED_EDGE ( 'NONE', *, *, #1735, .F. ) ;
#2332 = ORIENTED_EDGE ( 'NONE', *, *, #1748, .T. ) ;
#2333 = ORIENTED_EDGE ( 'NONE', *, *, #1767, .T. ) ;
#2334 = ORIENTED_EDGE ( 'NONE', *, *, #1661, .F. ) ;
#2335 = ORIENTED_EDGE ( 'NONE', *, *, #1675, .F. ) ;
#2336 = ORIENTED_EDGE ( 'NONE', *, *, #1674, .F. ) ;
#2337 = ORIENTED_EDGE ( 'NONE', *, *, #1729, .F. ) ;
#2338 = ORIENTED_EDGE ( 'NONE', *, *, #1664, .F. ) ;
#2339 = ORIENTED_EDGE ( 'NONE', *, *, #1761, .F. ) ;
#2340 = ORIENTED_EDGE ( 'NONE', *, *, #1680, .T. ) ;
#2341 = ORIENTED_EDGE ( 'NONE', *, *, #1725, .F. ) ;
#2342 = ORIENTED_EDGE ( 'NONE', *, *, #1722, .F. ) ;
#2343 = ORIENTED_EDGE ( 'NONE', *, *, #1663, .F. ) ;
#2344 = ORIENTED_EDGE ( 'NONE', *, *, #1760, .T. ) ;
#2345 = ORIENTED_EDGE ( 'NONE', *, *, #1780, .F. ) ;
#2346 = ORIENTED_EDGE ( 'NONE', *, *, #1770, .T. ) ;
#2347 = ORIENTED_EDGE ( 'NONE', *, *, #1756, .F. ) ;
#2348 = ORIENTED_EDGE ( 'NONE', *, *, #1662, .F. ) ;
#2349 = ORIENTED_EDGE ( 'NONE', *, *, #1653, .F. ) ;
#2350 = ORIENTED_EDGE ( 'NONE', *, *, #1769, .F. ) ;
#2351 = ORIENTED_EDGE ( 'NONE', *, *, #1721, .T. ) ;
#2352 = ORIENTED_EDGE ( 'NONE', *, *, #1696, .T. ) ;
#2353 = ORIENTED_EDGE ( 'NONE', *, *, #1728, .F. ) ;
#2354 = ORIENTED_EDGE ( 'NONE', *, *, #1656, .F. ) ;
#2355 = ORIENTED_EDGE ( 'NONE', *, *, #1658, .T. ) ;
#2356 = ORIENTED_EDGE ( 'NONE', *, *, #1655, .F. ) ;
#2357 = ORIENTED_EDGE ( 'NONE', *, *, #1699, .T. ) ;
#2358 = ORIENTED_EDGE ( 'NONE', *, *, #1671, .T. ) ;
#2359 = ORIENTED_EDGE ( 'NONE', *, *, #1754, .T. ) ;
#2360 = ORIENTED_EDGE ( 'NONE', *, *, #1677, .T. ) ;
#2361 = ORIENTED_EDGE ( 'NONE', *, *, #1679, .F. ) ;
#2362 = ORIENTED_EDGE ( 'NONE', *, *, #1665, .T. ) ;
#2363 = ORIENTED_EDGE ( 'NONE', *, *, #1736, .F. ) ;
#2364 = ORIENTED_EDGE ( 'NONE', *, *, #1672, .F. ) ;
#2365 = ORIENTED_EDGE ( 'NONE', *, *, #1740, .F. ) ;
#2366 = ORIENTED_EDGE ( 'NONE', *, *, #1753, .T. ) ;
#2367 = ORIENTED_EDGE ( 'NONE', *, *, #1739, .T. ) ;
#2368 = ORIENTED_EDGE ( 'NONE', *, *, #1673, .F. ) ;
#2369 = ORIENTED_EDGE ( 'NONE', *, *, #1710, .F. ) ;
#2370 = ORIENTED_EDGE ( 'NONE', *, *, #1708, .F. ) ;
#2371 = ORIENTED_EDGE ( 'NONE', *, *, #1745, .F. ) ;
#2372 = ORIENTED_EDGE ( 'NONE', *, *, #1676, .F. ) ;
#2373 = ORIENTED_EDGE ( 'NONE', *, *, #1677, .F. ) ;
#2374 = ORIENTED_EDGE ( 'NONE', *, *, #1678, .T. ) ;
#2375 = ORIENTED_EDGE ( 'NONE', *, *, #1670, .F. ) ;
#2376 = ORIENTED_EDGE ( 'NONE', *, *, #1712, .T. ) ;
#2377 = ORIENTED_EDGE ( 'NONE', *, *, #1715, .F. ) ;
#2378 = ORIENTED_EDGE ( 'NONE', *, *, #1670, .T. ) ;
#2379 = ORIENTED_EDGE ( 'NONE', *, *, #1760, .F. ) ;
#2380 = ORIENTED_EDGE ( 'NONE', *, *, #1754, .F. ) ;
#2381 = EDGE_LOOP ( 'NONE', ( #2354, #2362, #2344, #2367 ) ) ;
#2382 = ORIENTED_EDGE ( 'NONE', *, *, #1736, .T. ) ;
#2383 = ORIENTED_EDGE ( 'NONE', *, *, #1681, .F. ) ;
#2384 = ORIENTED_EDGE ( 'NONE', *, *, #1752, .F. ) ;
#2385 = ORIENTED_EDGE ( 'NONE', *, *, #1752, .T. ) ;
#2386 = EDGE_LOOP ( 'NONE', ( #2270, #1495 ) ) ;
#2387 = EDGE_LOOP ( 'NONE', ( #2262, #1497, #2298, #1499 ) ) ;
#2388 = EDGE_LOOP ( 'NONE', ( #2264, #2287, #2277, #2279 ) ) ;
#2389 = EDGE_LOOP ( 'NONE', ( #2274, #2275, #2268, #1501 ) ) ;
#2390 = EDGE_LOOP ( 'NONE', ( #2331, #2321 ) ) ;
#2391 = ORIENTED_EDGE ( 'NONE', *, *, #1678, .F. ) ;
#2392 = ORIENTED_EDGE ( 'NONE', *, *, #1684, .F. ) ;
#2393 = ORIENTED_EDGE ( 'NONE', *, *, #1707, .T. ) ;
#2394 = ORIENTED_EDGE ( 'NONE', *, *, #1764, .F. ) ;
#2395 = ORIENTED_EDGE ( 'NONE', *, *, #1668, .T. ) ;
#2396 = EDGE_LOOP ( 'NONE', ( #2313, #2320 ) ) ;
#2397 = ORIENTED_EDGE ( 'NONE', *, *, #1657, .T. ) ;
#2398 = ORIENTED_EDGE ( 'NONE', *, *, #1722, .T. ) ;
#2399 = PRODUCT_DEFINITION_CONTEXT ( 'detailed design', #2510, 'design' ) ;
#2400 = PRODUCT_DEFINITION_SHAPE ( 'NONE', 'NONE',  #1580 ) ;
#2401 = ADVANCED_FACE ( 'NONE', ( #359 ), #719, .T. ) ;
#2402 = ADVANCED_FACE ( 'NONE', ( #400 ), #423, .T. ) ;
#2403 = ADVANCED_FACE ( 'NONE', ( #406 ), #398, .F. ) ;
#2404 = ADVANCED_FACE ( 'NONE', ( #402 ), #424, .F. ) ;
#2405 = ADVANCED_FACE ( 'NONE', ( #428 ), #410, .F. ) ;
#2406 = ADVANCED_FACE ( 'NONE', ( #433 ), #788, .T. ) ;
#2407 = ADVANCED_FACE ( 'NONE', ( #432 ), #443, .F. ) ;
#2408 = ADVANCED_FACE ( 'NONE', ( #437 ), #444, .T. ) ;
#2409 = ADVANCED_FACE ( 'NONE', ( #425, #455 ), #771, .T. ) ;
#2410 = ADVANCED_FACE ( 'NONE', ( #464 ), #465, .F. ) ;
#2411 = ADVANCED_FACE ( 'NONE', ( #471 ), #472, .F. ) ;
#2412 = ADVANCED_FACE ( 'NONE', ( #475 ), #466, .T. ) ;
#2413 = ADVANCED_FACE ( 'NONE', ( #495, #479, #484, #488, #480, #486, #493, #485 ), #772, .T. ) ;
#2414 = ADVANCED_FACE ( 'NONE', ( #489 ), #868, .T. ) ;
#2415 = ADVANCED_FACE ( 'NONE', ( #68 ), #64, .F. ) ;
#2416 = ADVANCED_FACE ( 'NONE', ( #77 ), #82, .F. ) ;
#2417 = ADVANCED_FACE ( 'NONE', ( #75 ), #1204, .F. ) ;
#2418 = ADVANCED_FACE ( 'NONE', ( #1195, #1196 ), #920, .T. ) ;
#2419 = ADVANCED_FACE ( 'NONE', ( #1211 ), #2553, .T. ) ;
#2420 = ADVANCED_FACE ( 'NONE', ( #1198 ), #954, .T. ) ;
#2421 = ADVANCED_FACE ( 'NONE', ( #1206 ), #1197, .T. ) ;
#2422 = ADVANCED_FACE ( 'NONE', ( #1236 ), #1199, .F. ) ;
#2423 = ADVANCED_FACE ( 'NONE', ( #1240 ), #1230, .T. ) ;
#2424 = ADVANCED_FACE ( 'NONE', ( #1220 ), #1233, .F. ) ;
#2425 = ADVANCED_FACE ( 'NONE', ( #1243 ), #1027, .T. ) ;
#2426 = ADVANCED_FACE ( 'NONE', ( #1248, #1259 ), #1006, .F. ) ;
#2427 = ADVANCED_FACE ( 'NONE', ( #1245 ), #961, .T. ) ;
#2428 = ADVANCED_FACE ( 'NONE', ( #1267 ), #1017, .T. ) ;
#2429 = ADVANCED_FACE ( 'NONE', ( #1290 ), #1260, .F. ) ;
#2430 = ADVANCED_FACE ( 'NONE', ( #1288, #1283, #1269, #1274, #1246, #1268, #1276, #1270 ), #1050, .F. ) ;
#2431 = ADVANCED_FACE ( 'NONE', ( #1277 ), #1291, .F. ) ;
#2432 = ADVANCED_FACE ( 'NONE', ( #1308 ), #1062, .T. ) ;
#2433 = ADVANCED_FACE ( 'NONE', ( #1314 ), #1074, .T. ) ;
#2434 = ADVANCED_FACE ( 'NONE', ( #1334 ), #1302, .F. ) ;
#2435 = ADVANCED_FACE ( 'NONE', ( #1325 ), #1303, .F. ) ;
#2436 = ADVANCED_FACE ( 'NONE', ( #1319 ), #1098, .T. ) ;
#2437 = ADVANCED_FACE ( 'NONE', ( #1332, #1320 ), #1117, .F. ) ;
#2438 = ADVANCED_FACE ( 'NONE', ( #1352 ), #1361, .T. ) ;
#2439 = ADVANCED_FACE ( 'NONE', ( #1344 ), #1161, .T. ) ;
#2440 = ADVANCED_FACE ( 'NONE', ( #1353 ), #1362, .T. ) ;
#2441 = ADVANCED_FACE ( 'NONE', ( #1379 ), #1348, .T. ) ;
#2442 = ADVANCED_FACE ( 'NONE', ( #1383 ), #536, .T. ) ;
#2443 = ADVANCED_FACE ( 'NONE', ( #1373 ), #500, .T. ) ;
#2444 = ADVANCED_FACE ( 'NONE', ( #1388 ), #546, .T. ) ;
#2445 = ADVANCED_FACE ( 'NONE', ( #1410 ), #1377, .F. ) ;
#2446 = ADVANCED_FACE ( 'NONE', ( #1398 ), #1382, .F. ) ;
#2447 = DIMENSIONAL_EXPONENTS ( 1.000000000000000000, 0.0000000000000000000, 0.0000000000000000000, 0.0000000000000000000, 0.0000000000000000000, 0.0000000000000000000, 0.0000000000000000000 ) ;
#2448 = DIMENSIONAL_EXPONENTS ( 1.000000000000000000, 0.0000000000000000000, 0.0000000000000000000, 0.0000000000000000000, 0.0000000000000000000, 0.0000000000000000000, 0.0000000000000000000 ) ;
#2449 = DIMENSIONAL_EXPONENTS ( 1.000000000000000000, 0.0000000000000000000, 0.0000000000000000000, 0.0000000000000000000, 0.0000000000000000000, 0.0000000000000000000, 0.0000000000000000000 ) ;
#2450 = DIMENSIONAL_EXPONENTS ( 1.000000000000000000, 0.0000000000000000000, 0.0000000000000000000, 0.0000000000000000000, 0.0000000000000000000, 0.0000000000000000000, 0.0000000000000000000 ) ;
#2451 = DIMENSIONAL_EXPONENTS ( 1.000000000000000000, 0.0000000000000000000, 0.0000000000000000000, 0.0000000000000000000, 0.0000000000000000000, 0.0000000000000000000, 0.0000000000000000000 ) ;
#2452 = DIMENSIONAL_EXPONENTS ( 1.000000000000000000, 0.0000000000000000000, 0.0000000000000000000, 0.0000000000000000000, 0.0000000000000000000, 0.0000000000000000000, 0.0000000000000000000 ) ;
#2453 = ADVANCED_FACE ( 'NONE', ( #1403 ), #1391, .T. ) ;
#2454 = DIMENSIONAL_EXPONENTS ( 1.000000000000000000, 0.0000000000000000000, 0.0000000000000000000, 0.0000000000000000000, 0.0000000000000000000, 0.0000000000000000000, 0.0000000000000000000 ) ;
#2455 = DIMENSIONAL_EXPONENTS ( 1.000000000000000000, 0.0000000000000000000, 0.0000000000000000000, 0.0000000000000000000, 0.0000000000000000000, 0.0000000000000000000, 0.0000000000000000000 ) ;
#2456 = DIMENSIONAL_EXPONENTS ( 1.000000000000000000, 0.0000000000000000000, 0.0000000000000000000, 0.0000000000000000000, 0.0000000000000000000, 0.0000000000000000000, 0.0000000000000000000 ) ;
#2457 = DIMENSIONAL_EXPONENTS ( 1.000000000000000000, 0.0000000000000000000, 0.0000000000000000000, 0.0000000000000000000, 0.0000000000000000000, 0.0000000000000000000, 0.0000000000000000000 ) ;
#2458 = DIMENSIONAL_EXPONENTS ( 1.000000000000000000, 0.0000000000000000000, 0.0000000000000000000, 0.0000000000000000000, 0.0000000000000000000, 0.0000000000000000000, 0.0000000000000000000 ) ;
#2459 = DIMENSIONAL_EXPONENTS ( 1.000000000000000000, 0.0000000000000000000, 0.0000000000000000000, 0.0000000000000000000, 0.0000000000000000000, 0.0000000000000000000, 0.0000000000000000000 ) ;
#2460 = ADVANCED_FACE ( 'NONE', ( #1400 ), #1397, .F. ) ;
#2461 = DIMENSIONAL_EXPONENTS ( 1.000000000000000000, 0.0000000000000000000, 0.0000000000000000000, 0.0000000000000000000, 0.0000000000000000000, 0.0000000000000000000, 0.0000000000000000000 ) ;
#2462 = DIMENSIONAL_EXPONENTS ( 1.000000000000000000, 0.0000000000000000000, 0.0000000000000000000, 0.0000000000000000000, 0.0000000000000000000, 0.0000000000000000000, 0.0000000000000000000 ) ;
#2463 = ADVANCED_FACE ( 'NONE', ( #1420 ), #1387, .F. ) ;
#2464 = DIMENSIONAL_EXPONENTS ( 1.000000000000000000, 0.0000000000000000000, 0.0000000000000000000, 0.0000000000000000000, 0.0000000000000000000, 0.0000000000000000000, 0.0000000000000000000 ) ;
#2465 = ADVANCED_FACE ( 'NONE', ( #1423 ), #1416, .F. ) ;
#2466 = DIMENSIONAL_EXPONENTS ( 1.000000000000000000, 0.0000000000000000000, 0.0000000000000000000, 0.0000000000000000000, 0.0000000000000000000, 0.0000000000000000000, 0.0000000000000000000 ) ;
#2467 = DIMENSIONAL_EXPONENTS ( 1.000000000000000000, 0.0000000000000000000, 0.0000000000000000000, 0.0000000000000000000, 0.0000000000000000000, 0.0000000000000000000, 0.0000000000000000000 ) ;
#2468 = DIMENSIONAL_EXPONENTS ( 1.000000000000000000, 0.0000000000000000000, 0.0000000000000000000, 0.0000000000000000000, 0.0000000000000000000, 0.0000000000000000000, 0.0000000000000000000 ) ;
#2469 = DIMENSIONAL_EXPONENTS ( 1.000000000000000000, 0.0000000000000000000, 0.0000000000000000000, 0.0000000000000000000, 0.0000000000000000000, 0.0000000000000000000, 0.0000000000000000000 ) ;
#2470 = DIMENSIONAL_EXPONENTS ( 1.000000000000000000, 0.0000000000000000000, 0.0000000000000000000, 0.0000000000000000000, 0.0000000000000000000, 0.0000000000000000000, 0.0000000000000000000 ) ;
#2471 = ADVANCED_FACE ( 'NONE', ( #1427 ), #1421, .F. ) ;
#2472 = DIMENSIONAL_EXPONENTS ( 1.000000000000000000, 0.0000000000000000000, 0.0000000000000000000, 0.0000000000000000000, 0.0000000000000000000, 0.0000000000000000000, 0.0000000000000000000 ) ;
#2473 = DIMENSIONAL_EXPONENTS ( 1.000000000000000000, 0.0000000000000000000, 0.0000000000000000000, 0.0000000000000000000, 0.0000000000000000000, 0.0000000000000000000, 0.0000000000000000000 ) ;
#2474 = DIMENSIONAL_EXPONENTS ( 1.000000000000000000, 0.0000000000000000000, 0.0000000000000000000, 0.0000000000000000000, 0.0000000000000000000, 0.0000000000000000000, 0.0000000000000000000 ) ;
#2475 = DIMENSIONAL_EXPONENTS ( 1.000000000000000000, 0.0000000000000000000, 0.0000000000000000000, 0.0000000000000000000, 0.0000000000000000000, 0.0000000000000000000, 0.0000000000000000000 ) ;
#2476 = UNCERTAINTY_MEASURE_WITH_UNIT (LENGTH_MEASURE( 1.000000000000000100E-005 ), #1179, 'distance_accuracy_value', 'NONE');
#2477 = UNCERTAINTY_MEASURE_WITH_UNIT (LENGTH_MEASURE( 1.000000000000000100E-005 ), #1132, 'distance_accuracy_value', 'NONE');
#2478 = UNCERTAINTY_MEASURE_WITH_UNIT (LENGTH_MEASURE( 1.000000000000000100E-005 ), #1188, 'distance_accuracy_value', 'NONE');
#2479 = UNCERTAINTY_MEASURE_WITH_UNIT (LENGTH_MEASURE( 1.000000000000000100E-005 ), #524, 'distance_accuracy_value', 'NONE');
#2480 = UNCERTAINTY_MEASURE_WITH_UNIT (LENGTH_MEASURE( 1.000000000000000100E-005 ), #496, 'distance_accuracy_value', 'NONE');
#2481 = UNCERTAINTY_MEASURE_WITH_UNIT (LENGTH_MEASURE( 1.000000000000000100E-005 ), #511, 'distance_accuracy_value', 'NONE');
#2482 = UNCERTAINTY_MEASURE_WITH_UNIT (LENGTH_MEASURE( 1.000000000000000100E-005 ), #1156, 'distance_accuracy_value', 'NONE');
#2483 = UNCERTAINTY_MEASURE_WITH_UNIT (LENGTH_MEASURE( 1.000000000000000100E-005 ), #760, 'distance_accuracy_value', 'NONE');
#2484 = UNCERTAINTY_MEASURE_WITH_UNIT (LENGTH_MEASURE( 1.000000000000000100E-005 ), #831, 'distance_accuracy_value', 'NONE');
#2485 = UNCERTAINTY_MEASURE_WITH_UNIT (LENGTH_MEASURE( 1.000000000000000100E-005 ), #1053, 'distance_accuracy_value', 'NONE');
#2486 = UNCERTAINTY_MEASURE_WITH_UNIT (LENGTH_MEASURE( 1.000000000000000100E-005 ), #967, 'distance_accuracy_value', 'NONE');
#2487 = UNCERTAINTY_MEASURE_WITH_UNIT (LENGTH_MEASURE( 1.000000000000000100E-005 ), #894, 'distance_accuracy_value', 'NONE');
#2488 = UNCERTAINTY_MEASURE_WITH_UNIT (LENGTH_MEASURE( 1.000000000000000100E-005 ), #1113, 'distance_accuracy_value', 'NONE');
#2489 = UNCERTAINTY_MEASURE_WITH_UNIT (LENGTH_MEASURE( 1.000000000000000100E-005 ), #1154, 'distance_accuracy_value', 'NONE');
#2490 = UNCERTAINTY_MEASURE_WITH_UNIT (LENGTH_MEASURE( 1.000000000000000100E-005 ), #916, 'distance_accuracy_value', 'NONE');
#2491 = UNCERTAINTY_MEASURE_WITH_UNIT (LENGTH_MEASURE( 1.000000000000000100E-005 ), #1103, 'distance_accuracy_value', 'NONE');
#2492 = UNCERTAINTY_MEASURE_WITH_UNIT (LENGTH_MEASURE( 1.000000000000000100E-005 ), #977, 'distance_accuracy_value', 'NONE');
#2493 = UNCERTAINTY_MEASURE_WITH_UNIT (LENGTH_MEASURE( 1.000000000000000100E-005 ), #938, 'distance_accuracy_value', 'NONE');
#2494 = UNCERTAINTY_MEASURE_WITH_UNIT (LENGTH_MEASURE( 1.000000000000000100E-005 ), #1030, 'distance_accuracy_value', 'NONE');
#2495 = UNCERTAINTY_MEASURE_WITH_UNIT (LENGTH_MEASURE( 1.000000000000000100E-005 ), #1021, 'distance_accuracy_value', 'NONE');
#2496 = UNCERTAINTY_MEASURE_WITH_UNIT (LENGTH_MEASURE( 1.000000000000000100E-005 ), #1070, 'distance_accuracy_value', 'NONE');
#2497 = UNCERTAINTY_MEASURE_WITH_UNIT (LENGTH_MEASURE( 1.000000000000000100E-005 ), #1114, 'distance_accuracy_value', 'NONE');
#2498 = UNCERTAINTY_MEASURE_WITH_UNIT (LENGTH_MEASURE( 1.000000000000000100E-005 ), #1079, 'distance_accuracy_value', 'NONE');
#2499 = UNCERTAINTY_MEASURE_WITH_UNIT (LENGTH_MEASURE( 1.000000000000000100E-005 ), #838, 'distance_accuracy_value', 'NONE');
#2500 = UNCERTAINTY_MEASURE_WITH_UNIT (LENGTH_MEASURE( 1.000000000000000100E-005 ), #886, 'distance_accuracy_value', 'NONE');
#2501 = UNCERTAINTY_MEASURE_WITH_UNIT (LENGTH_MEASURE( 1.000000000000000100E-005 ), #833, 'distance_accuracy_value', 'NONE');
#2502 = UNCERTAINTY_MEASURE_WITH_UNIT (LENGTH_MEASURE( 1.000000000000000100E-005 ), #879, 'distance_accuracy_value', 'NONE');
#2503 = UNCERTAINTY_MEASURE_WITH_UNIT (LENGTH_MEASURE( 1.000000000000000100E-005 ), #988, 'distance_accuracy_value', 'NONE');
#2504 = UNCERTAINTY_MEASURE_WITH_UNIT (LENGTH_MEASURE( 1.000000000000000100E-005 ), #1016, 'distance_accuracy_value', 'NONE');
#2505 = UNCERTAINTY_MEASURE_WITH_UNIT (LENGTH_MEASURE( 1.000000000000000100E-005 ), #1129, 'distance_accuracy_value', 'NONE');
#2506 = UNCERTAINTY_MEASURE_WITH_UNIT (LENGTH_MEASURE( 1.000000000000000100E-005 ), #1083, 'distance_accuracy_value', 'NONE');
#2507 = UNCERTAINTY_MEASURE_WITH_UNIT (LENGTH_MEASURE( 1.000000000000000100E-005 ), #1034, 'distance_accuracy_value', 'NONE');
#2508 = APPLICATION_CONTEXT ( 'automotive_design' ) ;
#2509 = APPLICATION_PROTOCOL_DEFINITION ( 'draft international standard', 'automotive_design', 1998, #2508 ) ;
#2510 = APPLICATION_CONTEXT ( 'automotive_design' ) ;
#2511 =( NAMED_UNIT ( * ) SI_UNIT ( $, .STERADIAN. ) SOLID_ANGLE_UNIT ( ) );
#2512 =( CONVERSION_BASED_UNIT ( 'INCH', #1413 ) LENGTH_UNIT ( ) NAMED_UNIT ( #1454 ) );
#2513 = SURFACE_SIDE_STYLE ('',( #1436 ) ) ;
#2514 =( NAMED_UNIT ( * ) SI_UNIT ( $, .STERADIAN. ) SOLID_ANGLE_UNIT ( ) );
#2515 = CARTESIAN_POINT ( 'NONE',  ( -3.326403280154847800, 2.353967828060291400, 7.096459184480899300 ) ) ;
#2516 =( CONVERSION_BASED_UNIT ( 'INCH', #1418 ) LENGTH_UNIT ( ) NAMED_UNIT ( #1444 ) );
#2517 = FILL_AREA_STYLE_COLOUR ( '', #1430 ) ;
#2518 =( LENGTH_UNIT ( ) NAMED_UNIT ( * ) SI_UNIT ( $, .METRE. ) );
#2519 = DIRECTION ( 'NONE',  ( 0.0000000000000000000, -1.601283208593974400E-015, 1.000000000000000000 ) ) ;
#2520 = DIRECTION ( 'NONE',  ( 0.0000000000000000000, -1.000000000000000000, -1.715124499442879900E-015 ) ) ;
#2521 =( NAMED_UNIT ( * ) PLANE_ANGLE_UNIT ( ) SI_UNIT ( $, .RADIAN. ) );
#2522 =( CONVERSION_BASED_UNIT ( 'INCH', #1435 ) LENGTH_UNIT ( ) NAMED_UNIT ( #1445 ) );
#2523 =( LENGTH_UNIT ( ) NAMED_UNIT ( * ) SI_UNIT ( $, .METRE. ) );
#2524 =( NAMED_UNIT ( * ) PLANE_ANGLE_UNIT ( ) SI_UNIT ( $, .RADIAN. ) );
#2525 = CARTESIAN_POINT ( 'NONE',  ( 0.0000000000000000000, 0.0000000000000000000, 0.0000000000000000000 ) ) ;
#2526 = PRODUCT_CONTEXT ( 'NONE', #2508, 'mechanical' ) ;
#2527 = APPLICATION_PROTOCOL_DEFINITION ( 'draft international standard', 'automotive_design', 1998, #2510 ) ;
#2528 = DIRECTION ( 'NONE',  ( -0.0000000000000000000, 1.000000000000000000, 1.715124499442879900E-015 ) ) ;
#2529 = DIRECTION ( 'NONE',  ( 0.0000000000000000000, -1.000000000000000000, -1.715124499442879900E-015 ) ) ;
#2530 =( LENGTH_UNIT ( ) NAMED_UNIT ( * ) SI_UNIT ( $, .METRE. ) );
#2531 = FILL_AREA_STYLE ('',( #2550 ) ) ;
#2532 =( NAMED_UNIT ( * ) PLANE_ANGLE_UNIT ( ) SI_UNIT ( $, .RADIAN. ) );
#2533 = DIRECTION ( 'NONE',  ( 0.0000000000000000000, 2.135044278125299400E-015, -1.000000000000000000 ) ) ;
#2534 = CARTESIAN_POINT ( 'NONE',  ( -3.156329407969072700, -0.7999691798137256200, 5.135316562549935100 ) ) ;
#2535 = SURFACE_SIDE_STYLE ('',( #1414 ) ) ;
#2536 =( NAMED_UNIT ( * ) PLANE_ANGLE_UNIT ( ) SI_UNIT ( $, .RADIAN. ) );
#2537 = FILL_AREA_STYLE ('',( #2552 ) ) ;
#2538 = SURFACE_STYLE_USAGE ( .BOTH. , #2548 ) ;
#2539 = FILL_AREA_STYLE ('',( #2517 ) ) ;
#2540 =( NAMED_UNIT ( * ) SI_UNIT ( $, .STERADIAN. ) SOLID_ANGLE_UNIT ( ) );
#2541 =( LENGTH_UNIT ( ) NAMED_UNIT ( * ) SI_UNIT ( $, .METRE. ) );
#2542 =( NAMED_UNIT ( * ) SI_UNIT ( $, .STERADIAN. ) SOLID_ANGLE_UNIT ( ) );
#2543 = DIRECTION ( 'NONE',  ( 0.0000000000000000000, 0.0000000000000000000, 1.000000000000000000 ) ) ;
#2544 =( CONVERSION_BASED_UNIT ( 'INCH', #1411 ) LENGTH_UNIT ( ) NAMED_UNIT ( #1461 ) );
#2545 = CARTESIAN_POINT ( 'NONE',  ( -3.409201195139458700, 2.353967828060291400, 8.077222378518133200 ) ) ;
#2546 = DIRECTION ( 'NONE',  ( 0.0000000000000000000, 2.135044278125299400E-015, -1.000000000000000000 ) ) ;
#2547 = SURFACE_STYLE_USAGE ( .BOTH. , #2535 ) ;
#2548 = SURFACE_SIDE_STYLE ('',( #1415 ) ) ;
#2549 = SURFACE_STYLE_USAGE ( .BOTH. , #2513 ) ;
#2550 = FILL_AREA_STYLE_COLOUR ( '', #1428 ) ;
#2551 = DIRECTION ( 'NONE',  ( 1.000000000000000000, 0.0000000000000000000, 0.0000000000000000000 ) ) ;
#2552 = FILL_AREA_STYLE_COLOUR ( '', #1426 ) ;
#2553 = B_SPLINE_SURFACE_WITH_KNOTS ( 'NONE', 3, 3, ( 
 ( #900, #882, #907, #884 ),
 ( #888, #904, #889, #890 ),
 ( #891, #905, #908, #909 ),
 ( #934, #959, #965, #942 ),
 ( #948, #958, #946, #973 ),
 ( #972, #947, #929, #969 ),
 ( #956, #980, #935, #957 ) ),
 .UNSPECIFIED., .F., .F., .F.,
 ( 4, 3, 4 ),
 ( 4, 4 ),
 ( -0.001890106327410011100, 0.0000000000000000000, 0.3150000000000000000 ),
 ( -0.3373436032632050100, -0.3086385257848239800 ),
 .UNSPECIFIED. ) ;
#2554 = ORIENTED_EDGE ( 'NONE', *, *, #1720, .F. ) ;
ENDSEC;
END-ISO-10303-21;
