ISO-10303-21;
HEADER;
FILE_DESCRIPTION (( 'STEP AP214' ),
    '1' );
FILE_NAME ('bracket-mod-R.STEP',
    '2026-06-27T21:11:41',
    ( '' ),
    ( '' ),
    'SwSTEP 2.0',
    'SolidWorks 2010',
    '' );
FILE_SCHEMA (( 'AUTOMOTIVE_DESIGN' ));
ENDSEC;

DATA;
#1 = PRODUCT ( 'bracket-mod-R', 'bracket-mod-R', '', ( #1403 ) ) ;
#2 = CARTESIAN_POINT ( 'NONE',  ( -80.13285617855014200, 59.79078283273143800, -165.9403283812272600 ) ) ;
#3 = DIRECTION ( 'NONE',  ( 1.000000000000000000, -0.0000000000000000000, -0.0000000000000000000 ) ) ;
#4 = DIRECTION ( 'NONE',  ( 0.0000000000000000000, 0.0000000000000000000, 1.000000000000000000 ) ) ;
#5 = DIRECTION ( 'NONE',  ( -0.9961946980917455500, 0.0000000000000000000, 0.08715574274765836000 ) ) ;
#6 = DIRECTION ( 'NONE',  ( 0.0000000000000000000, 2.135044278125299400E-015, 1.000000000000000000 ) ) ;
#7 = CARTESIAN_POINT ( 'NONE',  ( -80.13285617855014200, 59.79078283273142300, -172.4403283812272900 ) ) ;
#8 = CARTESIAN_POINT ( 'NONE',  ( -75.81297982503144800, -20.31921716726853700, -116.1273057841810300 ) ) ;
#9 = DIRECTION ( 'NONE',  ( -0.0000000000000000000, -1.000000000000000000, 1.715124499442879900E-015 ) ) ;
#10 = DIRECTION ( 'NONE',  ( 0.0000000000000000000, 2.135044278125299400E-015, 1.000000000000000000 ) ) ;
#11 = DIRECTION ( 'NONE',  ( 0.08715574274765845700, -2.322295495842179000E-016, 0.9961946980917455500 ) ) ;
#12 = DIRECTION ( 'NONE',  ( 0.0000000000000000000, 2.135044278125299400E-015, 1.000000000000000000 ) ) ;
#13 = DIRECTION ( 'NONE',  ( -0.0000000000000000000, 1.000000000000000000, -1.715124499442879900E-015 ) ) ;
#14 = DIRECTION ( 'NONE',  ( 0.9961946980917455500, 0.0000000000000000000, -0.08715574274765829100 ) ) ;
#15 =( NAMED_UNIT ( * ) SI_UNIT ( $, .STERADIAN. ) SOLID_ANGLE_UNIT ( ) );
#16 = CARTESIAN_POINT ( 'NONE',  ( -77.95396260985863500, 53.49078283273152600, -147.5354609289339600 ) ) ;
#17 = DIRECTION ( 'NONE',  ( 0.9961946980917455500, 0.0000000000000000000, -0.08715574274765829100 ) ) ;
#18 = DIRECTION ( 'NONE',  ( -0.08715574274765845700, 2.322295495842179000E-016, -0.9961946980917455500 ) ) ;
#19 = CARTESIAN_POINT ( 'NONE',  ( -80.13285617855014200, 53.49078283273141900, -172.4403283812272600 ) ) ;
#20 = DIRECTION ( 'NONE',  ( 0.0000000000000000000, 1.000000000000000000, -1.715124499442879900E-015 ) ) ;
#21 = CARTESIAN_POINT ( 'NONE',  ( 7.995127547023720600, 39.68078283273160200, -41.34853451335627000 ) ) ;
#22 = DIRECTION ( 'NONE',  ( -0.9961946980917455500, 0.0000000000000000000, 0.08715574274765836000 ) ) ;
#23 = CARTESIAN_POINT ( 'NONE',  ( 50.21957178599720400, 53.85909520578240300, -45.04269470794896800 ) ) ;
#24 = DIRECTION ( 'NONE',  ( 0.0000000000000000000, 1.000000000000000000, -1.715124499442879900E-015 ) ) ;
#25 = DIRECTION ( 'NONE',  ( 0.0000000000000000000, 1.000000000000000000, -1.715124499442879900E-015 ) ) ;
#26 = DIRECTION ( 'NONE',  ( 0.9961946980917455500, 0.0000000000000000000, -0.08715574274765838800 ) ) ;
#27 = CARTESIAN_POINT ( 'NONE',  ( 28.78863275667789900, -0.3192171672683750700, -43.16773049416831000 ) ) ;
#28 = DIRECTION ( 'NONE',  ( 0.08715574274765845700, -2.322295495842179000E-016, 0.9961946980917455500 ) ) ;
#29 = CARTESIAN_POINT ( 'NONE',  ( 70.14346574783212400, 53.85909520578240300, -46.78580956290217300 ) ) ;
#30 = DIRECTION ( 'NONE',  ( 0.0000000000000000000, 2.135044278125299400E-015, 1.000000000000000000 ) ) ;
#31 = DIRECTION ( 'NONE',  ( 0.08715574274765845700, -2.322295495842179000E-016, 0.9961946980917455500 ) ) ;
#32 = CARTESIAN_POINT ( 'NONE',  ( 69.94956778139530200, 51.07563318658110100, -46.76884568895823000 ) ) ;
#33 = DIRECTION ( 'NONE',  ( -0.08715574274765845700, 2.322295495842179000E-016, -0.9961946980917455500 ) ) ;
#34 = DIRECTION ( 'NONE',  ( -0.08715574274765845700, 2.322295495842179000E-016, -0.9961946980917455500 ) ) ;
#35 = DIRECTION ( 'NONE',  ( 0.7044160264027609100, 0.7071067811865452400, -0.06162841671621949200 ) ) ;
#36 = DIRECTION ( 'NONE',  ( -0.08715574274765845700, 2.322295495842179000E-016, -0.9961946980917455500 ) ) ;
#37 = CARTESIAN_POINT ( 'NONE',  ( -50.00000000000000000, 49.68078283273160900, -52.11000000000000700 ) ) ;
#38 = CARTESIAN_POINT ( 'NONE',  ( -67.50000000000000000, 53.49078283273160400, -52.11000000000000700 ) ) ;
#39 = DIRECTION ( 'NONE',  ( -1.000000000000000000, 0.0000000000000000000, 0.0000000000000000000 ) ) ;
#40 = CARTESIAN_POINT ( 'NONE',  ( -80.13285617855014200, 59.79078283273140900, -178.9403283812272900 ) ) ;
#41 = CARTESIAN_POINT ( 'NONE',  ( 28.23955157736765300, -0.3192171672683735700, -49.44375709214629900 ) ) ;
#42 = CARTESIAN_POINT ( 'NONE',  ( 50.21957178599720400, 53.85909520578240300, -45.04269470794896800 ) ) ;
#43 = CARTESIAN_POINT ( 'NONE',  ( 56.69483732359355300, 53.85909520578240300, -45.60920703580878700 ) ) ;
#44 = CARTESIAN_POINT ( 'NONE',  ( 44.34927374073674900, 15.85204151763330100, -50.85317515399340500 ) ) ;
#45 = DIRECTION ( 'NONE',  ( -0.0000000000000000000, 1.000000000000000000, -1.715124499442879900E-015 ) ) ;
#46 = DIRECTION ( 'NONE',  ( -0.9961946980917449900, 2.677705070082071200E-016, 0.08715574274766393900 ) ) ;
#47 = DIRECTION ( 'NONE',  ( 0.08715574274765845700, -2.322295495842179000E-016, 0.9961946980917455500 ) ) ;
#48 = DIRECTION ( 'NONE',  ( -0.1386435052934040800, -0.9902680687415703600, 0.01212973498466940800 ) ) ;
#49 = CARTESIAN_POINT ( 'NONE',  ( 49.67049060668695400, 53.85909520578240300, -51.31872130592698500 ) ) ;
#50 = CARTESIAN_POINT ( 'NONE',  ( -82.23592321915924700, 53.49078283273141900, -197.3517135097732800 ) ) ;
#51 = DIRECTION ( 'NONE',  ( 0.0000000000000000000, 1.000000000000000000, -1.715124499442879900E-015 ) ) ;
#52 = DIRECTION ( 'NONE',  ( 0.9961946980917454300, 0.0000000000000000000, -0.08715574274765836000 ) ) ;
#53 = DIRECTION ( 'NONE',  ( 0.9961946980917455500, 0.0000000000000000000, -0.08715574274765838800 ) ) ;
#54 = CARTESIAN_POINT ( 'NONE',  ( -82.23592321915924700, 59.79078283273143800, -190.8517135097732500 ) ) ;
#55 = CARTESIAN_POINT ( 'NONE',  ( -77.95396260985863500, 59.79078283273152300, -147.5354609289339600 ) ) ;
#56 = DIRECTION ( 'NONE',  ( 0.0000000000000000000, 2.135044278125299400E-015, 1.000000000000000000 ) ) ;
#57 = DIRECTION ( 'NONE',  ( -0.7044160264027592400, -0.7071067811865469100, 0.06162841671621856900 ) ) ;
#58 = DIRECTION ( 'NONE',  ( 0.0000000000000000000, 1.000000000000000000, -1.715124499442879900E-015 ) ) ;
#59 = DIRECTION ( 'NONE',  ( 0.0000000000000000000, 2.135044278125299400E-015, 1.000000000000000000 ) ) ;
#60 = CARTESIAN_POINT ( 'NONE',  ( 49.67049060668695400, 53.85909520578240300, -51.31872130592697800 ) ) ;
#61 = DIRECTION ( 'NONE',  ( 0.0000000000000000000, 1.734723475976805500E-015, 1.000000000000000000 ) ) ;
#62 = CARTESIAN_POINT ( 'NONE',  ( 49.67049060668695400, 53.85909520578240300, -51.31872130592697800 ) ) ;
#63 = CARTESIAN_POINT ( 'NONE',  ( -82.23592321915924700, 59.79078283273142300, -197.3517135097732800 ) ) ;
#64 = CARTESIAN_POINT ( 'NONE',  ( -75.81297982503144800, -20.31921716726855800, -129.1273057841810600 ) ) ;
#65 = DIRECTION ( 'NONE',  ( 0.9961946980917455500, 0.0000000000000000000, -0.08715574274765838800 ) ) ;
#66 = CARTESIAN_POINT ( 'NONE',  ( 69.40048660208503900, 51.07563318658112200, -53.04487228693619000 ) ) ;
#67 = CARTESIAN_POINT ( 'NONE',  ( 58.43759426879198300, 1.709905893902352600, -52.08574348831781000 ) ) ;
#68 = DIRECTION ( 'NONE',  ( 0.9961946980917455500, 0.0000000000000000000, -0.08715574274765838800 ) ) ;
#69 = DIRECTION ( 'NONE',  ( 0.08715574274765845700, -2.322295495842179000E-016, 0.9961946980917455500 ) ) ;
#70 = DIRECTION ( 'NONE',  ( 0.08715574274765845700, -2.322295495842179000E-016, 0.9961946980917455500 ) ) ;
#71 = CARTESIAN_POINT ( 'NONE',  ( 28.23955157736760000, -20.31921716726840900, -49.44375709214629900 ) ) ;
#72 = DIRECTION ( 'NONE',  ( -0.0000000000000000000, -1.000000000000000000, 1.715124499442879900E-015 ) ) ;
#73 = DIRECTION ( 'NONE',  ( 0.08715574274765845700, -2.305988929144469000E-016, 0.9961946980917455500 ) ) ;
#74 = DIRECTION ( 'NONE',  ( -0.0000000000000000000, -1.000000000000000000, 1.715124499442879900E-015 ) ) ;
#75 = DIRECTION ( 'NONE',  ( 0.0000000000000000000, 1.000000000000000000, -1.715124499442879900E-015 ) ) ;
#76 = DIRECTION ( 'NONE',  ( 0.08715574274765845700, -2.322295495842179000E-016, 0.9961946980917455500 ) ) ;
#77 = DIRECTION ( 'NONE',  ( 0.0000000000000000000, 1.000000000000000000, -1.715124499442879900E-015 ) ) ;
#78 = CARTESIAN_POINT ( 'NONE',  ( -75.81297982503144800, 53.49078283273152600, -122.6273057841811700 ) ) ;
#79 = DIRECTION ( 'NONE',  ( 0.0000000000000000000, 2.135044278125299400E-015, 1.000000000000000000 ) ) ;
#80 =( NAMED_UNIT ( * ) PLANE_ANGLE_UNIT ( ) SI_UNIT ( $, .RADIAN. ) );
#81 = DIRECTION ( 'NONE',  ( 0.0000000000000000000, 2.135044278125299400E-015, 1.000000000000000000 ) ) ;
#82 = DIRECTION ( 'NONE',  ( 0.0000000000000000000, 1.000000000000000000, -1.715124499442879900E-015 ) ) ;
#83 = CARTESIAN_POINT ( 'NONE',  ( 29.94049461128895100, 56.64255722498369700, -49.59257032491780800 ) ) ;
#84 = FILL_AREA_STYLE ('',( #112 ) ) ;
#85 = CARTESIAN_POINT ( 'NONE',  ( 50.21957178599720400, 53.85909520578240300, -45.04269470794901100 ) ) ;
#86 = CARTESIAN_POINT ( 'NONE',  ( -82.23592321915924700, 53.49078283273141900, -197.3517135097732800 ) ) ;
#87 = FILL_AREA_STYLE_COLOUR ( '', #638 ) ;
#88 = DIRECTION ( 'NONE',  ( 0.0000000000000000000, 1.000000000000000000, -1.715124499442879900E-015 ) ) ;
#89 = DIRECTION ( 'NONE',  ( 1.489141219000823400E-016, 1.000000000000000000, -1.302829750517483300E-017 ) ) ;
#90 = DIRECTION ( 'NONE',  ( 0.0000000000000000000, 1.000000000000000000, -1.715124499442879900E-015 ) ) ;
#91 =( LENGTH_UNIT ( ) NAMED_UNIT ( * ) SI_UNIT ( .MILLI., .METRE. ) );
#92 = SURFACE_SIDE_STYLE ('',( #628 ) ) ;
#93 = DIRECTION ( 'NONE',  ( 0.0000000000000000000, 2.135044278125299400E-015, 1.000000000000000000 ) ) ;
#94 = SURFACE_STYLE_USAGE ( .BOTH. , #121 ) ;
#95 = CARTESIAN_POINT ( 'NONE',  ( 15.88443923159564600, 21.31410859656930200, -42.00081332424849000 ) ) ;
#96 =( NAMED_UNIT ( * ) PLANE_ANGLE_UNIT ( ) SI_UNIT ( $, .RADIAN. ) );
#97 = CARTESIAN_POINT ( 'NONE',  ( 15.00000000000009900, 21.09447276028269900, -41.97479858230120400 ) ) ;
#98 = CARTESIAN_POINT ( 'NONE',  ( -49.99999999999998600, 59.79078283273170100, -56.62125228404150300 ) ) ;
#99 = DIRECTION ( 'NONE',  ( 0.08715574274765845700, -2.322295495842179000E-016, 0.9961946980917455500 ) ) ;
#100 =( NAMED_UNIT ( * ) SI_UNIT ( $, .STERADIAN. ) SOLID_ANGLE_UNIT ( ) );
#101 =( NAMED_UNIT ( * ) SI_UNIT ( $, .STERADIAN. ) SOLID_ANGLE_UNIT ( ) );
#102 = CARTESIAN_POINT ( 'NONE',  ( 15.29655300898745000, 21.16514212308770100, -41.97479858230120400 ) ) ;
#103 = CARTESIAN_POINT ( 'NONE',  ( -13.93906804088820000, 53.49078283273159700, -70.05233926546310400 ) ) ;
#104 = CARTESIAN_POINT ( 'NONE',  ( -102.1598171642470400, 59.79078283273142300, -195.6085984633992600 ) ) ;
#105 = DIRECTION ( 'NONE',  ( 5.077788558347159900E-031, -1.000000000000000000, 1.503327405774718800E-046 ) ) ;
#106 = DIRECTION ( 'NONE',  ( 0.9961946980917455500, 0.0000000000000000000, -0.08715574274765836000 ) ) ;
#107 = CARTESIAN_POINT ( 'NONE',  ( -82.23592321915924700, 59.79078283273140900, -203.8517135097732800 ) ) ;
#108 = SURFACE_SIDE_STYLE ('',( #632 ) ) ;
#109 = SURFACE_STYLE_USAGE ( .BOTH. , #108 ) ;
#110 = DIRECTION ( 'NONE',  ( 0.08715574274765861000, 1.101411730778922600E-015, 0.9961946980917454300 ) ) ;
#111 = CARTESIAN_POINT ( 'NONE',  ( -75.81297982503144800, 53.49078283273152600, -122.6273057841811700 ) ) ;
#112 = FILL_AREA_STYLE_COLOUR ( '', #643 ) ;
#113 = DIRECTION ( 'NONE',  ( 0.0000000000000000000, 1.000000000000000000, -1.715124499442879900E-015 ) ) ;
#114 = DIRECTION ( 'NONE',  ( 2.664535259100380000E-015, 1.000000000000000000, 0.0000000000000000000 ) ) ;
#115 = SURFACE_STYLE_USAGE ( .BOTH. , #92 ) ;
#116 =( LENGTH_UNIT ( ) NAMED_UNIT ( * ) SI_UNIT ( .MILLI., .METRE. ) );
#117 = CARTESIAN_POINT ( 'NONE',  ( 15.33206337986865000, -0.3192171672683358800, -48.31449820027045000 ) ) ;
#118 = CARTESIAN_POINT ( 'NONE',  ( 27.17604236311160900, 36.89732081353030700, -49.35071209234350000 ) ) ;
#119 = PLANE ( 'NONE',  #919 ) ;
#120 = DIRECTION ( 'NONE',  ( 0.1386435052934049700, 0.9902680687415702500, -0.01212973498467136700 ) ) ;
#121 = SURFACE_SIDE_STYLE ('',( #644 ) ) ;
#122 = DIRECTION ( 'NONE',  ( 0.0000000000000000000, 2.135044278125299400E-015, 1.000000000000000000 ) ) ;
#123 =( LENGTH_UNIT ( ) NAMED_UNIT ( * ) SI_UNIT ( .MILLI., .METRE. ) );
#124 = DIRECTION ( 'NONE',  ( 0.0000000000000000000, 1.000000000000000000, -1.715124499442879900E-015 ) ) ;
#125 = FILL_AREA_STYLE ('',( #128 ) ) ;
#126 = DIRECTION ( 'NONE',  ( 0.0000000000000000000, 1.715124499442879900E-015, 1.000000000000000000 ) ) ;
#127 = CARTESIAN_POINT ( 'NONE',  ( -75.81297982503144800, 59.79078283273150900, -122.6273057841811900 ) ) ;
#128 = FILL_AREA_STYLE_COLOUR ( '', #673 ) ;
#129 = CARTESIAN_POINT ( 'NONE',  ( 15.59214280073873100, 21.23836412286910000, -41.97524070015949600 ) ) ;
#130 = FILL_AREA_STYLE ('',( #87 ) ) ;
#131 = VERTEX_POINT ( 'NONE', #145 ) ;
#132 = VERTEX_POINT ( 'NONE', #213 ) ;
#133 = VERTEX_POINT ( 'NONE', #153 ) ;
#134 = VERTEX_POINT ( 'NONE', #219 ) ;
#135 = VERTEX_POINT ( 'NONE', #152 ) ;
#136 = VERTEX_POINT ( 'NONE', #229 ) ;
#137 = VERTEX_POINT ( 'NONE', #144 ) ;
#138 = VERTEX_POINT ( 'NONE', #247 ) ;
#139 = VERTEX_POINT ( 'NONE', #248 ) ;
#140 = VERTEX_POINT ( 'NONE', #199 ) ;
#141 = VERTEX_POINT ( 'NONE', #196 ) ;
#142 = VERTEX_POINT ( 'NONE', #214 ) ;
#143 = VERTEX_POINT ( 'NONE', #220 ) ;
#144 = CARTESIAN_POINT ( 'NONE',  ( 56.14575614428330400, 53.85909520578240300, -51.88523363378676100 ) ) ;
#145 = CARTESIAN_POINT ( 'NONE',  ( -75.81297982503144800, 53.49078283273151200, -129.1273057841811700 ) ) ;
#146 = VERTEX_POINT ( 'NONE', #209 ) ;
#147 = VERTEX_POINT ( 'NONE', #215 ) ;
#148 = VERTEX_POINT ( 'NONE', #223 ) ;
#149 = VERTEX_POINT ( 'NONE', #224 ) ;
#150 = VERTEX_POINT ( 'NONE', #198 ) ;
#151 = VERTEX_POINT ( 'NONE', #200 ) ;
#152 = CARTESIAN_POINT ( 'NONE',  ( -82.23592321915924700, 59.79078283273140900, -203.8517135097732800 ) ) ;
#153 = CARTESIAN_POINT ( 'NONE',  ( -82.23592321915924700, 53.49078283273140500, -203.8517135097732800 ) ) ;
#154 = VERTEX_POINT ( 'NONE', #236 ) ;
#155 = VERTEX_POINT ( 'NONE', #232 ) ;
#156 = VERTEX_POINT ( 'NONE', #240 ) ;
#157 = VERTEX_POINT ( 'NONE', #217 ) ;
#158 = VERTEX_POINT ( 'NONE', #203 ) ;
#159 = VERTEX_POINT ( 'NONE', #226 ) ;
#160 = VERTEX_POINT ( 'NONE', #228 ) ;
#161 = VERTEX_POINT ( 'NONE', #230 ) ;
#162 = VERTEX_POINT ( 'NONE', #235 ) ;
#163 = VERTEX_POINT ( 'NONE', #237 ) ;
#164 = VERTEX_POINT ( 'NONE', #241 ) ;
#165 = VERTEX_POINT ( 'NONE', #243 ) ;
#166 = VERTEX_POINT ( 'NONE', #205 ) ;
#167 = VERTEX_POINT ( 'NONE', #206 ) ;
#168 = VERTEX_POINT ( 'NONE', #250 ) ;
#169 = VERTEX_POINT ( 'NONE', #251 ) ;
#170 = VERTEX_POINT ( 'NONE', #252 ) ;
#171 = VERTEX_POINT ( 'NONE', #253 ) ;
#172 = VERTEX_POINT ( 'NONE', #295 ) ;
#173 = VERTEX_POINT ( 'NONE', #278 ) ;
#174 = VERTEX_POINT ( 'NONE', #287 ) ;
#175 = VERTEX_POINT ( 'NONE', #261 ) ;
#176 = VERTEX_POINT ( 'NONE', #293 ) ;
#177 = VERTEX_POINT ( 'NONE', #294 ) ;
#178 = VERTEX_POINT ( 'NONE', #258 ) ;
#179 = VERTEX_POINT ( 'NONE', #291 ) ;
#180 = VERTEX_POINT ( 'NONE', #266 ) ;
#181 = VERTEX_POINT ( 'NONE', #289 ) ;
#182 = VERTEX_POINT ( 'NONE', #286 ) ;
#183 = VERTEX_POINT ( 'NONE', #284 ) ;
#184 = VERTEX_POINT ( 'NONE', #256 ) ;
#185 = VERTEX_POINT ( 'NONE', #269 ) ;
#186 = VERTEX_POINT ( 'NONE', #254 ) ;
#187 = VERTEX_POINT ( 'NONE', #267 ) ;
#188 = VERTEX_POINT ( 'NONE', #285 ) ;
#189 = VERTEX_POINT ( 'NONE', #268 ) ;
#190 = VERTEX_POINT ( 'NONE', #255 ) ;
#191 = VERTEX_POINT ( 'NONE', #272 ) ;
#192 = VERTEX_POINT ( 'NONE', #270 ) ;
#193 = VERTEX_POINT ( 'NONE', #274 ) ;
#194 = VERTEX_POINT ( 'NONE', #271 ) ;
#195 = VERTEX_POINT ( 'NONE', #275 ) ;
#196 = CARTESIAN_POINT ( 'NONE',  ( 15.33206337986862300, -20.31921716726839800, -48.31449820027042800 ) ) ;
#197 = VERTEX_POINT ( 'NONE', #277 ) ;
#198 = CARTESIAN_POINT ( 'NONE',  ( -73.67199704020426100, 59.79078283273156600, -91.21915063942840600 ) ) ;
#199 = CARTESIAN_POINT ( 'NONE',  ( 28.23955157736762100, -20.31921716726841300, -49.44375709214630600 ) ) ;
#200 = CARTESIAN_POINT ( 'NONE',  ( -82.23592321915924700, 59.79078283273143800, -190.8517135097732500 ) ) ;
#201 = VERTEX_POINT ( 'NONE', #288 ) ;
#202 = VERTEX_POINT ( 'NONE', #290 ) ;
#203 = CARTESIAN_POINT ( 'NONE',  ( -73.67199704020426100, 53.49078283273154000, -104.2191506394284100 ) ) ;
#204 = VERTEX_POINT ( 'NONE', #257 ) ;
#205 = CARTESIAN_POINT ( 'NONE',  ( 15.33206337986877300, 21.31410859656930200, -48.31449820027043500 ) ) ;
#206 = CARTESIAN_POINT ( 'NONE',  ( 69.94956778139535900, 51.07563318658107900, -46.76884568895824400 ) ) ;
#207 = VERTEX_POINT ( 'NONE', #259 ) ;
#208 = VERTEX_POINT ( 'NONE', #260 ) ;
#209 = CARTESIAN_POINT ( 'NONE',  ( -73.67199704020426100, 53.49078283273156800, -91.21915063942839200 ) ) ;
#210 = VERTEX_POINT ( 'NONE', #263 ) ;
#211 = VERTEX_POINT ( 'NONE', #280 ) ;
#212 = VERTEX_POINT ( 'NONE', #262 ) ;
#213 = CARTESIAN_POINT ( 'NONE',  ( -80.13285617855014200, 59.79078283273143800, -165.9403283812272600 ) ) ;
#214 = CARTESIAN_POINT ( 'NONE',  ( -77.95396260985863500, 59.79078283273153700, -141.0354609289339600 ) ) ;
#215 = CARTESIAN_POINT ( 'NONE',  ( -75.81297982503144800, 59.79078283273149500, -129.1273057841812000 ) ) ;
#216 = VERTEX_POINT ( 'NONE', #273 ) ;
#217 = CARTESIAN_POINT ( 'NONE',  ( 43.74430624840085400, 53.85909520578240300, -44.47618238008919200 ) ) ;
#218 = VERTEX_POINT ( 'NONE', #292 ) ;
#219 = CARTESIAN_POINT ( 'NONE',  ( -82.23592321915924700, 53.49078283273143300, -190.8517135097732500 ) ) ;
#220 = CARTESIAN_POINT ( 'NONE',  ( 69.59438456852187500, 53.85909520578240300, -53.06183616088014100 ) ) ;
#221 = VERTEX_POINT ( 'NONE', #264 ) ;
#222 = VERTEX_POINT ( 'NONE', #265 ) ;
#223 = CARTESIAN_POINT ( 'NONE',  ( -80.13285617855014200, 59.79078283273140900, -178.9403283812272900 ) ) ;
#224 = CARTESIAN_POINT ( 'NONE',  ( -80.13285617855014200, 53.49078283273140500, -178.9403283812272600 ) ) ;
#225 = VERTEX_POINT ( 'NONE', #276 ) ;
#226 = CARTESIAN_POINT ( 'NONE',  ( -77.95396260985863500, 53.49078283273151200, -154.0354609289339600 ) ) ;
#227 = VERTEX_POINT ( 'NONE', #279 ) ;
#228 = CARTESIAN_POINT ( 'NONE',  ( -80.13285617855014200, 53.49078283273143300, -165.9403283812272300 ) ) ;
#229 = CARTESIAN_POINT ( 'NONE',  ( 69.40048660208505300, 51.07563318658110100, -53.04487228693619000 ) ) ;
#230 = CARTESIAN_POINT ( 'NONE',  ( 70.14346574783212400, 53.85909520578240300, -46.78580956290218000 ) ) ;
#231 = VERTEX_POINT ( 'NONE', #281 ) ;
#232 = CARTESIAN_POINT ( 'NONE',  ( 43.19522506909060400, 53.85909520578240300, -50.75220897806720200 ) ) ;
#233 = VERTEX_POINT ( 'NONE', #282 ) ;
#234 = VERTEX_POINT ( 'NONE', #283 ) ;
#235 = CARTESIAN_POINT ( 'NONE',  ( -89.99999999999998600, 59.79078283273162200, -56.62125228404130400 ) ) ;
#236 = CARTESIAN_POINT ( 'NONE',  ( 56.69483732359355300, 53.85909520578240300, -45.60920703580875100 ) ) ;
#237 = CARTESIAN_POINT ( 'NONE',  ( 15.00000000000002300, -20.31921716726840200, -48.29999999999999700 ) ) ;
#238 = VERTEX_POINT ( 'NONE', #314 ) ;
#239 = VERTEX_POINT ( 'NONE', #305 ) ;
#240 = CARTESIAN_POINT ( 'NONE',  ( -77.95396260985863500, 59.79078283273150900, -154.0354609289339600 ) ) ;
#241 = CARTESIAN_POINT ( 'NONE',  ( 58.98667544810216200, 1.709905893902310800, -45.80971689033977200 ) ) ;
#242 = VERTEX_POINT ( 'NONE', #336 ) ;
#243 = CARTESIAN_POINT ( 'NONE',  ( -62.24901618379201600, 53.49078283273141900, -196.6281479221530300 ) ) ;
#244 = VERTEX_POINT ( 'NONE', #298 ) ;
#245 = VERTEX_POINT ( 'NONE', #311 ) ;
#246 = VERTEX_POINT ( 'NONE', #340 ) ;
#247 = CARTESIAN_POINT ( 'NONE',  ( -75.81297982503144800, 53.49078283273154000, -116.1273057841811600 ) ) ;
#248 = CARTESIAN_POINT ( 'NONE',  ( -73.67199704020426100, 59.79078283273153700, -104.2191506394284200 ) ) ;
#249 = VERTEX_POINT ( 'NONE', #338 ) ;
#250 = CARTESIAN_POINT ( 'NONE',  ( -90.00000000000000000, 53.49078283273160400, -52.11000000000000700 ) ) ;
#251 = CARTESIAN_POINT ( 'NONE',  ( 15.88114455917891200, 21.31410859656930200, -42.03847160229244700 ) ) ;
#252 = CARTESIAN_POINT ( 'NONE',  ( 64.07926973613481900, 13.06857949843201000, -52.57932613500260300 ) ) ;
#253 = CARTESIAN_POINT ( 'NONE',  ( 28.78863275667789900, -20.31921716726840500, -43.16773049416830300 ) ) ;
#254 = CARTESIAN_POINT ( 'NONE',  ( 42.32787210542281300, -14.46135279099932400, -50.67632542647069700 ) ) ;
#255 = CARTESIAN_POINT ( 'NONE',  ( -49.99999999999998600, 53.49078283273156800, -56.62125228404150300 ) ) ;
#256 = CARTESIAN_POINT ( 'NONE',  ( 64.62835091544508300, 13.06857949843198300, -46.30329953702460000 ) ) ;
#257 = CARTESIAN_POINT ( 'NONE',  ( -15.60000000000000100, 5.280782832731642200, -48.29999999999999700 ) ) ;
#258 = CARTESIAN_POINT ( 'NONE',  ( -90.00000000000000000, 59.79078283273162200, -52.11000000000001400 ) ) ;
#259 = CARTESIAN_POINT ( 'NONE',  ( -4.400000000000002100, -5.919217167268358900, -42.00000000000000000 ) ) ;
#260 = CARTESIAN_POINT ( 'NONE',  ( -84.14213562373095100, 3.822918456462606400, -48.29999999999999700 ) ) ;
#261 = CARTESIAN_POINT ( 'NONE',  ( 58.43759426879192600, 1.709905893902329900, -52.08574348831779600 ) ) ;
#262 = CARTESIAN_POINT ( 'NONE',  ( -50.00000000000000000, 29.68078283273160200, -42.00000000000000000 ) ) ;
#263 = CARTESIAN_POINT ( 'NONE',  ( -51.71572875253809800, -20.31921716726839800, -42.00000000000000000 ) ) ;
#264 = CARTESIAN_POINT ( 'NONE',  ( -51.71572875253809800, -20.31921716726840200, -48.29999999999999700 ) ) ;
#265 = CARTESIAN_POINT ( 'NONE',  ( -90.00000000000000000, 49.68078283273160900, -42.00000000000000000 ) ) ;
#266 = CARTESIAN_POINT ( 'NONE',  ( -102.1598171726206200, 53.49078283273146900, -195.6085985591096800 ) ) ;
#267 = CARTESIAN_POINT ( 'NONE',  ( 29.94049461128895500, 56.64255722498370500, -49.59257032491778700 ) ) ;
#268 = CARTESIAN_POINT ( 'NONE',  ( 27.17604236311159500, 36.89732081353028500, -49.35071209234347800 ) ) ;
#269 = CARTESIAN_POINT ( 'NONE',  ( -50.00000000000000000, 49.68078283273160900, -48.29999999999999700 ) ) ;
#270 = CARTESIAN_POINT ( 'NONE',  ( -75.81297982503144800, 59.79078283273152300, -116.1273057841811700 ) ) ;
#271 = CARTESIAN_POINT ( 'NONE',  ( -49.99999999999999300, 53.49078283273160400, -52.11000000000000700 ) ) ;
#272 = CARTESIAN_POINT ( 'NONE',  ( -90.00000000000000000, 49.68078283273160900, -48.29999999999999700 ) ) ;
#273 = CARTESIAN_POINT ( 'NONE',  ( -50.00000000000000000, 49.68078283273160900, -42.00000000000000000 ) ) ;
#274 = CARTESIAN_POINT ( 'NONE',  ( -49.99999999999998600, 59.79078283273161500, -56.62125228404140400 ) ) ;
#275 = CARTESIAN_POINT ( 'NONE',  ( -65.85786437626900600, -14.46135279099932800, -42.00000000000000000 ) ) ;
#276 = CARTESIAN_POINT ( 'NONE',  ( -4.400000000000000400, 5.280782832731642200, -42.00000000000000000 ) ) ;
#277 = CARTESIAN_POINT ( 'NONE',  ( -84.14213562373093700, 3.822918456462566400, -42.00000000000000000 ) ) ;
#278 = CARTESIAN_POINT ( 'NONE',  ( 27.72512354242179500, 36.89732081353027100, -43.07468549436549700 ) ) ;
#279 = CARTESIAN_POINT ( 'NONE',  ( -40.00000000000000000, 19.68078283273159800, -42.00000000000000000 ) ) ;
#280 = CARTESIAN_POINT ( 'NONE',  ( 7.614265243675470500, 19.68078283273159800, -42.00000000000000000 ) ) ;
#281 = CARTESIAN_POINT ( 'NONE',  ( -15.60000000000000000, -5.919217167268358000, -48.29999999999999700 ) ) ;
#282 = CARTESIAN_POINT ( 'NONE',  ( -4.400000000000000400, 5.280782832731643100, -48.29999999999999700 ) ) ;
#283 = CARTESIAN_POINT ( 'NONE',  ( -4.400000000000001200, -5.919217167268358000, -48.29999999999999700 ) ) ;
#284 = CARTESIAN_POINT ( 'NONE',  ( -90.00000000000001400, 53.49078283273159000, -56.62125228404149600 ) ) ;
#285 = CARTESIAN_POINT ( 'NONE',  ( 15.88114455917883600, -20.31921716726840200, -42.03847160229244700 ) ) ;
#286 = CARTESIAN_POINT ( 'NONE',  ( 15.00000000000005200, 21.09447276028264200, -42.00000000000000000 ) ) ;
#287 = CARTESIAN_POINT ( 'NONE',  ( -77.95396260985863500, 53.49078283273154000, -141.0354609289339600 ) ) ;
#288 = CARTESIAN_POINT ( 'NONE',  ( -15.60000000000000100, 5.280782832731642200, -42.00000000000000000 ) ) ;
#289 = CARTESIAN_POINT ( 'NONE',  ( 30.48957579059921500, 56.64255722498373300, -43.31654372693978400 ) ) ;
#290 = CARTESIAN_POINT ( 'NONE',  ( -15.60000000000000000, -5.919217167268358000, -42.00000000000000000 ) ) ;
#291 = CARTESIAN_POINT ( 'NONE',  ( 15.00000000000008000, 21.09447276028261700, -48.29999999999999700 ) ) ;
#292 = CARTESIAN_POINT ( 'NONE',  ( -40.00000000000000000, 19.68078283273159500, -48.29999999999999700 ) ) ;
#293 = CARTESIAN_POINT ( 'NONE',  ( -50.00000000000000000, 59.79078283273162200, -52.11000000000001400 ) ) ;
#294 = CARTESIAN_POINT ( 'NONE',  ( -102.1598171726206200, 59.79078283273140200, -195.6085985591096800 ) ) ;
#295 = CARTESIAN_POINT ( 'NONE',  ( 42.87695328473301300, -14.46135279099933700, -44.40029882849269400 ) ) ;
#296 = DIRECTION ( 'NONE',  ( -0.0000000000000000000, -0.0000000000000000000, 1.000000000000000000 ) ) ;
#297 = CARTESIAN_POINT ( 'NONE',  ( -90.00000000000000000, 77.17042217245409600, -42.00000000000000000 ) ) ;
#298 = CARTESIAN_POINT ( 'NONE',  ( 7.614265243675472300, 19.68078283273159800, -48.29999999999999700 ) ) ;
#299 = CARTESIAN_POINT ( 'NONE',  ( -15.60000000000000000, -5.919217167268359800, -42.00000000000000000 ) ) ;
#300 = CARTESIAN_POINT ( 'NONE',  ( -77.95396260985863500, 59.79078283273153700, -141.0354609289339600 ) ) ;
#301 = DIRECTION ( 'NONE',  ( 0.0000000000000000000, 1.000000000000000000, -1.715124499442879900E-015 ) ) ;
#302 = CARTESIAN_POINT ( 'NONE',  ( -73.67199704020426100, 59.79078283273155100, -97.71915063942842000 ) ) ;
#303 = DIRECTION ( 'NONE',  ( 0.08715574274765845700, -2.322295495842179000E-016, 0.9961946980917455500 ) ) ;
#304 = DIRECTION ( 'NONE',  ( -0.0000000000000000000, 0.0000000000000000000, 1.000000000000000000 ) ) ;
#305 = CARTESIAN_POINT ( 'NONE',  ( -90.00000000000000000, 17.96505408019350000, -48.29999999999999700 ) ) ;
#306 = CARTESIAN_POINT ( 'NONE',  ( 7.446046367713476500, 39.68078283273160200, -47.62456111133423800 ) ) ;
#307 = DIRECTION ( 'NONE',  ( 0.9961946980917454300, 0.0000000000000000000, -0.08715574274765836000 ) ) ;
#308 = DIRECTION ( 'NONE',  ( 0.0000000000000000000, 2.135044278125299400E-015, 1.000000000000000000 ) ) ;
#309 = CARTESIAN_POINT ( 'NONE',  ( -82.23592321915924700, 53.49078283273141900, -197.3517135097732800 ) ) ;
#310 = DIRECTION ( 'NONE',  ( -0.0000000000000000000, 0.0000000000000000000, 1.000000000000000000 ) ) ;
#311 = CARTESIAN_POINT ( 'NONE',  ( -50.00000000000000000, 29.68078283273160200, -48.29999999999999700 ) ) ;
#312 = DIRECTION ( 'NONE',  ( 0.0000000000000000000, -0.0000000000000000000, -1.000000000000000000 ) ) ;
#313 = DIRECTION ( 'NONE',  ( 0.08715574274765845700, -2.322295495842179000E-016, 0.9961946980917455500 ) ) ;
#314 = CARTESIAN_POINT ( 'NONE',  ( 15.00000000000002300, -20.31921716726840200, -42.00000000000000000 ) ) ;
#315 = DIRECTION ( 'NONE',  ( 0.0000000000000000000, -1.000000000000000000, -0.0000000000000000000 ) ) ;
#316 = CARTESIAN_POINT ( 'NONE',  ( -13.93906804088820000, -5.919217167268356200, -42.00000000000000000 ) ) ;
#317 = DIRECTION ( 'NONE',  ( 0.0000000000000000000, 1.000000000000000000, -1.715124499442879900E-015 ) ) ;
#318 = CARTESIAN_POINT ( 'NONE',  ( -15.60000000000000500, 5.280782832731640400, -42.00000000000000000 ) ) ;
#319 = CARTESIAN_POINT ( 'NONE',  ( 49.67049060668695400, 53.85909520578240300, -51.31872130592698500 ) ) ;
#320 = DIRECTION ( 'NONE',  ( 0.0000000000000000000, 1.000000000000000000, -1.715124499442879900E-015 ) ) ;
#321 = CARTESIAN_POINT ( 'NONE',  ( -90.00000000000001400, 17.96505408019350000, -42.00000000000000000 ) ) ;
#322 = DIRECTION ( 'NONE',  ( 0.9961946980917455500, 0.0000000000000000000, -0.08715574274765836000 ) ) ;
#323 = DIRECTION ( 'NONE',  ( 0.0000000000000000000, 0.0000000000000000000, -1.000000000000000000 ) ) ;
#324 = CARTESIAN_POINT ( 'NONE',  ( 43.74430624840085400, 53.85909520578240300, -44.47618238008922700 ) ) ;
#325 = DIRECTION ( 'NONE',  ( -0.0000000000000000000, 0.0000000000000000000, 1.000000000000000000 ) ) ;
#326 = DIRECTION ( 'NONE',  ( -1.000000000000000000, -0.0000000000000000000, 0.0000000000000000000 ) ) ;
#327 = CARTESIAN_POINT ( 'NONE',  ( -4.400000000000000400, -5.919217167268359800, -42.00000000000000000 ) ) ;
#328 = CARTESIAN_POINT ( 'NONE',  ( -4.400000000000000400, 5.280782832731640400, -42.00000000000000000 ) ) ;
#329 = CARTESIAN_POINT ( 'NONE',  ( -77.95396260985863500, 59.79078283273150900, -154.0354609289339600 ) ) ;
#330 = CARTESIAN_POINT ( 'NONE',  ( -70.00000000000000000, 17.96505408019350000, -42.00000000000000000 ) ) ;
#331 = DIRECTION ( 'NONE',  ( -1.000000000000000000, 0.0000000000000000000, 0.0000000000000000000 ) ) ;
#332 = DIRECTION ( 'NONE',  ( 1.000000000000000000, 0.0000000000000000000, -0.0000000000000000000 ) ) ;
#333 = CARTESIAN_POINT ( 'NONE',  ( -15.60000000000000000, 77.17042217245409600, -42.00000000000000000 ) ) ;
#334 = DIRECTION ( 'NONE',  ( -0.0000000000000000000, 1.000000000000000000, 0.0000000000000000000 ) ) ;
#335 = CARTESIAN_POINT ( 'NONE',  ( -13.93906804088820000, 5.280782832731645700, -42.00000000000000000 ) ) ;
#336 = CARTESIAN_POINT ( 'NONE',  ( -62.24901618379200800, 59.79078283273143100, -196.6281479221530900 ) ) ;
#337 = DIRECTION ( 'NONE',  ( 0.08715574274765845700, -2.322295495842179000E-016, 0.9961946980917455500 ) ) ;
#338 = CARTESIAN_POINT ( 'NONE',  ( -65.85786437626904900, -14.46135279099932300, -48.29999999999999700 ) ) ;
#339 = CARTESIAN_POINT ( 'NONE',  ( -84.14213562373096500, 3.822918456462619300, -42.00000000000000000 ) ) ;
#340 = CARTESIAN_POINT ( 'NONE',  ( -90.00000000000000000, 17.96505408019350000, -42.00000000000000000 ) ) ;
#341 = CARTESIAN_POINT ( 'NONE',  ( -73.67199704020426100, -20.31921716726851600, -104.2191506394282800 ) ) ;
#342 = DIRECTION ( 'NONE',  ( 1.000000000000000000, -0.0000000000000000000, -0.0000000000000000000 ) ) ;
#343 = CARTESIAN_POINT ( 'NONE',  ( -84.14213562373099400, 3.822918456462584700, -42.00000000000000000 ) ) ;
#344 = CARTESIAN_POINT ( 'NONE',  ( -90.00000000000000000, 49.68078283273160900, -52.11000000000000700 ) ) ;
#345 = DIRECTION ( 'NONE',  ( 0.7071067811865493500, -0.7071067811865456900, 0.0000000000000000000 ) ) ;
#346 = DIRECTION ( 'NONE',  ( -0.08715574274765883200, 0.0000000000000000000, -0.9961946980917454300 ) ) ;
#347 = DIRECTION ( 'NONE',  ( 0.0000000000000000000, -0.0000000000000000000, 1.000000000000000000 ) ) ;
#348 = DIRECTION ( 'NONE',  ( 0.0000000000000000000, 2.135044278125299400E-015, 1.000000000000000000 ) ) ;
#349 = DIRECTION ( 'NONE',  ( -0.0000000000000000000, 1.000000000000000000, -1.715124499442879900E-015 ) ) ;
#350 = DIRECTION ( 'NONE',  ( 0.0000000000000000000, 1.000000000000000000, -1.715124499442879900E-015 ) ) ;
#351 = DIRECTION ( 'NONE',  ( 0.0000000000000000000, 2.135044278125299400E-015, 1.000000000000000000 ) ) ;
#352 = DIRECTION ( 'NONE',  ( 0.0000000000000000000, -6.863396541945823700E-016, 1.000000000000000000 ) ) ;
#353 = CARTESIAN_POINT ( 'NONE',  ( -4.399999999999999500, 77.17042217245409600, -42.00000000000000000 ) ) ;
#354 = CARTESIAN_POINT ( 'NONE',  ( -50.00000000000000000, 53.49078283273149700, -56.62125228404150300 ) ) ;
#355 = CARTESIAN_POINT ( 'NONE',  ( -97.80203002686410200, 53.49078283273159000, -145.7988635588120000 ) ) ;
#356 = CARTESIAN_POINT ( 'NONE',  ( -73.67199704020426100, 53.49078283273155400, -97.71915063942840600 ) ) ;
#357 = DIRECTION ( 'NONE',  ( 0.08715574274765815200, 0.0000000000000000000, 0.9961946980917455500 ) ) ;
#358 = CARTESIAN_POINT ( 'NONE',  ( -77.95396260985863500, 53.49078283273152600, -147.5354609289339600 ) ) ;
#359 = DIRECTION ( 'NONE',  ( -1.000000000000000000, -0.0000000000000000000, 0.0000000000000000000 ) ) ;
#360 = CARTESIAN_POINT ( 'NONE',  ( 42.87695328473300500, -14.46135279099930500, -44.40029882849266600 ) ) ;
#361 = DIRECTION ( 'NONE',  ( 0.0000000000000000000, 2.135044278125299400E-015, 1.000000000000000000 ) ) ;
#362 = DIRECTION ( 'NONE',  ( 0.0000000000000000000, 1.000000000000000000, -1.715124499442879900E-015 ) ) ;
#363 = DIRECTION ( 'NONE',  ( 0.0000000000000000000, 1.000000000000000000, -1.715124499442879900E-015 ) ) ;
#364 = CARTESIAN_POINT ( 'NONE',  ( -50.00000000000000000, 77.17042217245409600, -42.00000000000000000 ) ) ;
#365 = CARTESIAN_POINT ( 'NONE',  ( -73.67199704020426100, 53.49078283273155400, -97.71915063942840600 ) ) ;
#366 =( NAMED_UNIT ( * ) PLANE_ANGLE_UNIT ( ) SI_UNIT ( $, .RADIAN. ) );
#367 = CARTESIAN_POINT ( 'NONE',  ( -13.93906804088820000, 49.68078283273160900, -42.00000000000000000 ) ) ;
#368 = CARTESIAN_POINT ( 'NONE',  ( -73.67199704020426100, -20.31921716726849400, -91.21915063942827800 ) ) ;
#369 = DIRECTION ( 'NONE',  ( -0.0000000000000000000, 1.000000000000000000, 0.0000000000000000000 ) ) ;
#370 = DIRECTION ( 'NONE',  ( -0.0000000000000000000, 1.000000000000000000, -1.715124499442879900E-015 ) ) ;
#371 = DIRECTION ( 'NONE',  ( 0.0000000000000000000, -1.000000000000000000, -0.0000000000000000000 ) ) ;
#372 = DIRECTION ( 'NONE',  ( 0.0000000000000000000, 1.000000000000000000, -1.715124499442879900E-015 ) ) ;
#373 = LINE ( 'NONE', #43, #2158 ) ;
#374 = EDGE_CURVE ( 'NONE', #207, #202, #1591, .T. ) ;
#375 = EDGE_CURVE ( 'NONE', #201, #204, #1601, .T. ) ;
#376 = EDGE_CURVE ( 'NONE', #155, #137, #1575, .T. ) ;
#377 = EDGE_CURVE ( 'NONE', #234, #207, #1574, .T. ) ;
#378 = EDGE_CURVE ( 'NONE', #246, #239, #1612, .T. ) ;
#379 = EDGE_CURVE ( 'NONE', #133, #134, #1621, .T. ) ;
#380 = EDGE_CURVE ( 'NONE', #159, #156, #1630, .T. ) ;
#381 = EDGE_CURVE ( 'NONE', #166, #189, #1631, .T. ) ;
#382 = EDGE_CURVE ( 'NONE', #155, #157, #1640, .T. ) ;
#383 = AXIS2_PLACEMENT_3D ( 'NONE', #16, #24, #12 ) ;
#384 = AXIS2_PLACEMENT_3D ( 'NONE', #37, #3, #4 ) ;
#385 = AXIS2_PLACEMENT_3D ( 'NONE', #63, #72, #56 ) ;
#386 = EDGE_CURVE ( 'NONE', #233, #225, #1614, .T. ) ;
#387 = EDGE_CURVE ( 'NONE', #246, #197, #1629, .T. ) ;
#388 = EDGE_CURVE ( 'NONE', #201, #225, #1623, .T. ) ;
#389 = EDGE_CURVE ( 'NONE', #202, #201, #1616, .T. ) ;
#390 = EDGE_CURVE ( 'NONE', #222, #246, #1626, .T. ) ;
#391 = EDGE_CURVE ( 'NONE', #231, #202, #1620, .T. ) ;
#392 = EDGE_CURVE ( 'NONE', #174, #142, #1634, .T. ) ;
#393 = AXIS2_PLACEMENT_3D ( 'NONE', #21, #33, #26 ) ;
#394 = EDGE_CURVE ( 'NONE', #208, #197, #1633, .T. ) ;
#395 = EDGE_CURVE ( 'NONE', #139, #150, #1642, .T. ) ;
#396 = EDGE_CURVE ( 'NONE', #158, #139, #1628, .T. ) ;
#397 = EDGE_CURVE ( 'NONE', #225, #207, #1622, .T. ) ;
#398 = EDGE_CURVE ( 'NONE', #212, #216, #1639, .T. ) ;
#399 = EDGE_CURVE ( 'NONE', #216, #222, #1873, .T. ) ;
#400 = EDGE_CURVE ( 'NONE', #178, #222, #1879, .T. ) ;
#401 = EDGE_CURVE ( 'NONE', #197, #195, #1869, .T. ) ;
#402 = EDGE_CURVE ( 'NONE', #183, #180, #1883, .T. ) ;
#403 = EDGE_CURVE ( 'NONE', #146, #158, #1877, .T. ) ;
#404 = EDGE_CURVE ( 'NONE', #158, #146, #1880, .T. ) ;
#405 = EDGE_CURVE ( 'NONE', #146, #150, #1871, .T. ) ;
#406 = EDGE_CURVE ( 'NONE', #165, #190, #1882, .T. ) ;
#407 = EDGE_CURVE ( 'NONE', #159, #174, #1887, .T. ) ;
#408 = EDGE_CURVE ( 'NONE', #140, #186, #1886, .T. ) ;
#409 = EDGE_CURVE ( 'NONE', #172, #164, #1888, .T. ) ;
#410 = EDGE_CURVE ( 'NONE', #194, #168, #1876, .T. ) ;
#411 = EDGE_CURVE ( 'NONE', #174, #159, #538, .T. ) ;
#412 = EDGE_CURVE ( 'NONE', #173, #169, #535, .T. ) ;
#413 = EDGE_CURVE ( 'NONE', #157, #154, #532, .T. ) ;
#414 = EDGE_CURVE ( 'NONE', #138, #192, #533, .T. ) ;
#415 = EDGE_CURVE ( 'NONE', #171, #172, #537, .T. ) ;
#416 = EDGE_CURVE ( 'NONE', #154, #157, #539, .T. ) ;
#417 = EDGE_CURVE ( 'NONE', #149, #160, #1925, .T. ) ;
#418 = EDGE_CURVE ( 'NONE', #143, #161, #1921, .T. ) ;
#419 = EDGE_CURVE ( 'NONE', #149, #148, #1922, .T. ) ;
#420 = EDGE_CURVE ( 'NONE', #167, #136, #1923, .T. ) ;
#421 = EDGE_CURVE ( 'NONE', #194, #185, #542, .T. ) ;
#422 = EDGE_CURVE ( 'NONE', #132, #148, #1926, .T. ) ;
#423 = EDGE_CURVE ( 'NONE', #160, #132, #544, .T. ) ;
#424 = EDGE_CURVE ( 'NONE', #131, #147, #1924, .T. ) ;
#425 = EDGE_CURVE ( 'NONE', #143, #187, #546, .T. ) ;
#426 = EDGE_CURVE ( 'NONE', #134, #151, #534, .T. ) ;
#427 = EDGE_CURVE ( 'NONE', #140, #141, #541, .T. ) ;
#428 = EDGE_CURVE ( 'NONE', #175, #186, #1619, .T. ) ;
#429 = EDGE_CURVE ( 'NONE', #136, #170, #1638, .T. ) ;
#430 = EDGE_CURVE ( 'NONE', #136, #143, #1637, .T. ) ;
#431 = EDGE_CURVE ( 'NONE', #137, #154, #373, .T. ) ;
#432 = EDGE_CURVE ( 'NONE', #175, #170, #627, .T. ) ;
#433 = EDGE_CURVE ( 'NONE', #131, #138, #653, .T. ) ;
#434 = EDGE_CURVE ( 'NONE', #165, #180, #635, .T. ) ;
#435 = EDGE_CURVE ( 'NONE', #137, #155, #659, .T. ) ;
#436 = EDGE_CURVE ( 'NONE', #151, #135, #629, .T. ) ;
#437 = EDGE_CURVE ( 'NONE', #142, #156, #640, .T. ) ;
#438 = EDGE_CURVE ( 'NONE', #147, #192, #631, .T. ) ;
#439 = EDGE_CURVE ( 'NONE', #193, #190, #633, .T. ) ;
#440 = EDGE_CURVE ( 'NONE', #167, #161, #660, .T. ) ;
#441 = EDGE_CURVE ( 'NONE', #189, #187, #620, .T. ) ;
#442 = EDGE_CURVE ( 'NONE', #180, #177, #636, .T. ) ;
#443 = EDGE_CURVE ( 'NONE', #141, #166, #625, .T. ) ;
#444 = EDGE_CURVE ( 'NONE', #133, #135, #657, .T. ) ;
#445 = EDGE_CURVE ( 'NONE', #187, #181, #656, .T. ) ;
#446 = EDGE_CURVE ( 'NONE', #138, #131, #634, .T. ) ;
#447 = EDGE_CURVE ( 'NONE', #134, #133, #622, .T. ) ;
#448 = UNCERTAINTY_MEASURE_WITH_UNIT (LENGTH_MEASURE( 1.000000000000000100E-005 ), #570, 'distance_accuracy_value', 'NONE');
#449 = UNCERTAINTY_MEASURE_WITH_UNIT (LENGTH_MEASURE( 1.000000000000000100E-005 ), #2015, 'distance_accuracy_value', 'NONE');
#450 = UNCERTAINTY_MEASURE_WITH_UNIT (LENGTH_MEASURE( 1.000000000000000100E-005 ), #1899, 'distance_accuracy_value', 'NONE');
#451 = UNCERTAINTY_MEASURE_WITH_UNIT (LENGTH_MEASURE( 1.000000000000000100E-005 ), #583, 'distance_accuracy_value', 'NONE');
#452 = UNCERTAINTY_MEASURE_WITH_UNIT (LENGTH_MEASURE( 1.000000000000000100E-005 ), #600, 'distance_accuracy_value', 'NONE');
#453 = UNCERTAINTY_MEASURE_WITH_UNIT (LENGTH_MEASURE( 1.000000000000000100E-005 ), #116, 'distance_accuracy_value', 'NONE');
#454 = UNCERTAINTY_MEASURE_WITH_UNIT (LENGTH_MEASURE( 1.000000000000000100E-005 ), #1946, 'distance_accuracy_value', 'NONE');
#455 = MANIFOLD_SOLID_BREP ( 'Cut-Extrude1', #2179 ) ;
#456 = UNCERTAINTY_MEASURE_WITH_UNIT (LENGTH_MEASURE( 1.000000000000000100E-005 ), #1941, 'distance_accuracy_value', 'NONE');
#457 = UNCERTAINTY_MEASURE_WITH_UNIT (LENGTH_MEASURE( 1.000000000000000100E-005 ), #1994, 'distance_accuracy_value', 'NONE');
#458 = UNCERTAINTY_MEASURE_WITH_UNIT (LENGTH_MEASURE( 1.000000000000000100E-005 ), #91, 'distance_accuracy_value', 'NONE');
#459 = UNCERTAINTY_MEASURE_WITH_UNIT (LENGTH_MEASURE( 1.000000000000000100E-005 ), #580, 'distance_accuracy_value', 'NONE');
#460 = UNCERTAINTY_MEASURE_WITH_UNIT (LENGTH_MEASURE( 1.000000000000000100E-005 ), #553, 'distance_accuracy_value', 'NONE');
#461 = UNCERTAINTY_MEASURE_WITH_UNIT (LENGTH_MEASURE( 1.000000000000000100E-005 ), #1999, 'distance_accuracy_value', 'NONE');
#462 = UNCERTAINTY_MEASURE_WITH_UNIT (LENGTH_MEASURE( 1.000000000000000100E-005 ), #548, 'distance_accuracy_value', 'NONE');
#463 = UNCERTAINTY_MEASURE_WITH_UNIT (LENGTH_MEASURE( 1.000000000000000100E-005 ), #1892, 'distance_accuracy_value', 'NONE');
#464 = UNCERTAINTY_MEASURE_WITH_UNIT (LENGTH_MEASURE( 1.000000000000000100E-005 ), #1984, 'distance_accuracy_value', 'NONE');
#465 = UNCERTAINTY_MEASURE_WITH_UNIT (LENGTH_MEASURE( 1.000000000000000100E-005 ), #2011, 'distance_accuracy_value', 'NONE');
#466 = UNCERTAINTY_MEASURE_WITH_UNIT (LENGTH_MEASURE( 1.000000000000000100E-005 ), #123, 'distance_accuracy_value', 'NONE');
#467 = UNCERTAINTY_MEASURE_WITH_UNIT (LENGTH_MEASURE( 1.000000000000000100E-005 ), #1989, 'distance_accuracy_value', 'NONE');
#468 = ADVANCED_FACE ( 'NONE', ( #655, #621, #623, #652, #630, #645 ), #119, .F. ) ;
#469 = ADVANCED_FACE ( 'NONE', ( #647 ), #639, .F. ) ;
#470 = ADVANCED_FACE ( 'NONE', ( #667 ), #646, .F. ) ;
#471 = ADVANCED_FACE ( 'NONE', ( #672 ), #1955, .F. ) ;
#472 = ADVANCED_FACE ( 'NONE', ( #682 ), #1950, .F. ) ;
#473 = ADVANCED_FACE ( 'NONE', ( #683 ), #664, .T. ) ;
#474 = ADVANCED_FACE ( 'NONE', ( #671 ), #679, .T. ) ;
#475 = ADVANCED_FACE ( 'NONE', ( #687 ), #1969, .F. ) ;
#476 = ADVANCED_FACE ( 'NONE', ( #707 ), #2010, .F. ) ;
#477 = ADVANCED_FACE ( 'NONE', ( #699 ), #689, .T. ) ;
#478 = ADVANCED_FACE ( 'NONE', ( #720, #711 ), #2017, .T. ) ;
#479 = ADVANCED_FACE ( 'NONE', ( #715 ), #733, .T. ) ;
#480 = ADVANCED_FACE ( 'NONE', ( #724 ), #734, .F. ) ;
#481 = ADVANCED_FACE ( 'NONE', ( #725, #756 ), #593, .F. ) ;
#482 = ADVANCED_FACE ( 'NONE', ( #745 ), #749, .F. ) ;
#483 = ADVANCED_FACE ( 'NONE', ( #754 ), #743, .F. ) ;
#484 = ADVANCED_FACE ( 'NONE', ( #736 ), #747, .F. ) ;
#485 = ADVANCED_FACE ( 'NONE', ( #737 ), #755, .F. ) ;
#486 = ADVANCED_FACE ( 'NONE', ( #775 ), #776, .T. ) ;
#487 = ADVANCED_FACE ( 'NONE', ( #774 ), #1901, .F. ) ;
#488 = ADVANCED_FACE ( 'NONE', ( #772 ), #777, .F. ) ;
#489 = ADVANCED_FACE ( 'NONE', ( #760 ), #1810, .F. ) ;
#490 = ADVANCED_FACE ( 'NONE', ( #793 ), #1801, .F. ) ;
#491 = ADVANCED_FACE ( 'NONE', ( #796 ), #1843, .F. ) ;
#492 = ADVANCED_FACE ( 'NONE', ( #786 ), #795, .F. ) ;
#493 = ADVANCED_FACE ( 'NONE', ( #784 ), #800, .T. ) ;
#494 = ADVANCED_FACE ( 'NONE', ( #817 ), #807, .F. ) ;
#495 = ADVANCED_FACE ( 'NONE', ( #825 ), #2244, .F. ) ;
#496 = ADVANCED_FACE ( 'NONE', ( #822 ), #821, .F. ) ;
#497 = ADVANCED_FACE ( 'NONE', ( #808 ), #1060, .F. ) ;
#498 = ADVANCED_FACE ( 'NONE', ( #827 ), #1088, .F. ) ;
#499 = ADVANCED_FACE ( 'NONE', ( #833 ), #1083, .F. ) ;
#500 = ADVANCED_FACE ( 'NONE', ( #837 ), #844, .F. ) ;
#501 = ADVANCED_FACE ( 'NONE', ( #853 ), #847, .F. ) ;
#502 = ADVANCED_FACE ( 'NONE', ( #842 ), #839, .T. ) ;
#503 = ADVANCED_FACE ( 'NONE', ( #857, #877, #870, #878, #872, #883 ), #1162, .T. ) ;
#504 = ADVANCED_FACE ( 'NONE', ( #867 ), #865, .T. ) ;
#505 = ADVANCED_FACE ( 'NONE', ( #882 ), #869, .F. ) ;
#506 = ADVANCED_FACE ( 'NONE', ( #894 ), #888, .F. ) ;
#507 = ADVANCED_FACE ( 'NONE', ( #886 ), #1419, .T. ) ;
#508 = ADVANCED_FACE ( 'NONE', ( #1411 ), #1200, .F. ) ;
#509 = ADVANCED_FACE ( 'NONE', ( #1420 ), #1169, .F. ) ;
#510 = ADVANCED_FACE ( 'NONE', ( #1417 ), #1424, .F. ) ;
#511 = ADVANCED_FACE ( 'NONE', ( #1425, #1455 ), #1201, .T. ) ;
#512 = ADVANCED_FACE ( 'NONE', ( #1440, #1448 ), #1171, .F. ) ;
#513 = ADVANCED_FACE ( 'NONE', ( #1442 ), #1175, .F. ) ;
#514 = ADVANCED_FACE ( 'NONE', ( #1446 ), #1434, .F. ) ;
#515 = UNCERTAINTY_MEASURE_WITH_UNIT (LENGTH_MEASURE( 1.000000000000000100E-005 ), #1361, 'distance_accuracy_value', 'NONE');
#516 = UNCERTAINTY_MEASURE_WITH_UNIT (LENGTH_MEASURE( 1.000000000000000100E-005 ), #1217, 'distance_accuracy_value', 'NONE');
#517 = UNCERTAINTY_MEASURE_WITH_UNIT (LENGTH_MEASURE( 1.000000000000000100E-005 ), #1137, 'distance_accuracy_value', 'NONE');
#518 = UNCERTAINTY_MEASURE_WITH_UNIT (LENGTH_MEASURE( 1.000000000000000100E-005 ), #1232, 'distance_accuracy_value', 'NONE');
#519 = UNCERTAINTY_MEASURE_WITH_UNIT (LENGTH_MEASURE( 1.000000000000000100E-005 ), #1187, 'distance_accuracy_value', 'NONE');
#520 = UNCERTAINTY_MEASURE_WITH_UNIT (LENGTH_MEASURE( 1.000000000000000100E-005 ), #1360, 'distance_accuracy_value', 'NONE');
#521 = UNCERTAINTY_MEASURE_WITH_UNIT (LENGTH_MEASURE( 1.000000000000000100E-005 ), #1148, 'distance_accuracy_value', 'NONE');
#522 = B_SPLINE_CURVE_WITH_KNOTS ( 'NONE', 3,
 ( #1329, #1334, #1342, #1347 ),
 .UNSPECIFIED., .F., .F.,
 ( 4, 4 ),
 ( 0.0000000000000000000, 1.000000000000000000 ),
 .UNSPECIFIED. ) ;
#523 = B_SPLINE_CURVE_WITH_KNOTS ( 'NONE', 3,
 ( #1344, #1364, #1395, #1367 ),
 .UNSPECIFIED., .F., .F.,
 ( 4, 4 ),
 ( 0.0000000000000000000, 1.000000000000000000 ),
 .UNSPECIFIED. ) ;
#524 = UNCERTAINTY_MEASURE_WITH_UNIT (LENGTH_MEASURE( 1.000000000000000100E-005 ), #1216, 'distance_accuracy_value', 'NONE');
#525 = ADVANCED_BREP_SHAPE_REPRESENTATION ( 'bracket-mod-R', ( #455, #1047 ), #1558 ) ;
#526 = UNCERTAINTY_MEASURE_WITH_UNIT (LENGTH_MEASURE( 1.000000000000000100E-005 ), #1206, 'distance_accuracy_value', 'NONE');
#527 = UNCERTAINTY_MEASURE_WITH_UNIT (LENGTH_MEASURE( 1.000000000000000100E-005 ), #1199, 'distance_accuracy_value', 'NONE');
#528 = UNCERTAINTY_MEASURE_WITH_UNIT (LENGTH_MEASURE( 1.000000000000000100E-005 ), #1251, 'distance_accuracy_value', 'NONE');
#529 = PRODUCT_DEFINITION_CONTEXT ( 'detailed design', #1400, 'design' ) ;
#530 = PRODUCT_DEFINITION_SHAPE ( 'NONE', 'NONE',  #1041 ) ;
#531 = VECTOR ( 'NONE', #45, 1000.000000000000000 ) ;
#532 = CIRCLE ( 'NONE', #1650, 6.500000000000003600 ) ;
#533 = LINE ( 'NONE', #8, #536 ) ;
#534 = LINE ( 'NONE', #54, #540 ) ;
#535 = CIRCLE ( 'NONE', #393, 20.00000000000000000 ) ;
#536 = VECTOR ( 'NONE', #13, 1000.000000000000000 ) ;
#537 = CIRCLE ( 'NONE', #1563, 20.00000000000000400 ) ;
#538 = CIRCLE ( 'NONE', #383, 6.500000000000005300 ) ;
#539 = CIRCLE ( 'NONE', #1651, 6.500000000000003600 ) ;
#540 = VECTOR ( 'NONE', #58, 1000.000000000000000 ) ;
#541 = LINE ( 'NONE', #71, #543 ) ;
#542 = CIRCLE ( 'NONE', #384, 3.810000000000000900 ) ;
#543 = VECTOR ( 'NONE', #46, 1000.000000000000100 ) ;
#544 = LINE ( 'NONE', #2, #545 ) ;
#545 = VECTOR ( 'NONE', #75, 1000.000000000000000 ) ;
#546 = CIRCLE ( 'NONE', #1930, 20.00000000000000000 ) ;
#547 = VECTOR ( 'NONE', #48, 1000.000000000000100 ) ;
#548 =( LENGTH_UNIT ( ) NAMED_UNIT ( * ) SI_UNIT ( .MILLI., .METRE. ) );
#549 =( NAMED_UNIT ( * ) SI_UNIT ( $, .STERADIAN. ) SOLID_ANGLE_UNIT ( ) );
#550 = FILL_AREA_STYLE ('',( #572 ) ) ;
#551 = DIRECTION ( 'NONE',  ( 0.08715574274765845700, -2.322295495842179000E-016, 0.9961946980917455500 ) ) ;
#552 = FILL_AREA_STYLE ('',( #581 ) ) ;
#553 =( LENGTH_UNIT ( ) NAMED_UNIT ( * ) SI_UNIT ( .MILLI., .METRE. ) );
#554 =( NAMED_UNIT ( * ) PLANE_ANGLE_UNIT ( ) SI_UNIT ( $, .RADIAN. ) );
#555 = CARTESIAN_POINT ( 'NONE',  ( -77.95396260985863500, 59.79078283273152300, -147.5354609289339600 ) ) ;
#556 = FILL_AREA_STYLE ('',( #619 ) ) ;
#557 = CARTESIAN_POINT ( 'NONE',  ( -73.67199704020426100, -20.31921716726850500, -97.71915063942827800 ) ) ;
#558 = DIRECTION ( 'NONE',  ( -0.0000000000000000000, 1.000000000000000000, -1.715124499442879900E-015 ) ) ;
#559 = DIRECTION ( 'NONE',  ( 0.9961946980917455500, 0.0000000000000000000, -0.08715574274765836000 ) ) ;
#560 = SURFACE_STYLE_USAGE ( .BOTH. , #585 ) ;
#561 = DIRECTION ( 'NONE',  ( 0.9961946980917455500, 0.0000000000000000000, -0.08715574274765836000 ) ) ;
#562 = FILL_AREA_STYLE_COLOUR ( '', #750 ) ;
#563 = DIRECTION ( 'NONE',  ( 0.0000000000000000000, 1.000000000000000000, -1.715124499442879900E-015 ) ) ;
#564 = FILL_AREA_STYLE_COLOUR ( '', #709 ) ;
#565 = CARTESIAN_POINT ( 'NONE',  ( 50.21957178599720400, 53.85909520578240300, -45.04269470794900300 ) ) ;
#566 = DIRECTION ( 'NONE',  ( 0.9961946980917455500, 0.0000000000000000000, -0.08715574274765845700 ) ) ;
#567 = SURFACE_SIDE_STYLE ('',( #732 ) ) ;
#568 = SURFACE_STYLE_USAGE ( .BOTH. , #567 ) ;
#569 =( NAMED_UNIT ( * ) PLANE_ANGLE_UNIT ( ) SI_UNIT ( $, .RADIAN. ) );
#570 =( LENGTH_UNIT ( ) NAMED_UNIT ( * ) SI_UNIT ( .MILLI., .METRE. ) );
#571 =( NAMED_UNIT ( * ) PLANE_ANGLE_UNIT ( ) SI_UNIT ( $, .RADIAN. ) );
#572 = FILL_AREA_STYLE_COLOUR ( '', #712 ) ;
#573 =( NAMED_UNIT ( * ) SI_UNIT ( $, .STERADIAN. ) SOLID_ANGLE_UNIT ( ) );
#574 = FILL_AREA_STYLE ('',( #564 ) ) ;
#575 = DIRECTION ( 'NONE',  ( 0.0000000000000000000, 2.135044278125299400E-015, 1.000000000000000000 ) ) ;
#576 = FILL_AREA_STYLE_COLOUR ( '', #735 ) ;
#577 =( NAMED_UNIT ( * ) PLANE_ANGLE_UNIT ( ) SI_UNIT ( $, .RADIAN. ) );
#578 = CARTESIAN_POINT ( 'NONE',  ( 7.995127547023718900, 39.68078283273160200, -41.34853451335629900 ) ) ;
#579 = DIRECTION ( 'NONE',  ( 0.0000000000000000000, 1.601283208593974400E-015, 1.000000000000000000 ) ) ;
#580 =( LENGTH_UNIT ( ) NAMED_UNIT ( * ) SI_UNIT ( .MILLI., .METRE. ) );
#581 = FILL_AREA_STYLE_COLOUR ( '', #714 ) ;
#582 = FILL_AREA_STYLE ('',( #562 ) ) ;
#583 =( LENGTH_UNIT ( ) NAMED_UNIT ( * ) SI_UNIT ( .MILLI., .METRE. ) );
#584 = DIRECTION ( 'NONE',  ( 0.08715574274765845700, -2.322295495842178500E-016, 0.9961946980917455500 ) ) ;
#585 = SURFACE_SIDE_STYLE ('',( #765 ) ) ;
#586 = SURFACE_SIDE_STYLE ('',( #752 ) ) ;
#587 = SURFACE_STYLE_USAGE ( .BOTH. , #586 ) ;
#588 = SURFACE_SIDE_STYLE ('',( #716 ) ) ;
#589 = SURFACE_SIDE_STYLE ('',( #738 ) ) ;
#590 = SURFACE_SIDE_STYLE ('',( #728 ) ) ;
#591 = SURFACE_STYLE_USAGE ( .BOTH. , #588 ) ;
#592 =( NAMED_UNIT ( * ) SI_UNIT ( $, .STERADIAN. ) SOLID_ANGLE_UNIT ( ) );
#593 = PLANE ( 'NONE',  #934 ) ;
#594 = SURFACE_STYLE_USAGE ( .BOTH. , #589 ) ;
#595 = SURFACE_STYLE_USAGE ( .BOTH. , #590 ) ;
#596 = CARTESIAN_POINT ( 'NONE',  ( -14.02526997657320100, 77.17042217245409600, -45.74606434023029800 ) ) ;
#597 = FILL_AREA_STYLE ('',( #576 ) ) ;
#598 = DIRECTION ( 'NONE',  ( 0.08715574274765845700, -2.322295495842179000E-016, 0.9961946980917455500 ) ) ;
#599 =( NAMED_UNIT ( * ) SI_UNIT ( $, .STERADIAN. ) SOLID_ANGLE_UNIT ( ) );
#600 =( LENGTH_UNIT ( ) NAMED_UNIT ( * ) SI_UNIT ( .MILLI., .METRE. ) );
#601 =( NAMED_UNIT ( * ) PLANE_ANGLE_UNIT ( ) SI_UNIT ( $, .RADIAN. ) );
#602 = CARTESIAN_POINT ( 'NONE',  ( -82.23592321915924700, 59.79078283273142300, -197.3517135097732800 ) ) ;
#603 = FILL_AREA_STYLE ('',( #616 ) ) ;
#604 = SURFACE_SIDE_STYLE ('',( #746 ) ) ;
#605 =( NAMED_UNIT ( * ) SI_UNIT ( $, .STERADIAN. ) SOLID_ANGLE_UNIT ( ) );
#606 = DIRECTION ( 'NONE',  ( 0.0000000000000000000, 2.135044278125299400E-015, 1.000000000000000000 ) ) ;
#607 = DIRECTION ( 'NONE',  ( 1.000000000000000000, 0.0000000000000000000, 0.0000000000000000000 ) ) ;
#608 = FILL_AREA_STYLE_COLOUR ( '', #783 ) ;
#609 = CARTESIAN_POINT ( 'NONE',  ( 15.88114455917890100, 21.31410859656930200, -42.03847160229239700 ) ) ;
#610 = SURFACE_STYLE_USAGE ( .BOTH. , #604 ) ;
#611 =( NAMED_UNIT ( * ) PLANE_ANGLE_UNIT ( ) SI_UNIT ( $, .RADIAN. ) );
#612 =( NAMED_UNIT ( * ) SI_UNIT ( $, .STERADIAN. ) SOLID_ANGLE_UNIT ( ) );
#613 = CARTESIAN_POINT ( 'NONE',  ( 7.614265243675469600, 39.68078283273160200, -42.00000000000000000 ) ) ;
#614 = DIRECTION ( 'NONE',  ( 0.0000000000000000000, 1.000000000000000000, -1.715124499442879900E-015 ) ) ;
#615 = DIRECTION ( 'NONE',  ( 0.0000000000000000000, 0.0000000000000000000, 1.000000000000000000 ) ) ;
#616 = FILL_AREA_STYLE_COLOUR ( '', #762 ) ;
#617 = CARTESIAN_POINT ( 'NONE',  ( 15.58993697756550000, 21.23836412286910000, -42.01299424016850300 ) ) ;
#618 = FILL_AREA_STYLE ('',( #608 ) ) ;
#619 = FILL_AREA_STYLE_COLOUR ( '', #854 ) ;
#620 = LINE ( 'NONE', #118, #650 ) ;
#621 = FACE_BOUND ( 'NONE', #1735, .T. ) ;
#622 = CIRCLE ( 'NONE', #911, 6.500000000000005300 ) ;
#623 = FACE_OUTER_BOUND ( 'NONE', #1789, .T. ) ;
#624 = VECTOR ( 'NONE', #89, 1000.000000000000000 ) ;
#625 = LINE ( 'NONE', #117, #641 ) ;
#626 = VECTOR ( 'NONE', #105, 1000.000000000000000 ) ;
#627 = CIRCLE ( 'NONE', #1932, 20.00000000000000000 ) ;
#628 = SURFACE_STYLE_FILL_AREA ( #84 ) ;
#629 = CIRCLE ( 'NONE', #385, 6.500000000000005300 ) ;
#630 = FACE_BOUND ( 'NONE', #1699, .T. ) ;
#631 = CIRCLE ( 'NONE', #923, 6.500000000000005300 ) ;
#632 = SURFACE_STYLE_FILL_AREA ( #125 ) ;
#633 = LINE ( 'NONE', #98, #626 ) ;
#634 = CIRCLE ( 'NONE', #953, 6.500000000000005300 ) ;
#635 = CIRCLE ( 'NONE', #1564, 20.00000000000001800 ) ;
#636 = LINE ( 'NONE', #104, #624 ) ;
#637 = STYLED_ITEM ( 'NONE', ( #642 ), #455 ) ;
#638 = COLOUR_RGB ( '',0.6274509803921568500, 0.6274509803921568500, 0.6274509803921568500 ) ;
#639 = CYLINDRICAL_SURFACE ( 'NONE', #944, 6.500000000000005300 ) ;
#640 = CIRCLE ( 'NONE', #1655, 6.500000000000005300 ) ;
#641 = VECTOR ( 'NONE', #114, 1000.000000000000000 ) ;
#642 = PRESENTATION_STYLE_ASSIGNMENT (( #115 ) ) ;
#643 = COLOUR_RGB ( '',0.7921568627450980000, 0.8196078431372548800, 0.9333333333333333500 ) ;
#644 = SURFACE_STYLE_FILL_AREA ( #130 ) ;
#645 = FACE_BOUND ( 'NONE', #1688, .T. ) ;
#646 = CYLINDRICAL_SURFACE ( 'NONE', #917, 6.500000000000005300 ) ;
#647 = FACE_OUTER_BOUND ( 'NONE', #1672, .T. ) ;
#648 = PRESENTATION_STYLE_ASSIGNMENT (( #94 ) ) ;
#649 =( GEOMETRIC_REPRESENTATION_CONTEXT ( 3 ) GLOBAL_UNCERTAINTY_ASSIGNED_CONTEXT ( ( #458 ) ) GLOBAL_UNIT_ASSIGNED_CONTEXT ( ( #91, #80, #100 ) ) REPRESENTATION_CONTEXT ( 'NONE', 'WORKASPACE' ) );
#650 = VECTOR ( 'NONE', #120, 1000.000000000000100 ) ;
#651 = STYLED_ITEM ( 'NONE', ( #648 ), #468 ) ;
#652 = FACE_BOUND ( 'NONE', #1676, .T. ) ;
#653 = CIRCLE ( 'NONE', #1652, 6.500000000000005300 ) ;
#654 = VECTOR ( 'NONE', #90, 1000.000000000000000 ) ;
#655 = FACE_BOUND ( 'NONE', #1783, .T. ) ;
#656 = LINE ( 'NONE', #83, #658 ) ;
#657 = LINE ( 'NONE', #107, #654 ) ;
#658 = VECTOR ( 'NONE', #110, 1000.000000000000100 ) ;
#659 = CIRCLE ( 'NONE', #1649, 6.499999999999998200 ) ;
#660 = CIRCLE ( 'NONE', #931, 20.00000000000000400 ) ;
#661 =( GEOMETRIC_REPRESENTATION_CONTEXT ( 3 ) GLOBAL_UNCERTAINTY_ASSIGNED_CONTEXT ( ( #453 ) ) GLOBAL_UNIT_ASSIGNED_CONTEXT ( ( #116, #366, #15 ) ) REPRESENTATION_CONTEXT ( 'NONE', 'WORKASPACE' ) );
#662 = SURFACE_STYLE_FILL_AREA ( #1952 ) ;
#663 = PRESENTATION_STYLE_ASSIGNMENT (( #1936 ) ) ;
#664 = CYLINDRICAL_SURFACE ( 'NONE', #956, 10.10999999999999900 ) ;
#665 = COLOUR_RGB ( '',0.6274509803921568500, 0.6274509803921568500, 0.6274509803921568500 ) ;
#666 = COLOUR_RGB ( '',0.6274509803921568500, 0.6274509803921568500, 0.6274509803921568500 ) ;
#667 = FACE_OUTER_BOUND ( 'NONE', #1717, .T. ) ;
#668 = SURFACE_STYLE_FILL_AREA ( #1948 ) ;
#669 = STYLED_ITEM ( 'NONE', ( #663 ), #471 ) ;
#670 = PRESENTATION_STYLE_ASSIGNMENT (( #109 ) ) ;
#671 = FACE_OUTER_BOUND ( 'NONE', #1692, .T. ) ;
#672 = FACE_OUTER_BOUND ( 'NONE', #1694, .T. ) ;
#673 = COLOUR_RGB ( '',0.6274509803921568500, 0.6274509803921568500, 0.6274509803921568500 ) ;
#674 = STYLED_ITEM ( 'NONE', ( #676 ), #472 ) ;
#675 = STYLED_ITEM ( 'NONE', ( #670 ), #469 ) ;
#676 = PRESENTATION_STYLE_ASSIGNMENT (( #1939 ) ) ;
#677 =( GEOMETRIC_REPRESENTATION_CONTEXT ( 3 ) GLOBAL_UNCERTAINTY_ASSIGNED_CONTEXT ( ( #456 ) ) GLOBAL_UNIT_ASSIGNED_CONTEXT ( ( #1941, #1956, #1937 ) ) REPRESENTATION_CONTEXT ( 'NONE', 'WORKASPACE' ) );
#678 =( GEOMETRIC_REPRESENTATION_CONTEXT ( 3 ) GLOBAL_UNCERTAINTY_ASSIGNED_CONTEXT ( ( #454 ) ) GLOBAL_UNIT_ASSIGNED_CONTEXT ( ( #1946, #1947, #1954 ) ) REPRESENTATION_CONTEXT ( 'NONE', 'WORKASPACE' ) );
#679 = CYLINDRICAL_SURFACE ( 'NONE', #901, 20.00000000000000400 ) ;
#680 =( GEOMETRIC_REPRESENTATION_CONTEXT ( 3 ) GLOBAL_UNCERTAINTY_ASSIGNED_CONTEXT ( ( #466 ) ) GLOBAL_UNIT_ASSIGNED_CONTEXT ( ( #123, #96, #101 ) ) REPRESENTATION_CONTEXT ( 'NONE', 'WORKASPACE' ) );
#681 = SURFACE_STYLE_FILL_AREA ( #1972 ) ;
#682 = FACE_OUTER_BOUND ( 'NONE', #1671, .T. ) ;
#683 = FACE_OUTER_BOUND ( 'NONE', #1795, .T. ) ;
#684 =( GEOMETRIC_REPRESENTATION_CONTEXT ( 3 ) GLOBAL_UNCERTAINTY_ASSIGNED_CONTEXT ( ( #467 ) ) GLOBAL_UNIT_ASSIGNED_CONTEXT ( ( #1989, #1977, #1980 ) ) REPRESENTATION_CONTEXT ( 'NONE', 'WORKASPACE' ) );
#685 = SURFACE_STYLE_FILL_AREA ( #1976 ) ;
#686 = COLOUR_RGB ( '',0.6274509803921568500, 0.6274509803921568500, 0.6274509803921568500 ) ;
#687 = FACE_OUTER_BOUND ( 'NONE', #1794, .T. ) ;
#688 = STYLED_ITEM ( 'NONE', ( #695 ), #474 ) ;
#689 = CYLINDRICAL_SURFACE ( 'NONE', #945, 10.11000000000000100 ) ;
#690 = SURFACE_STYLE_FILL_AREA ( #1983 ) ;
#691 = PRESENTATION_STYLE_ASSIGNMENT (( #1991 ) ) ;
#692 =( GEOMETRIC_REPRESENTATION_CONTEXT ( 3 ) GLOBAL_UNCERTAINTY_ASSIGNED_CONTEXT ( ( #464 ) ) GLOBAL_UNIT_ASSIGNED_CONTEXT ( ( #1984, #1985, #1967 ) ) REPRESENTATION_CONTEXT ( 'NONE', 'WORKASPACE' ) );
#693 = STYLED_ITEM ( 'NONE', ( #691 ), #475 ) ;
#694 = SURFACE_STYLE_FILL_AREA ( #2013 ) ;
#695 = PRESENTATION_STYLE_ASSIGNMENT (( #1988 ) ) ;
#696 = COLOUR_RGB ( '',0.6274509803921568500, 0.6274509803921568500, 0.6274509803921568500 ) ;
#697 = COLOUR_RGB ( '',0.6274509803921568500, 0.6274509803921568500, 0.6274509803921568500 ) ;
#698 =( GEOMETRIC_REPRESENTATION_CONTEXT ( 3 ) GLOBAL_UNCERTAINTY_ASSIGNED_CONTEXT ( ( #465 ) ) GLOBAL_UNIT_ASSIGNED_CONTEXT ( ( #2011, #2006, #2000 ) ) REPRESENTATION_CONTEXT ( 'NONE', 'WORKASPACE' ) );
#699 = FACE_OUTER_BOUND ( 'NONE', #1685, .T. ) ;
#700 = COLOUR_RGB ( '',0.6274509803921568500, 0.6274509803921568500, 0.6274509803921568500 ) ;
#701 = PRESENTATION_STYLE_ASSIGNMENT (( #2024 ) ) ;
#702 = STYLED_ITEM ( 'NONE', ( #701 ), #476 ) ;
#703 = SURFACE_STYLE_FILL_AREA ( #2007 ) ;
#704 = PRESENTATION_STYLE_ASSIGNMENT (( #1974 ) ) ;
#705 = STYLED_ITEM ( 'NONE', ( #704 ), #473 ) ;
#706 = COLOUR_RGB ( '',0.6274509803921568500, 0.6274509803921568500, 0.6274509803921568500 ) ;
#707 = FACE_OUTER_BOUND ( 'NONE', #1787, .T. ) ;
#708 = COLOUR_RGB ( '',0.6274509803921568500, 0.6274509803921568500, 0.6274509803921568500 ) ;
#709 = COLOUR_RGB ( '',0.6274509803921568500, 0.6274509803921568500, 0.6274509803921568500 ) ;
#710 =( GEOMETRIC_REPRESENTATION_CONTEXT ( 3 ) GLOBAL_UNCERTAINTY_ASSIGNED_CONTEXT ( ( #449 ) ) GLOBAL_UNIT_ASSIGNED_CONTEXT ( ( #2015, #1998, #2009 ) ) REPRESENTATION_CONTEXT ( 'NONE', 'WORKASPACE' ) );
#711 = FACE_OUTER_BOUND ( 'NONE', #1707, .T. ) ;
#712 = COLOUR_RGB ( '',0.6274509803921568500, 0.6274509803921568500, 0.6274509803921568500 ) ;
#713 =( GEOMETRIC_REPRESENTATION_CONTEXT ( 3 ) GLOBAL_UNCERTAINTY_ASSIGNED_CONTEXT ( ( #461 ) ) GLOBAL_UNIT_ASSIGNED_CONTEXT ( ( #1999, #2023, #2026 ) ) REPRESENTATION_CONTEXT ( 'NONE', 'WORKASPACE' ) );
#714 = COLOUR_RGB ( '',0.6274509803921568500, 0.6274509803921568500, 0.6274509803921568500 ) ;
#715 = FACE_OUTER_BOUND ( 'NONE', #1796, .T. ) ;
#716 = SURFACE_STYLE_FILL_AREA ( #574 ) ;
#717 = PRESENTATION_STYLE_ASSIGNMENT (( #568 ) ) ;
#718 = STYLED_ITEM ( 'NONE', ( #717 ), #480 ) ;
#719 = PRESENTATION_STYLE_ASSIGNMENT (( #595 ) ) ;
#720 = FACE_BOUND ( 'NONE', #1742, .T. ) ;
#721 = STYLED_ITEM ( 'NONE', ( #726 ), #477 ) ;
#722 = SURFACE_STYLE_FILL_AREA ( #2021 ) ;
#723 =( GEOMETRIC_REPRESENTATION_CONTEXT ( 3 ) GLOBAL_UNCERTAINTY_ASSIGNED_CONTEXT ( ( #457 ) ) GLOBAL_UNIT_ASSIGNED_CONTEXT ( ( #1994, #2014, #1995 ) ) REPRESENTATION_CONTEXT ( 'NONE', 'WORKASPACE' ) );
#724 = FACE_OUTER_BOUND ( 'NONE', #1786, .T. ) ;
#725 = FACE_BOUND ( 'NONE', #1749, .T. ) ;
#726 = PRESENTATION_STYLE_ASSIGNMENT (( #2012 ) ) ;
#727 = PRESENTATION_STYLE_ASSIGNMENT (( #2022 ) ) ;
#728 = SURFACE_STYLE_FILL_AREA ( #550 ) ;
#729 = STYLED_ITEM ( 'NONE', ( #719 ), #479 ) ;
#730 = STYLED_ITEM ( 'NONE', ( #727 ), #478 ) ;
#731 =( GEOMETRIC_REPRESENTATION_CONTEXT ( 3 ) GLOBAL_UNCERTAINTY_ASSIGNED_CONTEXT ( ( #459 ) ) GLOBAL_UNIT_ASSIGNED_CONTEXT ( ( #580, #571, #549 ) ) REPRESENTATION_CONTEXT ( 'NONE', 'WORKASPACE' ) );
#732 = SURFACE_STYLE_FILL_AREA ( #552 ) ;
#733 = CYLINDRICAL_SURFACE ( 'NONE', #925, 20.00000000000000400 ) ;
#734 = CYLINDRICAL_SURFACE ( 'NONE', #929, 6.500000000000005300 ) ;
#735 = COLOUR_RGB ( '',0.6274509803921568500, 0.6274509803921568500, 0.6274509803921568500 ) ;
#736 = FACE_OUTER_BOUND ( 'NONE', #1687, .T. ) ;
#737 = FACE_OUTER_BOUND ( 'NONE', #1791, .T. ) ;
#738 = SURFACE_STYLE_FILL_AREA ( #597 ) ;
#739 = STYLED_ITEM ( 'NONE', ( #740 ), #482 ) ;
#740 = PRESENTATION_STYLE_ASSIGNMENT (( #594 ) ) ;
#741 = STYLED_ITEM ( 'NONE', ( #757 ), #481 ) ;
#742 = STYLED_ITEM ( 'NONE', ( #751 ), #484 ) ;
#743 = CYLINDRICAL_SURFACE ( 'NONE', #930, 6.500000000000005300 ) ;
#744 =( GEOMETRIC_REPRESENTATION_CONTEXT ( 3 ) GLOBAL_UNCERTAINTY_ASSIGNED_CONTEXT ( ( #462 ) ) GLOBAL_UNIT_ASSIGNED_CONTEXT ( ( #548, #569, #592 ) ) REPRESENTATION_CONTEXT ( 'NONE', 'WORKASPACE' ) );
#745 = FACE_OUTER_BOUND ( 'NONE', #1788, .T. ) ;
#746 = SURFACE_STYLE_FILL_AREA ( #603 ) ;
#747 = CYLINDRICAL_SURFACE ( 'NONE', #936, 6.500000000000005300 ) ;
#748 =( GEOMETRIC_REPRESENTATION_CONTEXT ( 3 ) GLOBAL_UNCERTAINTY_ASSIGNED_CONTEXT ( ( #451 ) ) GLOBAL_UNIT_ASSIGNED_CONTEXT ( ( #583, #577, #599 ) ) REPRESENTATION_CONTEXT ( 'NONE', 'WORKASPACE' ) );
#749 = CYLINDRICAL_SURFACE ( 'NONE', #938, 20.00000000000000400 ) ;
#750 = COLOUR_RGB ( '',0.6274509803921568500, 0.6274509803921568500, 0.6274509803921568500 ) ;
#751 = PRESENTATION_STYLE_ASSIGNMENT (( #587 ) ) ;
#752 = SURFACE_STYLE_FILL_AREA ( #582 ) ;
#753 =( GEOMETRIC_REPRESENTATION_CONTEXT ( 3 ) GLOBAL_UNCERTAINTY_ASSIGNED_CONTEXT ( ( #460 ) ) GLOBAL_UNIT_ASSIGNED_CONTEXT ( ( #553, #554, #573 ) ) REPRESENTATION_CONTEXT ( 'NONE', 'WORKASPACE' ) );
#754 = FACE_OUTER_BOUND ( 'NONE', #1695, .T. ) ;
#755 = CYLINDRICAL_SURFACE ( 'NONE', #948, 20.00000000000000000 ) ;
#756 = FACE_OUTER_BOUND ( 'NONE', #1677, .T. ) ;
#757 = PRESENTATION_STYLE_ASSIGNMENT (( #591 ) ) ;
#758 = SURFACE_STYLE_FILL_AREA ( #1891 ) ;
#759 =( GEOMETRIC_REPRESENTATION_CONTEXT ( 3 ) GLOBAL_UNCERTAINTY_ASSIGNED_CONTEXT ( ( #450 ) ) GLOBAL_UNIT_ASSIGNED_CONTEXT ( ( #1899, #1918, #1898 ) ) REPRESENTATION_CONTEXT ( 'NONE', 'WORKASPACE' ) );
#760 = FACE_OUTER_BOUND ( 'NONE', #1784, .T. ) ;
#761 = COLOUR_RGB ( '',0.6274509803921568500, 0.6274509803921568500, 0.6274509803921568500 ) ;
#762 = COLOUR_RGB ( '',0.6274509803921568500, 0.6274509803921568500, 0.6274509803921568500 ) ;
#763 = PRESENTATION_STYLE_ASSIGNMENT (( #1897 ) ) ;
#764 =( GEOMETRIC_REPRESENTATION_CONTEXT ( 3 ) GLOBAL_UNCERTAINTY_ASSIGNED_CONTEXT ( ( #448 ) ) GLOBAL_UNIT_ASSIGNED_CONTEXT ( ( #570, #601, #605 ) ) REPRESENTATION_CONTEXT ( 'NONE', 'WORKASPACE' ) );
#765 = SURFACE_STYLE_FILL_AREA ( #618 ) ;
#766 = STYLED_ITEM ( 'NONE', ( #769 ), #486 ) ;
#767 = STYLED_ITEM ( 'NONE', ( #770 ), #485 ) ;
#768 =( GEOMETRIC_REPRESENTATION_CONTEXT ( 3 ) GLOBAL_UNCERTAINTY_ASSIGNED_CONTEXT ( ( #452 ) ) GLOBAL_UNIT_ASSIGNED_CONTEXT ( ( #600, #611, #612 ) ) REPRESENTATION_CONTEXT ( 'NONE', 'WORKASPACE' ) );
#769 = PRESENTATION_STYLE_ASSIGNMENT (( #560 ) ) ;
#770 = PRESENTATION_STYLE_ASSIGNMENT (( #610 ) ) ;
#771 =( GEOMETRIC_REPRESENTATION_CONTEXT ( 3 ) GLOBAL_UNCERTAINTY_ASSIGNED_CONTEXT ( ( #463 ) ) GLOBAL_UNIT_ASSIGNED_CONTEXT ( ( #1892, #1906, #1889 ) ) REPRESENTATION_CONTEXT ( 'NONE', 'WORKASPACE' ) );
#772 = FACE_OUTER_BOUND ( 'NONE', #1706, .T. ) ;
#773 = SURFACE_STYLE_FILL_AREA ( #1895 ) ;
#774 = FACE_OUTER_BOUND ( 'NONE', #1700, .T. ) ;
#775 = FACE_OUTER_BOUND ( 'NONE', #1793, .T. ) ;
#776 = CYLINDRICAL_SURFACE ( 'NONE', #902, 20.00000000000000400 ) ;
#777 = CYLINDRICAL_SURFACE ( 'NONE', #984, 10.00000000000000200 ) ;
#778 = SURFACE_STYLE_FILL_AREA ( #1798 ) ;
#779 = PRESENTATION_STYLE_ASSIGNMENT (( #1917 ) ) ;
#780 = STYLED_ITEM ( 'NONE', ( #763 ), #488 ) ;
#781 = STYLED_ITEM ( 'NONE', ( #779 ), #487 ) ;
#782 = COLOUR_RGB ( '',0.6274509803921568500, 0.6274509803921568500, 0.6274509803921568500 ) ;
#783 = COLOUR_RGB ( '',0.6274509803921568500, 0.6274509803921568500, 0.6274509803921568500 ) ;
#784 = FACE_OUTER_BOUND ( 'NONE', #1678, .T. ) ;
#785 =( GEOMETRIC_REPRESENTATION_CONTEXT ( 3 ) GLOBAL_UNCERTAINTY_ASSIGNED_CONTEXT ( ( #2263 ) ) GLOBAL_UNIT_ASSIGNED_CONTEXT ( ( #1814, #1815, #1816 ) ) REPRESENTATION_CONTEXT ( 'NONE', 'WORKASPACE' ) );
#786 = FACE_OUTER_BOUND ( 'NONE', #1701, .T. ) ;
#787 = STYLED_ITEM ( 'NONE', ( #798 ), #491 ) ;
#788 = COLOUR_RGB ( '',0.6274509803921568500, 0.6274509803921568500, 0.6274509803921568500 ) ;
#789 =( GEOMETRIC_REPRESENTATION_CONTEXT ( 3 ) GLOBAL_UNCERTAINTY_ASSIGNED_CONTEXT ( ( #2258 ) ) GLOBAL_UNIT_ASSIGNED_CONTEXT ( ( #1825, #1827, #1797 ) ) REPRESENTATION_CONTEXT ( 'NONE', 'WORKASPACE' ) );
#790 =( GEOMETRIC_REPRESENTATION_CONTEXT ( 3 ) GLOBAL_UNCERTAINTY_ASSIGNED_CONTEXT ( ( #2257 ) ) GLOBAL_UNIT_ASSIGNED_CONTEXT ( ( #1817, #1799, #1800 ) ) REPRESENTATION_CONTEXT ( 'NONE', 'WORKASPACE' ) );
#791 = COLOUR_RGB ( '',0.6274509803921568500, 0.6274509803921568500, 0.6274509803921568500 ) ;
#792 =( GEOMETRIC_REPRESENTATION_CONTEXT ( 3 ) GLOBAL_UNCERTAINTY_ASSIGNED_CONTEXT ( ( #2261 ) ) GLOBAL_UNIT_ASSIGNED_CONTEXT ( ( #1916, #1902, #1903 ) ) REPRESENTATION_CONTEXT ( 'NONE', 'WORKASPACE' ) );
#793 = FACE_OUTER_BOUND ( 'NONE', #1755, .T. ) ;
#794 = PRESENTATION_STYLE_ASSIGNMENT (( #1803 ) ) ;
#795 = CYLINDRICAL_SURFACE ( 'NONE', #972, 6.500000000000005300 ) ;
#796 = FACE_OUTER_BOUND ( 'NONE', #1690, .T. ) ;
#797 = PRESENTATION_STYLE_ASSIGNMENT (( #1807 ) ) ;
#798 = PRESENTATION_STYLE_ASSIGNMENT (( #1821 ) ) ;
#799 = SURFACE_STYLE_FILL_AREA ( #1819 ) ;
#800 = CYLINDRICAL_SURFACE ( 'NONE', #966, 20.00000000000000400 ) ;
#801 = COLOUR_RGB ( '',0.6274509803921568500, 0.6274509803921568500, 0.6274509803921568500 ) ;
#802 = STYLED_ITEM ( 'NONE', ( #797 ), #489 ) ;
#803 = SURFACE_STYLE_FILL_AREA ( #1812 ) ;
#804 = STYLED_ITEM ( 'NONE', ( #794 ), #490 ) ;
#805 =( GEOMETRIC_REPRESENTATION_CONTEXT ( 3 ) GLOBAL_UNCERTAINTY_ASSIGNED_CONTEXT ( ( #2264 ) ) GLOBAL_UNIT_ASSIGNED_CONTEXT ( ( #1868, #1846, #1845 ) ) REPRESENTATION_CONTEXT ( 'NONE', 'WORKASPACE' ) );
#806 = COLOUR_RGB ( '',0.6274509803921568500, 0.6274509803921568500, 0.6274509803921568500 ) ;
#807 = CYLINDRICAL_SURFACE ( 'NONE', #974, 6.500000000000003600 ) ;
#808 = FACE_OUTER_BOUND ( 'NONE', #1792, .T. ) ;
#809 = COLOUR_RGB ( '',0.6274509803921568500, 0.6274509803921568500, 0.6274509803921568500 ) ;
#810 = PRESENTATION_STYLE_ASSIGNMENT (( #1857 ) ) ;
#811 = SURFACE_STYLE_FILL_AREA ( #2247 ) ;
#812 = SURFACE_STYLE_FILL_AREA ( #1848 ) ;
#813 = STYLED_ITEM ( 'NONE', ( #810 ), #493 ) ;
#814 =( GEOMETRIC_REPRESENTATION_CONTEXT ( 3 ) GLOBAL_UNCERTAINTY_ASSIGNED_CONTEXT ( ( #2260 ) ) GLOBAL_UNIT_ASSIGNED_CONTEXT ( ( #2250, #2252, #2249 ) ) REPRESENTATION_CONTEXT ( 'NONE', 'WORKASPACE' ) );
#815 = SURFACE_STYLE_FILL_AREA ( #2232 ) ;
#816 = PRESENTATION_STYLE_ASSIGNMENT (( #2231 ) ) ;
#817 = FACE_OUTER_BOUND ( 'NONE', #1704, .T. ) ;
#818 = PRESENTATION_STYLE_ASSIGNMENT (( #1867 ) ) ;
#819 = PRESENTATION_STYLE_ASSIGNMENT (( #2248 ) ) ;
#820 = STYLED_ITEM ( 'NONE', ( #819 ), #495 ) ;
#821 = CYLINDRICAL_SURFACE ( 'NONE', #969, 6.500000000000005300 ) ;
#822 = FACE_OUTER_BOUND ( 'NONE', #1728, .T. ) ;
#823 = COLOUR_RGB ( '',0.6274509803921568500, 0.6274509803921568500, 0.6274509803921568500 ) ;
#824 = STYLED_ITEM ( 'NONE', ( #816 ), #496 ) ;
#825 = FACE_OUTER_BOUND ( 'NONE', #1686, .T. ) ;
#826 = SURFACE_STYLE_FILL_AREA ( #556 ) ;
#827 = FACE_OUTER_BOUND ( 'NONE', #1752, .T. ) ;
#828 = COLOUR_RGB ( '',0.6274509803921568500, 0.6274509803921568500, 0.6274509803921568500 ) ;
#829 =( GEOMETRIC_REPRESENTATION_CONTEXT ( 3 ) GLOBAL_UNCERTAINTY_ASSIGNED_CONTEXT ( ( #2259 ) ) GLOBAL_UNIT_ASSIGNED_CONTEXT ( ( #1856, #1851, #1863 ) ) REPRESENTATION_CONTEXT ( 'NONE', 'WORKASPACE' ) );
#830 = SURFACE_STYLE_FILL_AREA ( #1865 ) ;
#831 = STYLED_ITEM ( 'NONE', ( #818 ), #494 ) ;
#832 =( GEOMETRIC_REPRESENTATION_CONTEXT ( 3 ) GLOBAL_UNCERTAINTY_ASSIGNED_CONTEXT ( ( #2262 ) ) GLOBAL_UNIT_ASSIGNED_CONTEXT ( ( #1890, #1912, #1860 ) ) REPRESENTATION_CONTEXT ( 'NONE', 'WORKASPACE' ) );
#833 = FACE_OUTER_BOUND ( 'NONE', #1679, .T. ) ;
#834 = STYLED_ITEM ( 'NONE', ( #843 ), #497 ) ;
#835 = SURFACE_STYLE_FILL_AREA ( #1080 ) ;
#836 = PRESENTATION_STYLE_ASSIGNMENT (( #1086 ) ) ;
#837 = FACE_OUTER_BOUND ( 'NONE', #1733, .T. ) ;
#838 = SURFACE_STYLE_FILL_AREA ( #1081 ) ;
#839 = CYLINDRICAL_SURFACE ( 'NONE', #961, 20.00000000000000400 ) ;
#840 = SURFACE_STYLE_FILL_AREA ( #1092 ) ;
#841 = PRESENTATION_STYLE_ASSIGNMENT (( #1079 ) ) ;
#842 = FACE_OUTER_BOUND ( 'NONE', #1669, .T. ) ;
#843 = PRESENTATION_STYLE_ASSIGNMENT (( #1911 ) ) ;
#844 = CYLINDRICAL_SURFACE ( 'NONE', #1007, 6.500000000000005300 ) ;
#845 =( GEOMETRIC_REPRESENTATION_CONTEXT ( 3 ) GLOBAL_UNCERTAINTY_ASSIGNED_CONTEXT ( ( #2255 ) ) GLOBAL_UNIT_ASSIGNED_CONTEXT ( ( #2235, #2233, #2237 ) ) REPRESENTATION_CONTEXT ( 'NONE', 'WORKASPACE' ) );
#846 =( GEOMETRIC_REPRESENTATION_CONTEXT ( 3 ) GLOBAL_UNCERTAINTY_ASSIGNED_CONTEXT ( ( #2265 ) ) GLOBAL_UNIT_ASSIGNED_CONTEXT ( ( #1082, #1104, #1090 ) ) REPRESENTATION_CONTEXT ( 'NONE', 'WORKASPACE' ) );
#847 = CYLINDRICAL_SURFACE ( 'NONE', #960, 3.810000000000000900 ) ;
#848 = COLOUR_RGB ( '',0.6274509803921568500, 0.6274509803921568500, 0.6274509803921568500 ) ;
#849 = STYLED_ITEM ( 'NONE', ( #841 ), #499 ) ;
#850 = STYLED_ITEM ( 'NONE', ( #836 ), #498 ) ;
#851 =( GEOMETRIC_REPRESENTATION_CONTEXT ( 3 ) GLOBAL_UNCERTAINTY_ASSIGNED_CONTEXT ( ( #2256 ) ) GLOBAL_UNIT_ASSIGNED_CONTEXT ( ( #1069, #1064, #1061 ) ) REPRESENTATION_CONTEXT ( 'NONE', 'WORKASPACE' ) );
#852 = COLOUR_RGB ( '',0.6274509803921568500, 0.6274509803921568500, 0.6274509803921568500 ) ;
#853 = FACE_OUTER_BOUND ( 'NONE', #1705, .T. ) ;
#854 = COLOUR_RGB ( '',0.6274509803921568500, 0.6274509803921568500, 0.6274509803921568500 ) ;
#855 = SURFACE_STYLE_FILL_AREA ( #1077 ) ;
#856 = STYLED_ITEM ( 'NONE', ( #859 ), #502 ) ;
#857 = FACE_BOUND ( 'NONE', #1785, .T. ) ;
#858 = COLOUR_RGB ( '',0.6274509803921568500, 0.6274509803921568500, 0.6274509803921568500 ) ;
#859 = PRESENTATION_STYLE_ASSIGNMENT (( #1066 ) ) ;
#860 =( GEOMETRIC_REPRESENTATION_CONTEXT ( 3 ) GLOBAL_UNCERTAINTY_ASSIGNED_CONTEXT ( ( #2267 ) ) GLOBAL_UNIT_ASSIGNED_CONTEXT ( ( #1139, #1165, #1115 ) ) REPRESENTATION_CONTEXT ( 'NONE', 'WORKASPACE' ) );
#861 = SURFACE_STYLE_FILL_AREA ( #1117 ) ;
#862 =( GEOMETRIC_REPRESENTATION_CONTEXT ( 3 ) GLOBAL_UNCERTAINTY_ASSIGNED_CONTEXT ( ( #1934 ) ) GLOBAL_UNIT_ASSIGNED_CONTEXT ( ( #1102, #1078, #1065 ) ) REPRESENTATION_CONTEXT ( 'NONE', 'WORKASPACE' ) );
#863 = STYLED_ITEM ( 'NONE', ( #875 ), #501 ) ;
#864 = COLOUR_RGB ( '',0.6274509803921568500, 0.6274509803921568500, 0.6274509803921568500 ) ;
#865 = CYLINDRICAL_SURFACE ( 'NONE', #1014, 20.00000000000001800 ) ;
#866 =( GEOMETRIC_REPRESENTATION_CONTEXT ( 3 ) GLOBAL_UNCERTAINTY_ASSIGNED_CONTEXT ( ( #1933 ) ) GLOBAL_UNIT_ASSIGNED_CONTEXT ( ( #1100, #1101, #1106 ) ) REPRESENTATION_CONTEXT ( 'NONE', 'WORKASPACE' ) );
#867 = FACE_OUTER_BOUND ( 'NONE', #1684, .T. ) ;
#868 = PRESENTATION_STYLE_ASSIGNMENT (( #1159 ) ) ;
#869 = CYLINDRICAL_SURFACE ( 'NONE', #963, 3.810000000000000900 ) ;
#870 = FACE_OUTER_BOUND ( 'NONE', #1681, .T. ) ;
#871 = COLOUR_RGB ( '',0.6274509803921568500, 0.6274509803921568500, 0.6274509803921568500 ) ;
#872 = FACE_BOUND ( 'NONE', #1698, .T. ) ;
#873 = STYLED_ITEM ( 'NONE', ( #874 ), #503 ) ;
#874 = PRESENTATION_STYLE_ASSIGNMENT (( #1129 ) ) ;
#875 = PRESENTATION_STYLE_ASSIGNMENT (( #1103 ) ) ;
#876 = COLOUR_RGB ( '',0.6274509803921568500, 0.6274509803921568500, 0.6274509803921568500 ) ;
#877 = FACE_BOUND ( 'NONE', #1697, .T. ) ;
#878 = FACE_BOUND ( 'NONE', #1680, .T. ) ;
#879 = SURFACE_STYLE_FILL_AREA ( #1123 ) ;
#880 = SURFACE_STYLE_FILL_AREA ( #1163 ) ;
#881 = STYLED_ITEM ( 'NONE', ( #868 ), #504 ) ;
#882 = FACE_OUTER_BOUND ( 'NONE', #1696, .T. ) ;
#883 = FACE_BOUND ( 'NONE', #1703, .T. ) ;
#884 =( GEOMETRIC_REPRESENTATION_CONTEXT ( 3 ) GLOBAL_UNCERTAINTY_ASSIGNED_CONTEXT ( ( #2268 ) ) GLOBAL_UNIT_ASSIGNED_CONTEXT ( ( #1142, #1131, #1160 ) ) REPRESENTATION_CONTEXT ( 'NONE', 'WORKASPACE' ) );
#885 = COLOUR_RGB ( '',0.6274509803921568500, 0.6274509803921568500, 0.6274509803921568500 ) ;
#886 = FACE_OUTER_BOUND ( 'NONE', #1674, .T. ) ;
#887 = SURFACE_STYLE_FILL_AREA ( #1158 ) ;
#888 = CYLINDRICAL_SURFACE ( 'NONE', #1012, 6.500000000000003600 ) ;
#889 = COLOUR_RGB ( '',0.6274509803921568500, 0.6274509803921568500, 0.6274509803921568500 ) ;
#890 = PRESENTATION_STYLE_ASSIGNMENT (( #1127 ) ) ;
#891 =( GEOMETRIC_REPRESENTATION_CONTEXT ( 3 ) GLOBAL_UNCERTAINTY_ASSIGNED_CONTEXT ( ( #2266 ) ) GLOBAL_UNIT_ASSIGNED_CONTEXT ( ( #1126, #1155, #1132 ) ) REPRESENTATION_CONTEXT ( 'NONE', 'WORKASPACE' ) );
#892 = PRESENTATION_STYLE_ASSIGNMENT (( #1152 ) ) ;
#893 = STYLED_ITEM ( 'NONE', ( #892 ), #505 ) ;
#894 = FACE_OUTER_BOUND ( 'NONE', #1673, .T. ) ;
#895 = STYLED_ITEM ( 'NONE', ( #890 ), #506 ) ;
#896 = PRESENTATION_LAYER_ASSIGNMENT (  '', '', ( #730 ) ) ;
#897 = PRESENTATION_LAYER_ASSIGNMENT (  '', '', ( #729 ) ) ;
#898 = PRESENTATION_LAYER_ASSIGNMENT (  '', '', ( #781 ) ) ;
#899 = MECHANICAL_DESIGN_GEOMETRIC_PRESENTATION_REPRESENTATION (  '', ( #781 ), #759 ) ;
#900 = MECHANICAL_DESIGN_GEOMETRIC_PRESENTATION_REPRESENTATION (  '', ( #675 ), #661 ) ;
#901 = AXIS2_PLACEMENT_3D ( 'NONE', #1978, #1986, #1981 ) ;
#902 = AXIS2_PLACEMENT_3D ( 'NONE', #1900, #1909, #1896 ) ;
#903 = PRESENTATION_LAYER_ASSIGNMENT (  '', '', ( #674 ) ) ;
#904 = AXIS2_PLACEMENT_3D ( 'NONE', #1960, #1961, #1963 ) ;
#905 = PRESENTATION_LAYER_ASSIGNMENT (  '', '', ( #739 ) ) ;
#906 = MECHANICAL_DESIGN_GEOMETRIC_PRESENTATION_REPRESENTATION (  '', ( #688 ), #684 ) ;
#907 = MECHANICAL_DESIGN_GEOMETRIC_PRESENTATION_REPRESENTATION (  '', ( #702 ), #710 ) ;
#908 = MECHANICAL_DESIGN_GEOMETRIC_PRESENTATION_REPRESENTATION (  '', ( #721 ), #723 ) ;
#909 = PRESENTATION_LAYER_ASSIGNMENT (  '', '', ( #651 ) ) ;
#910 = MECHANICAL_DESIGN_GEOMETRIC_PRESENTATION_REPRESENTATION (  '', ( #669 ), #677 ) ;
#911 = AXIS2_PLACEMENT_3D ( 'NONE', #86, #124, #93 ) ;
#912 = AXIS2_PLACEMENT_3D ( 'NONE', #1970, #1993, #2001 ) ;
#913 = AXIS2_PLACEMENT_3D ( 'NONE', #1944, #1957, #1951 ) ;
#914 = PRESENTATION_LAYER_ASSIGNMENT (  '', '', ( #721 ) ) ;
#915 = MECHANICAL_DESIGN_GEOMETRIC_PRESENTATION_REPRESENTATION (  '', ( #705 ), #692 ) ;
#916 = MECHANICAL_DESIGN_GEOMETRIC_PRESENTATION_REPRESENTATION (  '', ( #741 ), #744 ) ;
#917 = AXIS2_PLACEMENT_3D ( 'NONE', #1949, #1966, #1945 ) ;
#918 = PRESENTATION_LAYER_ASSIGNMENT (  '', '', ( #742 ) ) ;
#919 = AXIS2_PLACEMENT_3D ( 'NONE', #103, #88, #126 ) ;
#920 = AXIS2_PLACEMENT_3D ( 'NONE', #2025, #2008, #2003 ) ;
#921 = MECHANICAL_DESIGN_GEOMETRIC_PRESENTATION_REPRESENTATION (  '', ( #729 ), #731 ) ;
#922 = MECHANICAL_DESIGN_GEOMETRIC_PRESENTATION_REPRESENTATION (  '', ( #693 ), #698 ) ;
#923 = AXIS2_PLACEMENT_3D ( 'NONE', #127, #113, #81 ) ;
#924 = PRESENTATION_LAYER_ASSIGNMENT (  '', '', ( #637 ) ) ;
#925 = AXIS2_PLACEMENT_3D ( 'NONE', #565, #598, #561 ) ;
#926 = PRESENTATION_LAYER_ASSIGNMENT (  '', '', ( #675 ) ) ;
#927 = MECHANICAL_DESIGN_GEOMETRIC_PRESENTATION_REPRESENTATION (  '', ( #651 ), #680 ) ;
#928 = MECHANICAL_DESIGN_GEOMETRIC_PRESENTATION_REPRESENTATION (  '', ( #674 ), #678 ) ;
#929 = AXIS2_PLACEMENT_3D ( 'NONE', #555, #563, #575 ) ;
#930 = AXIS2_PLACEMENT_3D ( 'NONE', #557, #558, #579 ) ;
#931 = AXIS2_PLACEMENT_3D ( 'NONE', #85, #99, #106 ) ;
#932 = PRESENTATION_LAYER_ASSIGNMENT (  '', '', ( #693 ) ) ;
#933 = MECHANICAL_DESIGN_GEOMETRIC_PRESENTATION_REPRESENTATION (  '', ( #742 ), #764 ) ;
#934 = AXIS2_PLACEMENT_3D ( 'NONE', #596, #584, #566 ) ;
#935 = PRESENTATION_LAYER_ASSIGNMENT (  '', '', ( #705 ) ) ;
#936 = AXIS2_PLACEMENT_3D ( 'NONE', #602, #614, #606 ) ;
#937 = MECHANICAL_DESIGN_GEOMETRIC_PRESENTATION_REPRESENTATION (  '', ( #730 ), #713 ) ;
#938 = AXIS2_PLACEMENT_3D ( 'NONE', #578, #551, #559 ) ;
#939 = AXIS2_PLACEMENT_3D ( 'NONE', #2018, #1958, #1965 ) ;
#940 = PRESENTATION_LAYER_ASSIGNMENT (  '', '', ( #741 ) ) ;
#941 = PRESENTATION_LAYER_ASSIGNMENT (  '', '', ( #702 ) ) ;
#942 = PRESENTATION_LAYER_ASSIGNMENT (  '', '', ( #669 ) ) ;
#943 = MECHANICAL_DESIGN_GEOMETRIC_PRESENTATION_REPRESENTATION (  '', ( #739 ), #748 ) ;
#944 = AXIS2_PLACEMENT_3D ( 'NONE', #1943, #1964, #1953 ) ;
#945 = AXIS2_PLACEMENT_3D ( 'NONE', #2004, #2005, #2020 ) ;
#946 = PRESENTATION_LAYER_ASSIGNMENT (  '', '', ( #767 ) ) ;
#947 = MECHANICAL_DESIGN_GEOMETRIC_PRESENTATION_REPRESENTATION (  '', ( #767 ), #768 ) ;
#948 = AXIS2_PLACEMENT_3D ( 'NONE', #613, #615, #607 ) ;
#949 = PRESENTATION_LAYER_ASSIGNMENT (  '', '', ( #718 ) ) ;
#950 = PRESENTATION_LAYER_ASSIGNMENT (  '', '', ( #766 ) ) ;
#951 = MECHANICAL_DESIGN_GEOMETRIC_PRESENTATION_REPRESENTATION (  '', ( #766 ), #771 ) ;
#952 = MECHANICAL_DESIGN_GEOMETRIC_PRESENTATION_REPRESENTATION (  '', ( #637 ), #649 ) ;
#953 = AXIS2_PLACEMENT_3D ( 'NONE', #111, #82, #79 ) ;
#954 = PRESENTATION_LAYER_ASSIGNMENT (  '', '', ( #688 ) ) ;
#955 = MECHANICAL_DESIGN_GEOMETRIC_PRESENTATION_REPRESENTATION (  '', ( #718 ), #753 ) ;
#956 = AXIS2_PLACEMENT_3D ( 'NONE', #1973, #1975, #1979 ) ;
#957 = PRESENTATION_LAYER_ASSIGNMENT (  '', '', ( #820 ) ) ;
#958 = PRESENTATION_LAYER_ASSIGNMENT (  '', '', ( #824 ) ) ;
#959 = MECHANICAL_DESIGN_GEOMETRIC_PRESENTATION_REPRESENTATION (  '', ( #834 ), #832 ) ;
#960 = AXIS2_PLACEMENT_3D ( 'NONE', #1062, #1105, #1072 ) ;
#961 = AXIS2_PLACEMENT_3D ( 'NONE', #1067, #1074, #1075 ) ;
#962 = PRESENTATION_LAYER_ASSIGNMENT (  '', '', ( #873 ) ) ;
#963 = AXIS2_PLACEMENT_3D ( 'NONE', #1141, #1133, #1118 ) ;
#964 = MECHANICAL_DESIGN_GEOMETRIC_PRESENTATION_REPRESENTATION (  '', ( #1405 ), #1412 ) ;
#965 = AXIS2_PLACEMENT_3D ( 'NONE', #1219, #1173, #1192 ) ;
#966 = AXIS2_PLACEMENT_3D ( 'NONE', #1852, #1859, #1861 ) ;
#967 = MECHANICAL_DESIGN_GEOMETRIC_PRESENTATION_REPRESENTATION (  '', ( #1428 ), #1415 ) ;
#968 = MECHANICAL_DESIGN_GEOMETRIC_PRESENTATION_REPRESENTATION (  '', ( #895 ), #1739 ) ;
#969 = AXIS2_PLACEMENT_3D ( 'NONE', #2238, #2253, #2241 ) ;
#970 = MECHANICAL_DESIGN_GEOMETRIC_PRESENTATION_REPRESENTATION (  '', ( #802 ), #790 ) ;
#971 = PRESENTATION_LAYER_ASSIGNMENT (  '', '', ( #804 ) ) ;
#972 = AXIS2_PLACEMENT_3D ( 'NONE', #1849, #1855, #1858 ) ;
#973 = PRESENTATION_LAYER_ASSIGNMENT (  '', '', ( #831 ) ) ;
#974 = AXIS2_PLACEMENT_3D ( 'NONE', #2242, #2240, #2243 ) ;
#975 = MECHANICAL_DESIGN_GEOMETRIC_PRESENTATION_REPRESENTATION (  '', ( #850 ), #846 ) ;
#976 = PRESENTATION_LAYER_ASSIGNMENT (  '', '', ( #780 ) ) ;
#977 = PRESENTATION_LAYER_ASSIGNMENT (  '', '', ( #802 ) ) ;
#978 = PRESENTATION_LAYER_ASSIGNMENT (  '', '', ( #850 ) ) ;
#979 = MECHANICAL_DESIGN_GEOMETRIC_PRESENTATION_REPRESENTATION (  '', ( #824 ), #845 ) ;
#980 = PRESENTATION_LAYER_ASSIGNMENT (  '', '', ( #849 ) ) ;
#981 = PRESENTATION_LAYER_ASSIGNMENT (  '', '', ( #863 ) ) ;
#982 = MECHANICAL_DESIGN_GEOMETRIC_PRESENTATION_REPRESENTATION (  '', ( #863 ), #862 ) ;
#983 = MECHANICAL_DESIGN_GEOMETRIC_PRESENTATION_REPRESENTATION (  '', ( #804 ), #785 ) ;
#984 = AXIS2_PLACEMENT_3D ( 'NONE', #1919, #1894, #1904 ) ;
#985 = PRESENTATION_LAYER_ASSIGNMENT (  '', '', ( #787 ) ) ;
#986 = MECHANICAL_DESIGN_GEOMETRIC_PRESENTATION_REPRESENTATION (  '', ( #831 ), #805 ) ;
#987 = AXIS2_PLACEMENT_3D ( 'NONE', #1808, #1822, #1823 ) ;
#988 = AXIS2_PLACEMENT_3D ( 'NONE', #2245, #2251, #2236 ) ;
#989 = AXIS2_PLACEMENT_3D ( 'NONE', #1093, #1099, #1095 ) ;
#990 = MECHANICAL_DESIGN_GEOMETRIC_PRESENTATION_REPRESENTATION (  '', ( #849 ), #851 ) ;
#991 = PRESENTATION_LAYER_ASSIGNMENT (  '', '', ( #856 ) ) ;
#992 = AXIS2_PLACEMENT_3D ( 'NONE', #1107, #1070, #1068 ) ;
#993 = MECHANICAL_DESIGN_GEOMETRIC_PRESENTATION_REPRESENTATION (  '', ( #893 ), #891 ) ;
#994 = PRESENTATION_LAYER_ASSIGNMENT (  '', '', ( #1409 ) ) ;
#995 = PRESENTATION_LAYER_ASSIGNMENT (  '', '', ( #893 ) ) ;
#996 = AXIS2_PLACEMENT_3D ( 'NONE', #1130, #1151, #1140 ) ;
#997 = AXIS2_PLACEMENT_3D ( 'NONE', #1806, #1809, #1805 ) ;
#998 = PRESENTATION_LAYER_ASSIGNMENT (  '', '', ( #881 ) ) ;
#999 = MECHANICAL_DESIGN_GEOMETRIC_PRESENTATION_REPRESENTATION (  '', ( #1409 ), #1416 ) ;
#1000 = PRESENTATION_LAYER_ASSIGNMENT (  '', '', ( #895 ) ) ;
#1001 = MECHANICAL_DESIGN_GEOMETRIC_PRESENTATION_REPRESENTATION (  '', ( #787 ), #789 ) ;
#1002 = PRESENTATION_LAYER_ASSIGNMENT (  '', '', ( #1428 ) ) ;
#1003 = PRESENTATION_LAYER_ASSIGNMENT (  '', '', ( #834 ) ) ;
#1004 = PRESENTATION_LAYER_ASSIGNMENT (  '', '', ( #1405 ) ) ;
#1005 = MECHANICAL_DESIGN_GEOMETRIC_PRESENTATION_REPRESENTATION (  '', ( #820 ), #814 ) ;
#1006 = AXIS2_PLACEMENT_3D ( 'NONE', #1121, #1128, #1157 ) ;
#1007 = AXIS2_PLACEMENT_3D ( 'NONE', #1096, #1108, #1084 ) ;
#1008 = MECHANICAL_DESIGN_GEOMETRIC_PRESENTATION_REPRESENTATION (  '', ( #856 ), #866 ) ;
#1009 = MECHANICAL_DESIGN_GEOMETRIC_PRESENTATION_REPRESENTATION (  '', ( #873 ), #860 ) ;
#1010 = MECHANICAL_DESIGN_GEOMETRIC_PRESENTATION_REPRESENTATION (  '', ( #881 ), #884 ) ;
#1011 = AXIS2_PLACEMENT_3D ( 'NONE', #1844, #1847, #1850 ) ;
#1012 = AXIS2_PLACEMENT_3D ( 'NONE', #1125, #1164, #1147 ) ;
#1013 = AXIS2_PLACEMENT_3D ( 'NONE', #1905, #1910, #1914 ) ;
#1014 = AXIS2_PLACEMENT_3D ( 'NONE', #1145, #1119, #1120 ) ;
#1015 = MECHANICAL_DESIGN_GEOMETRIC_PRESENTATION_REPRESENTATION (  '', ( #780 ), #792 ) ;
#1016 = PRESENTATION_LAYER_ASSIGNMENT (  '', '', ( #813 ) ) ;
#1017 = MECHANICAL_DESIGN_GEOMETRIC_PRESENTATION_REPRESENTATION (  '', ( #813 ), #829 ) ;
#1018 = AXIS2_PLACEMENT_3D ( 'NONE', #1306, #1311, #1314 ) ;
#1019 = AXIS2_PLACEMENT_3D ( 'NONE', #1370, #1377, #1383 ) ;
#1020 = PRESENTATION_LAYER_ASSIGNMENT (  '', '', ( #1427 ) ) ;
#1021 = AXIS2_PLACEMENT_3D ( 'NONE', #1178, #1202, #1188 ) ;
#1022 = AXIS2_PLACEMENT_3D ( 'NONE', #1233, #1228, #1266 ) ;
#1023 = MECHANICAL_DESIGN_GEOMETRIC_PRESENTATION_REPRESENTATION (  '', ( #1458 ), #1468 ) ;
#1024 = AXIS2_PLACEMENT_3D ( 'NONE', #1250, #1252, #1253 ) ;
#1025 = PRESENTATION_LAYER_ASSIGNMENT (  '', '', ( #1444 ) ) ;
#1026 = AXIS2_PLACEMENT_3D ( 'NONE', #1276, #1307, #1282 ) ;
#1027 = AXIS2_PLACEMENT_3D ( 'NONE', #1231, #1241, #1242 ) ;
#1028 = AXIS2_PLACEMENT_3D ( 'NONE', #1289, #1275, #1284 ) ;
#1029 = AXIS2_PLACEMENT_3D ( 'NONE', #1215, #1193, #1194 ) ;
#1030 = PRESENTATION_LAYER_ASSIGNMENT (  '', '', ( #1432 ) ) ;
#1031 = AXIS2_PLACEMENT_3D ( 'NONE', #1209, #1220, #1224 ) ;
#1032 = AXIS2_PLACEMENT_3D ( 'NONE', #1225, #1230, #1226 ) ;
#1033 = AXIS2_PLACEMENT_3D ( 'NONE', #1248, #1296, #1295 ) ;
#1034 = AXIS2_PLACEMENT_3D ( 'NONE', #1315, #1399, #1398 ) ;
#1035 = PRESENTATION_LAYER_ASSIGNMENT (  '', '', ( #1557 ) ) ;
#1036 = AXIS2_PLACEMENT_3D ( 'NONE', #1351, #1379, #1389 ) ;
#1037 = AXIS2_PLACEMENT_3D ( 'NONE', #1287, #1269, #1272 ) ;
#1038 = PRODUCT_DEFINITION_FORMATION_WITH_SPECIFIED_SOURCE ( 'ANY', '', #1, .NOT_KNOWN. ) ;
#1039 = PRODUCT_RELATED_PRODUCT_CATEGORY ( 'part', '', ( #1 ) ) ;
#1040 = AXIS2_PLACEMENT_3D ( 'NONE', #1308, #1358, #1326 ) ;
#1041 = PRODUCT_DEFINITION ( 'UNKNOWN', '', #1038, #529 ) ;
#1042 = MECHANICAL_DESIGN_GEOMETRIC_PRESENTATION_REPRESENTATION (  '', ( #1427 ), #1441 ) ;
#1043 = MECHANICAL_DESIGN_GEOMETRIC_PRESENTATION_REPRESENTATION (  '', ( #1432 ), #1445 ) ;
#1044 = PRESENTATION_LAYER_ASSIGNMENT (  '', '', ( #1458 ) ) ;
#1045 = MECHANICAL_DESIGN_GEOMETRIC_PRESENTATION_REPRESENTATION (  '', ( #1557 ), #1552 ) ;
#1046 = AXIS2_PLACEMENT_3D ( 'NONE', #1246, #1259, #1260 ) ;
#1047 = AXIS2_PLACEMENT_3D ( 'NONE', #1386, #1391, #1392 ) ;
#1048 = AXIS2_PLACEMENT_3D ( 'NONE', #1299, #1281, #1305 ) ;
#1049 = AXIS2_PLACEMENT_3D ( 'NONE', #1203, #1196, #1176 ) ;
#1050 = MECHANICAL_DESIGN_GEOMETRIC_PRESENTATION_REPRESENTATION (  '', ( #1444 ), #1451 ) ;
#1051 = AXIS2_PLACEMENT_3D ( 'NONE', #1177, #1247, #1229 ) ;
#1052 = AXIS2_PLACEMENT_3D ( 'NONE', #1300, #1273, #1274 ) ;
#1053 = PRESENTATION_LAYER_ASSIGNMENT (  '', '', ( #1447 ) ) ;
#1054 = MECHANICAL_DESIGN_GEOMETRIC_PRESENTATION_REPRESENTATION (  '', ( #1447 ), #1452 ) ;
#1055 = AXIS2_PLACEMENT_3D ( 'NONE', #1343, #1333, #1317 ) ;
#1056 = AXIS2_PLACEMENT_3D ( 'NONE', #1278, #1312, #1279 ) ;
#1057 = AXIS2_PLACEMENT_3D ( 'NONE', #1283, #1298, #1291 ) ;
#1058 = AXIS2_PLACEMENT_3D ( 'NONE', #1318, #1341, #1352 ) ;
#1059 = AXIS2_PLACEMENT_3D ( 'NONE', #1243, #1222, #1223 ) ;
#1060 = B_SPLINE_SURFACE_WITH_KNOTS ( 'NONE', 3, 3, ( 
 ( #1818, #1824, #129, #95 ),
 ( #97, #102, #1942, #2016 ),
 ( #2028, #1646, #1647, #1648 ),
 ( #2239, #2229, #617, #609 ),
 ( #1645, #1929, #1862, #1089 ),
 ( #1094, #1063, #1091, #1110 ),
 ( #1073, #1112, #1087, #1113 ) ),
 .UNSPECIFIED., .F., .F., .F.,
 ( 4, 3, 4 ),
 ( 4, 4 ),
 ( -0.001890106327410026500, 0.0000000000000000000, 0.3150000000000000000 ),
 ( -0.3373436032632050100, -0.3086385257848239800 ),
 .UNSPECIFIED. ) ;
#1061 =( NAMED_UNIT ( * ) SI_UNIT ( $, .STERADIAN. ) SOLID_ANGLE_UNIT ( ) );
#1062 = CARTESIAN_POINT ( 'NONE',  ( 15.00000000000009900, -0.3192171672683349900, -52.11000000000000700 ) ) ;
#1063 = CARTESIAN_POINT ( 'NONE',  ( 15.17292485969310100, 21.16514212308770100, -46.20000000000000300 ) ) ;
#1064 =( NAMED_UNIT ( * ) PLANE_ANGLE_UNIT ( ) SI_UNIT ( $, .RADIAN. ) );
#1065 =( NAMED_UNIT ( * ) SI_UNIT ( $, .STERADIAN. ) SOLID_ANGLE_UNIT ( ) );
#1066 = SURFACE_STYLE_USAGE ( .BOTH. , #1098 ) ;
#1067 = CARTESIAN_POINT ( 'NONE',  ( 50.21957178599720400, 53.85909520578240300, -45.04269470794900300 ) ) ;
#1068 = DIRECTION ( 'NONE',  ( -2.960594732333750100E-016, -1.000000000000000000, 0.0000000000000000000 ) ) ;
#1069 =( LENGTH_UNIT ( ) NAMED_UNIT ( * ) SI_UNIT ( .MILLI., .METRE. ) );
#1070 = DIRECTION ( 'NONE',  ( -1.000000000000000000, 2.960594732333750100E-016, 0.0000000000000000000 ) ) ;
#1071 = SURFACE_SIDE_STYLE ('',( #835 ) ) ;
#1072 = DIRECTION ( 'NONE',  ( -1.000000000000000000, 2.660706118829255600E-015, 0.0000000000000000000 ) ) ;
#1073 = CARTESIAN_POINT ( 'NONE',  ( 15.00000000000009900, 21.09447276028269900, -48.29999999999999700 ) ) ;
#1074 = DIRECTION ( 'NONE',  ( 0.08715574274765845700, -2.322295495842179000E-016, 0.9961946980917455500 ) ) ;
#1075 = DIRECTION ( 'NONE',  ( 0.9961946980917455500, 0.0000000000000000000, -0.08715574274765836000 ) ) ;
#1076 = FILL_AREA_STYLE_COLOUR ( '', #871 ) ;
#1077 = FILL_AREA_STYLE ('',( #1097 ) ) ;
#1078 =( NAMED_UNIT ( * ) PLANE_ANGLE_UNIT ( ) SI_UNIT ( $, .RADIAN. ) );
#1079 = SURFACE_STYLE_USAGE ( .BOTH. , #1111 ) ;
#1080 = FILL_AREA_STYLE ('',( #1076 ) ) ;
#1081 = FILL_AREA_STYLE ('',( #1114 ) ) ;
#1082 =( LENGTH_UNIT ( ) NAMED_UNIT ( * ) SI_UNIT ( .MILLI., .METRE. ) );
#1083 = PLANE ( 'NONE',  #992 ) ;
#1084 = DIRECTION ( 'NONE',  ( 0.0000000000000000000, 1.601283208593974400E-015, 1.000000000000000000 ) ) ;
#1085 = SURFACE_SIDE_STYLE ('',( #838 ) ) ;
#1086 = SURFACE_STYLE_USAGE ( .BOTH. , #1085 ) ;
#1087 = CARTESIAN_POINT ( 'NONE',  ( 15.22232046335560100, 21.23836412286910000, -48.30489693917329700 ) ) ;
#1088 = PLANE ( 'NONE',  #989 ) ;
#1089 = CARTESIAN_POINT ( 'NONE',  ( 15.69811749940890000, 21.31410859656930200, -44.13048046828510000 ) ) ;
#1090 =( NAMED_UNIT ( * ) SI_UNIT ( $, .STERADIAN. ) SOLID_ANGLE_UNIT ( ) );
#1091 = CARTESIAN_POINT ( 'NONE',  ( 15.34485930142560100, 21.23836412286910000, -46.20759603950499900 ) ) ;
#1092 = FILL_AREA_STYLE ('',( #1109 ) ) ;
#1093 = CARTESIAN_POINT ( 'NONE',  ( -50.00000000000000000, 59.79078283273160100, -56.62125228404150300 ) ) ;
#1094 = CARTESIAN_POINT ( 'NONE',  ( 15.00000000000009900, 21.09447276028269900, -46.20000000000000300 ) ) ;
#1095 = DIRECTION ( 'NONE',  ( 0.08715574274765815200, 0.0000000000000000000, 0.9961946980917455500 ) ) ;
#1096 = CARTESIAN_POINT ( 'NONE',  ( -73.67199704020426100, -20.31921716726850500, -97.71915063942827800 ) ) ;
#1097 = FILL_AREA_STYLE_COLOUR ( '', #864 ) ;
#1098 = SURFACE_SIDE_STYLE ('',( #855 ) ) ;
#1099 = DIRECTION ( 'NONE',  ( -0.9961946980917455500, 1.494829496536499600E-016, 0.08715574274765815200 ) ) ;
#1100 =( LENGTH_UNIT ( ) NAMED_UNIT ( * ) SI_UNIT ( .MILLI., .METRE. ) );
#1101 =( NAMED_UNIT ( * ) PLANE_ANGLE_UNIT ( ) SI_UNIT ( $, .RADIAN. ) );
#1102 =( LENGTH_UNIT ( ) NAMED_UNIT ( * ) SI_UNIT ( .MILLI., .METRE. ) );
#1103 = SURFACE_STYLE_USAGE ( .BOTH. , #1071 ) ;
#1104 =( NAMED_UNIT ( * ) PLANE_ANGLE_UNIT ( ) SI_UNIT ( $, .RADIAN. ) );
#1105 = DIRECTION ( 'NONE',  ( 2.664535259100380000E-015, 1.000000000000000000, 0.0000000000000000000 ) ) ;
#1106 =( NAMED_UNIT ( * ) SI_UNIT ( $, .STERADIAN. ) SOLID_ANGLE_UNIT ( ) );
#1107 = CARTESIAN_POINT ( 'NONE',  ( -50.00000000000000000, 19.68078283273160200, -42.00000000000000000 ) ) ;
#1108 = DIRECTION ( 'NONE',  ( -0.0000000000000000000, 1.000000000000000000, -1.715124499442879900E-015 ) ) ;
#1109 = FILL_AREA_STYLE_COLOUR ( '', #848 ) ;
#1110 = CARTESIAN_POINT ( 'NONE',  ( 15.51509043963880100, 21.31410859656930200, -46.22248933427780300 ) ) ;
#1111 = SURFACE_SIDE_STYLE ('',( #840 ) ) ;
#1112 = CARTESIAN_POINT ( 'NONE',  ( 15.11147947807630000, 21.16514212308770100, -48.29999999999999700 ) ) ;
#1113 = CARTESIAN_POINT ( 'NONE',  ( 15.33206337986870000, 21.31410859656930200, -48.31449820027040000 ) ) ;
#1114 = FILL_AREA_STYLE_COLOUR ( '', #852 ) ;
#1115 =( NAMED_UNIT ( * ) SI_UNIT ( $, .STERADIAN. ) SOLID_ANGLE_UNIT ( ) );
#1116 = FILL_AREA_STYLE_COLOUR ( '', #876 ) ;
#1117 = FILL_AREA_STYLE ('',( #1116 ) ) ;
#1118 = DIRECTION ( 'NONE',  ( 0.0000000000000000000, 0.0000000000000000000, 1.000000000000000000 ) ) ;
#1119 = DIRECTION ( 'NONE',  ( 0.0000000000000000000, 1.000000000000000000, -1.715124499442879900E-015 ) ) ;
#1120 = DIRECTION ( 'NONE',  ( 0.0000000000000000000, 1.734723475976805500E-015, 1.000000000000000000 ) ) ;
#1121 = CARTESIAN_POINT ( 'NONE',  ( 28.78863275667789900, -0.3192171672683750700, -43.16773049416830300 ) ) ;
#1122 = SURFACE_SIDE_STYLE ('',( #861 ) ) ;
#1123 = FILL_AREA_STYLE ('',( #1156 ) ) ;
#1124 = SURFACE_SIDE_STYLE ('',( #879 ) ) ;
#1125 = CARTESIAN_POINT ( 'NONE',  ( 50.21957178599720400, 53.85909520578240300, -45.04269470794900300 ) ) ;
#1126 =( LENGTH_UNIT ( ) NAMED_UNIT ( * ) SI_UNIT ( .MILLI., .METRE. ) );
#1127 = SURFACE_STYLE_USAGE ( .BOTH. , #1161 ) ;
#1128 = DIRECTION ( 'NONE',  ( -0.08715574274765845700, 2.322295495842179000E-016, -0.9961946980917455500 ) ) ;
#1129 = SURFACE_STYLE_USAGE ( .BOTH. , #1124 ) ;
#1130 = CARTESIAN_POINT ( 'NONE',  ( -13.93906804088820000, 59.79078283273160100, -70.05233926546310400 ) ) ;
#1131 =( NAMED_UNIT ( * ) PLANE_ANGLE_UNIT ( ) SI_UNIT ( $, .RADIAN. ) );
#1132 =( NAMED_UNIT ( * ) SI_UNIT ( $, .STERADIAN. ) SOLID_ANGLE_UNIT ( ) );
#1133 = DIRECTION ( 'NONE',  ( -1.000000000000000000, 0.0000000000000000000, 0.0000000000000000000 ) ) ;
#1134 = SURFACE_SIDE_STYLE ('',( #1414 ) ) ;
#1135 = FILL_AREA_STYLE_COLOUR ( '', #889 ) ;
#1136 =( NAMED_UNIT ( * ) PLANE_ANGLE_UNIT ( ) SI_UNIT ( $, .RADIAN. ) );
#1137 =( LENGTH_UNIT ( ) NAMED_UNIT ( * ) SI_UNIT ( .MILLI., .METRE. ) );
#1138 =( NAMED_UNIT ( * ) SI_UNIT ( $, .STERADIAN. ) SOLID_ANGLE_UNIT ( ) );
#1139 =( LENGTH_UNIT ( ) NAMED_UNIT ( * ) SI_UNIT ( .MILLI., .METRE. ) );
#1140 = DIRECTION ( 'NONE',  ( 0.0000000000000000000, 1.715124499442879900E-015, 1.000000000000000000 ) ) ;
#1141 = CARTESIAN_POINT ( 'NONE',  ( -67.50000000000000000, 49.68078283273160900, -52.11000000000000700 ) ) ;
#1142 =( LENGTH_UNIT ( ) NAMED_UNIT ( * ) SI_UNIT ( .MILLI., .METRE. ) );
#1143 = FILL_AREA_STYLE_COLOUR ( '', #885 ) ;
#1144 = SURFACE_SIDE_STYLE ('',( #880 ) ) ;
#1145 = CARTESIAN_POINT ( 'NONE',  ( -82.23592321915924700, 59.79078283273142300, -197.3517135097732800 ) ) ;
#1146 =( NAMED_UNIT ( * ) SI_UNIT ( $, .STERADIAN. ) SOLID_ANGLE_UNIT ( ) );
#1147 = DIRECTION ( 'NONE',  ( 0.9961946980917455500, 0.0000000000000000000, -0.08715574274765829100 ) ) ;
#1148 =( LENGTH_UNIT ( ) NAMED_UNIT ( * ) SI_UNIT ( .MILLI., .METRE. ) );
#1149 = FILL_AREA_STYLE ('',( #1153 ) ) ;
#1150 = SURFACE_STYLE_USAGE ( .BOTH. , #1134 ) ;
#1151 = DIRECTION ( 'NONE',  ( 0.0000000000000000000, 1.000000000000000000, -1.715124499442879900E-015 ) ) ;
#1152 = SURFACE_STYLE_USAGE ( .BOTH. , #1144 ) ;
#1153 = FILL_AREA_STYLE_COLOUR ( '', #1407 ) ;
#1154 =( NAMED_UNIT ( * ) PLANE_ANGLE_UNIT ( ) SI_UNIT ( $, .RADIAN. ) );
#1155 =( NAMED_UNIT ( * ) PLANE_ANGLE_UNIT ( ) SI_UNIT ( $, .RADIAN. ) );
#1156 = FILL_AREA_STYLE_COLOUR ( '', #858 ) ;
#1157 = DIRECTION ( 'NONE',  ( -0.9961946980917455500, 0.0000000000000000000, 0.08715574274765836000 ) ) ;
#1158 = FILL_AREA_STYLE ('',( #1135 ) ) ;
#1159 = SURFACE_STYLE_USAGE ( .BOTH. , #1122 ) ;
#1160 =( NAMED_UNIT ( * ) SI_UNIT ( $, .STERADIAN. ) SOLID_ANGLE_UNIT ( ) );
#1161 = SURFACE_SIDE_STYLE ('',( #887 ) ) ;
#1162 = PLANE ( 'NONE',  #996 ) ;
#1163 = FILL_AREA_STYLE ('',( #1143 ) ) ;
#1164 = DIRECTION ( 'NONE',  ( 0.08715574274765845700, -2.322295495842179000E-016, 0.9961946980917455500 ) ) ;
#1165 =( NAMED_UNIT ( * ) PLANE_ANGLE_UNIT ( ) SI_UNIT ( $, .RADIAN. ) );
#1166 = SURFACE_STYLE_USAGE ( .BOTH. , #1218 ) ;
#1167 =( NAMED_UNIT ( * ) SI_UNIT ( $, .STERADIAN. ) SOLID_ANGLE_UNIT ( ) );
#1168 = SURFACE_SIDE_STYLE ('',( #1410 ) ) ;
#1169 = PLANE ( 'NONE',  #1029 ) ;
#1170 = FILL_AREA_STYLE_COLOUR ( '', #1426 ) ;
#1171 = PLANE ( 'NONE',  #1031 ) ;
#1172 = SURFACE_STYLE_USAGE ( .BOTH. , #1168 ) ;
#1173 = DIRECTION ( 'NONE',  ( -9.912705577010330500E-017, 1.000000000000000000, 0.0000000000000000000 ) ) ;
#1174 = FILL_AREA_STYLE_COLOUR ( '', #1431 ) ;
#1175 = PLANE ( 'NONE',  #1051 ) ;
#1176 = DIRECTION ( 'NONE',  ( 0.0000000000000000000, 2.135044278125299400E-015, 1.000000000000000000 ) ) ;
#1177 = CARTESIAN_POINT ( 'NONE',  ( -4.400000000000000400, 5.280782832731640400, -42.00000000000000000 ) ) ;
#1178 = CARTESIAN_POINT ( 'NONE',  ( -13.47618879726290000, 77.17042217245409600, -39.47003774225230200 ) ) ;
#1179 =( NAMED_UNIT ( * ) SI_UNIT ( $, .STERADIAN. ) SOLID_ANGLE_UNIT ( ) );
#1180 = SURFACE_SIDE_STYLE ('',( #1408 ) ) ;
#1181 = FILL_AREA_STYLE ('',( #1170 ) ) ;
#1182 = SURFACE_STYLE_USAGE ( .BOTH. , #1195 ) ;
#1183 = FILL_AREA_STYLE ('',( #1186 ) ) ;
#1184 =( NAMED_UNIT ( * ) SI_UNIT ( $, .STERADIAN. ) SOLID_ANGLE_UNIT ( ) );
#1185 = FILL_AREA_STYLE_COLOUR ( '', #1437 ) ;
#1186 = FILL_AREA_STYLE_COLOUR ( '', #1430 ) ;
#1187 =( LENGTH_UNIT ( ) NAMED_UNIT ( * ) SI_UNIT ( .MILLI., .METRE. ) );
#1188 = DIRECTION ( 'NONE',  ( 0.9961946980917455500, 0.0000000000000000000, -0.08715574274765845700 ) ) ;
#1189 = SURFACE_SIDE_STYLE ('',( #1438 ) ) ;
#1190 =( NAMED_UNIT ( * ) PLANE_ANGLE_UNIT ( ) SI_UNIT ( $, .RADIAN. ) );
#1191 =( NAMED_UNIT ( * ) PLANE_ANGLE_UNIT ( ) SI_UNIT ( $, .RADIAN. ) );
#1192 = DIRECTION ( 'NONE',  ( -1.000000000000000000, -9.912705577010330500E-017, 0.0000000000000000000 ) ) ;
#1193 = DIRECTION ( 'NONE',  ( -0.9864997997699045400, 0.1391731009600649700, 0.08630754905046095200 ) ) ;
#1194 = DIRECTION ( 'NONE',  ( -0.1396943646708915500, -0.9901946699913082300, 0.0000000000000000000 ) ) ;
#1195 = SURFACE_SIDE_STYLE ('',( #1423 ) ) ;
#1196 = DIRECTION ( 'NONE',  ( 0.0000000000000000000, 1.000000000000000000, -1.715124499442879900E-015 ) ) ;
#1197 =( NAMED_UNIT ( * ) SI_UNIT ( $, .STERADIAN. ) SOLID_ANGLE_UNIT ( ) );
#1198 =( NAMED_UNIT ( * ) PLANE_ANGLE_UNIT ( ) SI_UNIT ( $, .RADIAN. ) );
#1199 =( LENGTH_UNIT ( ) NAMED_UNIT ( * ) SI_UNIT ( .MILLI., .METRE. ) );
#1200 = PLANE ( 'NONE',  #965 ) ;
#1201 = PLANE ( 'NONE',  #1021 ) ;
#1202 = DIRECTION ( 'NONE',  ( 0.08715574274765845700, -2.322295495842178500E-016, 0.9961946980917455500 ) ) ;
#1203 = CARTESIAN_POINT ( 'NONE',  ( -80.13285617855014200, 59.79078283273142300, -172.4403283812272900 ) ) ;
#1204 = FILL_AREA_STYLE ('',( #1185 ) ) ;
#1205 = FILL_AREA_STYLE_COLOUR ( '', #1429 ) ;
#1206 =( LENGTH_UNIT ( ) NAMED_UNIT ( * ) SI_UNIT ( .MILLI., .METRE. ) );
#1207 = SURFACE_STYLE_USAGE ( .BOTH. , #1180 ) ;
#1208 =( NAMED_UNIT ( * ) PLANE_ANGLE_UNIT ( ) SI_UNIT ( $, .RADIAN. ) );
#1209 = CARTESIAN_POINT ( 'NONE',  ( -13.93906804088820000, 77.17042217245409600, -48.29999999999999700 ) ) ;
#1210 = SURFACE_STYLE_USAGE ( .BOTH. , #1189 ) ;
#1211 =( NAMED_UNIT ( * ) PLANE_ANGLE_UNIT ( ) SI_UNIT ( $, .RADIAN. ) );
#1212 = FILL_AREA_STYLE ('',( #1205 ) ) ;
#1213 = FILL_AREA_STYLE ('',( #1174 ) ) ;
#1214 =( NAMED_UNIT ( * ) SI_UNIT ( $, .STERADIAN. ) SOLID_ANGLE_UNIT ( ) );
#1215 = CARTESIAN_POINT ( 'NONE',  ( 59.95385790706340100, -20.31921716726810000, -45.89433439105999900 ) ) ;
#1216 =( LENGTH_UNIT ( ) NAMED_UNIT ( * ) SI_UNIT ( .MILLI., .METRE. ) );
#1217 =( LENGTH_UNIT ( ) NAMED_UNIT ( * ) SI_UNIT ( .MILLI., .METRE. ) );
#1218 = SURFACE_SIDE_STYLE ('',( #1422 ) ) ;
#1219 = CARTESIAN_POINT ( 'NONE',  ( -15.60000000000000000, 5.280782832731640400, -42.00000000000000000 ) ) ;
#1220 = DIRECTION ( 'NONE',  ( 0.0000000000000000000, 0.0000000000000000000, 1.000000000000000000 ) ) ;
#1221 =( NAMED_UNIT ( * ) SI_UNIT ( $, .STERADIAN. ) SOLID_ANGLE_UNIT ( ) );
#1222 = DIRECTION ( 'NONE',  ( 0.0000000000000000000, 0.0000000000000000000, 1.000000000000000000 ) ) ;
#1223 = DIRECTION ( 'NONE',  ( 1.000000000000000000, 0.0000000000000000000, 0.0000000000000000000 ) ) ;
#1224 = DIRECTION ( 'NONE',  ( 1.000000000000000000, 0.0000000000000000000, -0.0000000000000000000 ) ) ;
#1225 = CARTESIAN_POINT ( 'NONE',  ( -82.23592321915924700, 59.79078283273142300, -197.3517135097732800 ) ) ;
#1226 = DIRECTION ( 'NONE',  ( 0.0000000000000000000, 2.135044278125299400E-015, 1.000000000000000000 ) ) ;
#1227 = DIRECTION ( 'NONE',  ( -0.0000000000000000000, 0.0000000000000000000, 1.000000000000000000 ) ) ;
#1228 = DIRECTION ( 'NONE',  ( -0.0000000000000000000, -0.0000000000000000000, -1.000000000000000000 ) ) ;
#1229 = DIRECTION ( 'NONE',  ( 3.965082230804130200E-016, 1.000000000000000000, 0.0000000000000000000 ) ) ;
#1230 = DIRECTION ( 'NONE',  ( 0.0000000000000000000, 1.000000000000000000, -1.715124499442879900E-015 ) ) ;
#1231 = CARTESIAN_POINT ( 'NONE',  ( -80.13285617855014200, 59.79078283273142300, -172.4403283812272900 ) ) ;
#1232 =( LENGTH_UNIT ( ) NAMED_UNIT ( * ) SI_UNIT ( .MILLI., .METRE. ) );
#1233 = CARTESIAN_POINT ( 'NONE',  ( -40.00000000000000000, 29.68078283273160200, -42.00000000000000000 ) ) ;
#1234 = FILL_AREA_STYLE_COLOUR ( '', #1435 ) ;
#1235 = CARTESIAN_POINT ( 'NONE',  ( -40.00000000000000000, 19.68078283273159800, -42.00000000000000000 ) ) ;
#1236 = DIRECTION ( 'NONE',  ( 0.0000000000000000000, 0.0000000000000000000, 1.000000000000000000 ) ) ;
#1237 = CARTESIAN_POINT ( 'NONE',  ( -90.00000000000000000, -20.31921716726839800, -48.29999999999999700 ) ) ;
#1238 = DIRECTION ( 'NONE',  ( -0.0000000000000000000, 1.000000000000000000, 0.0000000000000000000 ) ) ;
#1239 = DIRECTION ( 'NONE',  ( -0.0000000000000000000, 1.000000000000000000, 0.0000000000000000000 ) ) ;
#1240 =( NAMED_UNIT ( * ) PLANE_ANGLE_UNIT ( ) SI_UNIT ( $, .RADIAN. ) );
#1241 = DIRECTION ( 'NONE',  ( -0.0000000000000000000, -1.000000000000000000, 1.715124499442879900E-015 ) ) ;
#1242 = DIRECTION ( 'NONE',  ( 0.0000000000000000000, 2.135044278125299400E-015, 1.000000000000000000 ) ) ;
#1243 = CARTESIAN_POINT ( 'NONE',  ( -51.71572875253809800, -0.3192171672683690200, -42.00000000000000000 ) ) ;
#1244 = CARTESIAN_POINT ( 'NONE',  ( -50.00000000000000000, 19.68078283273160200, -48.29999999999999700 ) ) ;
#1245 =( NAMED_UNIT ( * ) SI_UNIT ( $, .STERADIAN. ) SOLID_ANGLE_UNIT ( ) );
#1246 = CARTESIAN_POINT ( 'NONE',  ( 7.614265243675469600, 39.68078283273160200, -42.00000000000000000 ) ) ;
#1247 = DIRECTION ( 'NONE',  ( 1.000000000000000000, -3.965082230804130200E-016, 0.0000000000000000000 ) ) ;
#1248 = CARTESIAN_POINT ( 'NONE',  ( 7.614265243675469600, 39.68078283273160200, -48.29999999999999700 ) ) ;
#1249 = FILL_AREA_STYLE_COLOUR ( '', #1494 ) ;
#1250 = CARTESIAN_POINT ( 'NONE',  ( -70.00000000000000000, 17.96505408019350000, -48.29999999999999700 ) ) ;
#1251 =( LENGTH_UNIT ( ) NAMED_UNIT ( * ) SI_UNIT ( .MILLI., .METRE. ) );
#1252 = DIRECTION ( 'NONE',  ( -0.0000000000000000000, -0.0000000000000000000, 1.000000000000000000 ) ) ;
#1253 = DIRECTION ( 'NONE',  ( -1.000000000000000000, 0.0000000000000000000, 0.0000000000000000000 ) ) ;
#1254 = DIRECTION ( 'NONE',  ( -2.960594732333750100E-016, -1.000000000000000000, 0.0000000000000000000 ) ) ;
#1255 = DIRECTION ( 'NONE',  ( -1.000000000000000000, 9.868649107779169900E-017, 0.0000000000000000000 ) ) ;
#1256 = SURFACE_SIDE_STYLE ('',( #1436 ) ) ;
#1257 = SURFACE_STYLE_USAGE ( .BOTH. , #1256 ) ;
#1258 = CARTESIAN_POINT ( 'NONE',  ( 7.614265243675470500, 19.68078283273159800, -42.00000000000000000 ) ) ;
#1259 = DIRECTION ( 'NONE',  ( -0.0000000000000000000, -0.0000000000000000000, -1.000000000000000000 ) ) ;
#1260 = DIRECTION ( 'NONE',  ( 1.000000000000000000, 0.0000000000000000000, 0.0000000000000000000 ) ) ;
#1261 =( NAMED_UNIT ( * ) PLANE_ANGLE_UNIT ( ) SI_UNIT ( $, .RADIAN. ) );
#1262 = CARTESIAN_POINT ( 'NONE',  ( 15.00000000000000200, 77.17042217245409600, -42.00000000000000000 ) ) ;
#1263 = CARTESIAN_POINT ( 'NONE',  ( -90.00000000000000000, 63.73933519103250200, -48.29999999999999700 ) ) ;
#1264 = FILL_AREA_STYLE ('',( #1234 ) ) ;
#1265 = SURFACE_STYLE_USAGE ( .BOTH. , #1267 ) ;
#1266 = DIRECTION ( 'NONE',  ( 1.000000000000000000, 0.0000000000000000000, 0.0000000000000000000 ) ) ;
#1267 = SURFACE_SIDE_STYLE ('',( #1454 ) ) ;
#1268 = FILL_AREA_STYLE ('',( #1249 ) ) ;
#1269 = DIRECTION ( 'NONE',  ( -0.0000000000000000000, -1.000000000000000000, 1.715124499442879900E-015 ) ) ;
#1270 = CARTESIAN_POINT ( 'NONE',  ( -51.71572875253809800, -20.31921716726840200, -42.00000000000000000 ) ) ;
#1271 = DIRECTION ( 'NONE',  ( 1.000000000000000000, -9.912705577010340300E-017, 0.0000000000000000000 ) ) ;
#1272 = DIRECTION ( 'NONE',  ( 0.0000000000000000000, 2.135044278125299400E-015, 1.000000000000000000 ) ) ;
#1273 = DIRECTION ( 'NONE',  ( 0.0000000000000000000, 1.000000000000000000, -1.715124499442879900E-015 ) ) ;
#1274 = DIRECTION ( 'NONE',  ( 0.0000000000000000000, 1.734723475976805500E-015, 1.000000000000000000 ) ) ;
#1275 = DIRECTION ( 'NONE',  ( 0.0000000000000000000, 0.0000000000000000000, 1.000000000000000000 ) ) ;
#1276 = CARTESIAN_POINT ( 'NONE',  ( 15.00000000000004600, -20.31921716726839800, -52.11000000000000700 ) ) ;
#1277 = CARTESIAN_POINT ( 'NONE',  ( -65.85786437626903500, -14.46135279099933300, -42.00000000000000000 ) ) ;
#1278 = CARTESIAN_POINT ( 'NONE',  ( -50.00000000000000000, 49.68078283273160900, -52.11000000000000700 ) ) ;
#1279 = DIRECTION ( 'NONE',  ( 0.0000000000000000000, 0.0000000000000000000, 1.000000000000000000 ) ) ;
#1280 = CARTESIAN_POINT ( 'NONE',  ( -4.400000000000000400, 5.280782832731640400, -48.29999999999999700 ) ) ;
#1281 = DIRECTION ( 'NONE',  ( -1.000000000000000000, 0.0000000000000000000, 0.0000000000000000000 ) ) ;
#1282 = DIRECTION ( 'NONE',  ( -1.000000000000000000, 2.745358616778329900E-015, 0.0000000000000000000 ) ) ;
#1283 = CARTESIAN_POINT ( 'NONE',  ( -51.71572875253809800, -0.3192171672683690200, -48.29999999999999700 ) ) ;
#1284 = DIRECTION ( 'NONE',  ( 1.000000000000000000, 0.0000000000000000000, 0.0000000000000000000 ) ) ;
#1285 = DIRECTION ( 'NONE',  ( -0.0000000000000000000, 0.0000000000000000000, -1.000000000000000000 ) ) ;
#1286 = CARTESIAN_POINT ( 'NONE',  ( 25.00000000000000000, 19.68078283273160200, -48.29999999999999700 ) ) ;
#1287 = CARTESIAN_POINT ( 'NONE',  ( -82.23592321915924700, 59.79078283273142300, -197.3517135097732800 ) ) ;
#1288 = DIRECTION ( 'NONE',  ( 0.1386435052934058800, 0.9902680687415701400, -0.01212973498466922800 ) ) ;
#1289 = CARTESIAN_POINT ( 'NONE',  ( -40.00000000000000000, 29.68078283273160200, -48.29999999999999700 ) ) ;
#1290 = DIRECTION ( 'NONE',  ( 0.0000000000000000000, 0.0000000000000000000, 1.000000000000000000 ) ) ;
#1291 = DIRECTION ( 'NONE',  ( 1.000000000000000000, 0.0000000000000000000, 0.0000000000000000000 ) ) ;
#1292 = DIRECTION ( 'NONE',  ( 1.000000000000000000, 1.776356839400250100E-016, 0.0000000000000000000 ) ) ;
#1293 = DIRECTION ( 'NONE',  ( 3.965082230804130200E-016, 1.000000000000000000, 0.0000000000000000000 ) ) ;
#1294 = CARTESIAN_POINT ( 'NONE',  ( -50.00000000000000000, 29.68078283273160200, -42.00000000000000000 ) ) ;
#1295 = DIRECTION ( 'NONE',  ( 1.000000000000000000, 0.0000000000000000000, 0.0000000000000000000 ) ) ;
#1296 = DIRECTION ( 'NONE',  ( 0.0000000000000000000, 0.0000000000000000000, 1.000000000000000000 ) ) ;
#1297 = DIRECTION ( 'NONE',  ( 0.0000000000000000000, -0.0000000000000000000, 1.000000000000000000 ) ) ;
#1298 = DIRECTION ( 'NONE',  ( 0.0000000000000000000, 0.0000000000000000000, 1.000000000000000000 ) ) ;
#1299 = CARTESIAN_POINT ( 'NONE',  ( -90.00000000000000000, 49.68078283273160900, -52.11000000000000700 ) ) ;
#1300 = CARTESIAN_POINT ( 'NONE',  ( -82.23592321915924700, 59.79078283273142300, -197.3517135097732800 ) ) ;
#1301 = DIRECTION ( 'NONE',  ( 0.9961946980917455500, 0.0000000000000000000, -0.08715574274765845700 ) ) ;
#1302 = CARTESIAN_POINT ( 'NONE',  ( -50.00000000000000000, 59.79078283273162200, -56.62125228404150300 ) ) ;
#1303 = CARTESIAN_POINT ( 'NONE',  ( 64.62835091544511100, 13.06857949843200100, -46.30329953702462100 ) ) ;
#1304 = DIRECTION ( 'NONE',  ( -0.08715574274765795800, -1.686026076126094600E-015, -0.9961946980917455500 ) ) ;
#1305 = DIRECTION ( 'NONE',  ( 0.0000000000000000000, 0.0000000000000000000, 1.000000000000000000 ) ) ;
#1306 = CARTESIAN_POINT ( 'NONE',  ( -75.81297982503144800, 59.79078283273150900, -122.6273057841811900 ) ) ;
#1307 = DIRECTION ( 'NONE',  ( 2.664535259100380000E-015, 1.000000000000000000, 0.0000000000000000000 ) ) ;
#1308 = CARTESIAN_POINT ( 'NONE',  ( -80.13285617855014200, 53.49078283273141900, -172.4403283812272600 ) ) ;
#1309 = CARTESIAN_POINT ( 'NONE',  ( -13.47618879726290200, -20.31921716726839500, -39.47003774225232300 ) ) ;
#1310 = CARTESIAN_POINT ( 'NONE',  ( -50.00000000000000000, 53.49078283273159700, -12.56269992574059900 ) ) ;
#1311 = DIRECTION ( 'NONE',  ( 0.0000000000000000000, 1.000000000000000000, -1.715124499442879900E-015 ) ) ;
#1312 = DIRECTION ( 'NONE',  ( -1.000000000000000000, 0.0000000000000000000, 0.0000000000000000000 ) ) ;
#1313 = CARTESIAN_POINT ( 'NONE',  ( -4.400000000000000400, -5.919217167268359800, -48.29999999999999700 ) ) ;
#1314 = DIRECTION ( 'NONE',  ( 0.0000000000000000000, 2.135044278125299400E-015, 1.000000000000000000 ) ) ;
#1315 = CARTESIAN_POINT ( 'NONE',  ( 50.21957178599720400, 53.85909520578240300, -45.04269470794901100 ) ) ;
#1316 = CARTESIAN_POINT ( 'NONE',  ( 27.72512354242181200, 36.89732081353030000, -43.07468549436552500 ) ) ;
#1317 = DIRECTION ( 'NONE',  ( 0.9961946980917455500, 0.0000000000000000000, -0.08715574274765836000 ) ) ;
#1318 = CARTESIAN_POINT ( 'NONE',  ( -77.95396260985863500, 59.79078283273152300, -147.5354609289339600 ) ) ;
#1319 = CARTESIAN_POINT ( 'NONE',  ( 28.78863275667789500, -20.31921716726840900, -43.16773049416830300 ) ) ;
#1320 = CARTESIAN_POINT ( 'NONE',  ( -15.60000000000000000, -5.919217167268359800, -48.29999999999999700 ) ) ;
#1321 = DIRECTION ( 'NONE',  ( 0.08715574274765397500, -4.130293990420974400E-015, 0.9961946980917458800 ) ) ;
#1322 = DIRECTION ( 'NONE',  ( -0.08715574274766589600, 0.0000000000000000000, -0.9961946980917448800 ) ) ;
#1323 = DIRECTION ( 'NONE',  ( -0.08715574274765845700, 2.305988929144469000E-016, -0.9961946980917455500 ) ) ;
#1324 = CARTESIAN_POINT ( 'NONE',  ( 15.60660396952383700, 21.31410859656930200, -45.17648490128144100 ) ) ;
#1325 = CARTESIAN_POINT ( 'NONE',  ( 42.32787210542282000, -14.46135279099932300, -50.67632542647069700 ) ) ;
#1326 = DIRECTION ( 'NONE',  ( 0.0000000000000000000, 2.135044278125299400E-015, 1.000000000000000000 ) ) ;
#1327 = CARTESIAN_POINT ( 'NONE',  ( -97.80203002686410200, 59.79078283273146600, -145.7988635588120000 ) ) ;
#1328 = CARTESIAN_POINT ( 'NONE',  ( -90.00000000000000000, 59.79078283273160100, -56.62125228404150300 ) ) ;
#1329 = CARTESIAN_POINT ( 'NONE',  ( 15.00000000000008000, 21.09447276028261700, -48.29999999999999700 ) ) ;
#1330 = DIRECTION ( 'NONE',  ( 0.0000000000000000000, 0.0000000000000000000, 1.000000000000000000 ) ) ;
#1331 = DIRECTION ( 'NONE',  ( 0.0000000000000000000, 1.000000000000000000, 0.0000000000000000000 ) ) ;
#1332 = DIRECTION ( 'NONE',  ( -0.0000000000000000000, -1.000000000000000000, 1.715124499442879900E-015 ) ) ;
#1333 = DIRECTION ( 'NONE',  ( 0.08715574274765845700, -2.305988929144469000E-016, 0.9961946980917455500 ) ) ;
#1334 = CARTESIAN_POINT ( 'NONE',  ( 15.11148700185480300, 21.16514748409995800, -48.30000000000000400 ) ) ;
#1335 = CARTESIAN_POINT ( 'NONE',  ( 58.98667544810216900, 1.709905893902347500, -45.80971689033979300 ) ) ;
#1336 = CARTESIAN_POINT ( 'NONE',  ( -13.93906804088820000, 49.68078283273160900, -48.29999999999999700 ) ) ;
#1337 = DIRECTION ( 'NONE',  ( 0.08715574274765891500, 1.705302068707476600E-015, 0.9961946980917454300 ) ) ;
#1338 = DIRECTION ( 'NONE',  ( 0.08715574274761803100, -0.0000000000000000000, 0.9961946980917491000 ) ) ;
#1339 = DIRECTION ( 'NONE',  ( -1.000000000000000000, -0.0000000000000000000, 0.0000000000000000000 ) ) ;
#1340 = CARTESIAN_POINT ( 'NONE',  ( 15.00000000000000200, 77.17042217245409600, -48.29999999999999700 ) ) ;
#1341 = DIRECTION ( 'NONE',  ( -0.0000000000000000000, -1.000000000000000000, 1.715124499442879900E-015 ) ) ;
#1342 = CARTESIAN_POINT ( 'NONE',  ( 15.22231279612031200, 21.23835942952882400, -48.30489626837711400 ) ) ;
#1343 = CARTESIAN_POINT ( 'NONE',  ( 44.89835492004699800, 15.85204151763330100, -44.57714855601538100 ) ) ;
#1344 = CARTESIAN_POINT ( 'NONE',  ( 15.88114455917891200, 21.31410859656930200, -42.03847160229244700 ) ) ;
#1345 = DIRECTION ( 'NONE',  ( 0.08715574274765845700, -2.322295495842179000E-016, 0.9961946980917455500 ) ) ;
#1346 = DIRECTION ( 'NONE',  ( -2.960594732333750100E-016, 0.0000000000000000000, 1.000000000000000000 ) ) ;
#1347 = CARTESIAN_POINT ( 'NONE',  ( 15.33206337986877300, 21.31410859656930200, -48.31449820027043500 ) ) ;
#1348 = DIRECTION ( 'NONE',  ( -0.0000000000000000000, 1.000000000000000000, 0.0000000000000000000 ) ) ;
#1349 = CARTESIAN_POINT ( 'NONE',  ( -13.93906804088820000, -20.31921716726839500, -42.00000000000000000 ) ) ;
#1350 = DIRECTION ( 'NONE',  ( 1.000000000000000000, 0.0000000000000000000, -0.0000000000000000000 ) ) ;
#1351 = CARTESIAN_POINT ( 'NONE',  ( 15.00000000000004600, -20.31921716726839800, -52.11000000000000700 ) ) ;
#1352 = DIRECTION ( 'NONE',  ( 0.0000000000000000000, 2.135044278125299400E-015, 1.000000000000000000 ) ) ;
#1353 = DIRECTION ( 'NONE',  ( 3.965082230804130200E-016, -1.000000000000000000, 0.0000000000000000000 ) ) ;
#1354 = CARTESIAN_POINT ( 'NONE',  ( -67.50000000000000000, 59.79078283273160800, -52.11000000000000700 ) ) ;
#1355 = DIRECTION ( 'NONE',  ( -1.000000000000000000, 0.0000000000000000000, 0.0000000000000000000 ) ) ;
#1356 = CARTESIAN_POINT ( 'NONE',  ( -62.24901618379204400, 59.79078283273142300, -196.6281479221522700 ) ) ;
#1357 = CARTESIAN_POINT ( 'NONE',  ( 15.00000000000012800, 21.09447276028263500, -42.00000000000000000 ) ) ;
#1358 = DIRECTION ( 'NONE',  ( 0.0000000000000000000, 1.000000000000000000, -1.715124499442879900E-015 ) ) ;
#1359 = SURFACE_STYLE_USAGE ( .BOTH. , #1362 ) ;
#1360 =( LENGTH_UNIT ( ) NAMED_UNIT ( * ) SI_UNIT ( .MILLI., .METRE. ) );
#1361 =( LENGTH_UNIT ( ) NAMED_UNIT ( * ) SI_UNIT ( .MILLI., .METRE. ) );
#1362 = SURFACE_SIDE_STYLE ('',( #1514 ) ) ;
#1363 = DIRECTION ( 'NONE',  ( -0.7071067811865470200, 0.7071067811865480200, 0.0000000000000000000 ) ) ;
#1364 = CARTESIAN_POINT ( 'NONE',  ( 15.58991663222625800, 21.23835942952925400, -42.01299246018193400 ) ) ;
#1365 = CARTESIAN_POINT ( 'NONE',  ( -50.00000000000000000, 59.79078283273160100, -70.05233926546310400 ) ) ;
#1366 = DIRECTION ( 'NONE',  ( 2.664535259100380000E-015, 1.000000000000000000, 0.0000000000000000000 ) ) ;
#1367 = CARTESIAN_POINT ( 'NONE',  ( 15.00000000000005200, 21.09447276028264200, -42.00000000000000000 ) ) ;
#1368 = DIRECTION ( 'NONE',  ( -0.0000000000000000000, -1.715124499442879900E-015, -1.000000000000000000 ) ) ;
#1369 = DIRECTION ( 'NONE',  ( -0.1386435052934081600, -0.9902680687415698100, 0.01212973498466961300 ) ) ;
#1370 = CARTESIAN_POINT ( 'NONE',  ( -73.67199704020426100, 59.79078283273155100, -97.71915063942842000 ) ) ;
#1371 = CARTESIAN_POINT ( 'NONE',  ( -90.00000000000000000, 53.49078283273159700, -56.62125228404150300 ) ) ;
#1372 = CARTESIAN_POINT ( 'NONE',  ( 64.07926973613481900, 13.06857949843201200, -52.57932613500259600 ) ) ;
#1373 = DIRECTION ( 'NONE',  ( -0.0000000000000000000, 0.0000000000000000000, -1.000000000000000000 ) ) ;
#1374 = CARTESIAN_POINT ( 'NONE',  ( 15.88114455917885200, -0.3192171672683373200, -42.03847160229244700 ) ) ;
#1375 = CARTESIAN_POINT ( 'NONE',  ( -13.93906804088820000, 19.68078283273159800, -42.00000000000000000 ) ) ;
#1376 = DIRECTION ( 'NONE',  ( 0.08715574274765935900, -8.260587980841937800E-016, 0.9961946980917454300 ) ) ;
#1377 = DIRECTION ( 'NONE',  ( 0.0000000000000000000, 1.000000000000000000, -1.715124499442879900E-015 ) ) ;
#1378 = DIRECTION ( 'NONE',  ( 0.0000000000000000000, 1.715124499442879900E-015, 1.000000000000000000 ) ) ;
#1379 = DIRECTION ( 'NONE',  ( -2.664535259100380000E-015, -1.000000000000000000, -0.0000000000000000000 ) ) ;
#1380 =( NAMED_UNIT ( * ) PLANE_ANGLE_UNIT ( ) SI_UNIT ( $, .RADIAN. ) );
#1381 = CARTESIAN_POINT ( 'NONE',  ( -15.60000000000000000, 5.280782832731640400, -48.29999999999999700 ) ) ;
#1382 = DIRECTION ( 'NONE',  ( -1.000000000000000000, -9.912705577010330500E-017, 0.0000000000000000000 ) ) ;
#1383 = DIRECTION ( 'NONE',  ( 0.0000000000000000000, 2.135044278125299400E-015, 1.000000000000000000 ) ) ;
#1384 = DIRECTION ( 'NONE',  ( -1.000000000000000000, -0.0000000000000000000, 0.0000000000000000000 ) ) ;
#1385 =( NAMED_UNIT ( * ) SI_UNIT ( $, .STERADIAN. ) SOLID_ANGLE_UNIT ( ) );
#1386 = CARTESIAN_POINT ( 'NONE',  ( 0.0000000000000000000, 0.0000000000000000000, 0.0000000000000000000 ) ) ;
#1387 = CARTESIAN_POINT ( 'NONE',  ( 30.48957579059920800, 56.64255722498370500, -43.31654372693977000 ) ) ;
#1388 = FILL_AREA_STYLE_COLOUR ( '', #1556 ) ;
#1389 = DIRECTION ( 'NONE',  ( -1.000000000000000000, 2.731847993664263600E-015, 3.460340791974734100E-014 ) ) ;
#1390 =( NAMED_UNIT ( * ) PLANE_ANGLE_UNIT ( ) SI_UNIT ( $, .RADIAN. ) );
#1391 = DIRECTION ( 'NONE',  ( 0.0000000000000000000, 0.0000000000000000000, 1.000000000000000000 ) ) ;
#1392 = DIRECTION ( 'NONE',  ( 1.000000000000000000, 0.0000000000000000000, 0.0000000000000000000 ) ) ;
#1393 =( NAMED_UNIT ( * ) SI_UNIT ( $, .STERADIAN. ) SOLID_ANGLE_UNIT ( ) );
#1394 = FILL_AREA_STYLE ('',( #1388 ) ) ;
#1395 = CARTESIAN_POINT ( 'NONE',  ( 15.29583558760048600, 21.16514748410038400, -42.00000000000000000 ) ) ;
#1396 = CARTESIAN_POINT ( 'NONE',  ( -75.00000000000000000, -5.319217167268360100, -48.29999999999999700 ) ) ;
#1397 = CARTESIAN_POINT ( 'NONE',  ( -90.00000000000000000, 59.79078283273160100, -70.05233926546310400 ) ) ;
#1398 = DIRECTION ( 'NONE',  ( 0.9961946980917455500, 0.0000000000000000000, -0.08715574274765836000 ) ) ;
#1399 = DIRECTION ( 'NONE',  ( 0.08715574274765845700, -2.322295495842179000E-016, 0.9961946980917455500 ) ) ;
#1400 = APPLICATION_CONTEXT ( 'automotive_design' ) ;
#1401 = APPLICATION_CONTEXT ( 'automotive_design' ) ;
#1402 = APPLICATION_PROTOCOL_DEFINITION ( 'draft international standard', 'automotive_design', 1998, #1401 ) ;
#1403 = PRODUCT_CONTEXT ( 'NONE', #1401, 'mechanical' ) ;
#1404 = APPLICATION_PROTOCOL_DEFINITION ( 'draft international standard', 'automotive_design', 1998, #1400 ) ;
#1405 = STYLED_ITEM ( 'NONE', ( #1421 ), #509 ) ;
#1406 = PRESENTATION_STYLE_ASSIGNMENT (( #1150 ) ) ;
#1407 = COLOUR_RGB ( '',0.6274509803921568500, 0.6274509803921568500, 0.6274509803921568500 ) ;
#1408 = SURFACE_STYLE_FILL_AREA ( #1213 ) ;
#1409 = STYLED_ITEM ( 'NONE', ( #1406 ), #507 ) ;
#1410 = SURFACE_STYLE_FILL_AREA ( #1212 ) ;
#1411 = FACE_OUTER_BOUND ( 'NONE', #1691, .T. ) ;
#1412 =( GEOMETRIC_REPRESENTATION_CONTEXT ( 3 ) GLOBAL_UNCERTAINTY_ASSIGNED_CONTEXT ( ( #527 ) ) GLOBAL_UNIT_ASSIGNED_CONTEXT ( ( #1199, #1198, #1214 ) ) REPRESENTATION_CONTEXT ( 'NONE', 'WORKASPACE' ) );
#1413 = PRESENTATION_STYLE_ASSIGNMENT (( #1166 ) ) ;
#1414 = SURFACE_STYLE_FILL_AREA ( #1149 ) ;
#1415 =( GEOMETRIC_REPRESENTATION_CONTEXT ( 3 ) GLOBAL_UNCERTAINTY_ASSIGNED_CONTEXT ( ( #519 ) ) GLOBAL_UNIT_ASSIGNED_CONTEXT ( ( #1187, #1191, #1167 ) ) REPRESENTATION_CONTEXT ( 'NONE', 'WORKASPACE' ) );
#1416 =( GEOMETRIC_REPRESENTATION_CONTEXT ( 3 ) GLOBAL_UNCERTAINTY_ASSIGNED_CONTEXT ( ( #517 ) ) GLOBAL_UNIT_ASSIGNED_CONTEXT ( ( #1137, #1154, #1138 ) ) REPRESENTATION_CONTEXT ( 'NONE', 'WORKASPACE' ) );
#1417 = FACE_OUTER_BOUND ( 'NONE', #1702, .T. ) ;
#1418 = PRESENTATION_STYLE_ASSIGNMENT (( #1182 ) ) ;
#1419 = CYLINDRICAL_SURFACE ( 'NONE', #1006, 20.00000000000000400 ) ;
#1420 = FACE_OUTER_BOUND ( 'NONE', #1675, .T. ) ;
#1421 = PRESENTATION_STYLE_ASSIGNMENT (( #1207 ) ) ;
#1422 = SURFACE_STYLE_FILL_AREA ( #1183 ) ;
#1423 = SURFACE_STYLE_FILL_AREA ( #1181 ) ;
#1424 = CYLINDRICAL_SURFACE ( 'NONE', #1049, 6.500000000000005300 ) ;
#1425 = FACE_BOUND ( 'NONE', #1693, .T. ) ;
#1426 = COLOUR_RGB ( '',0.6274509803921568500, 0.6274509803921568500, 0.6274509803921568500 ) ;
#1427 = STYLED_ITEM ( 'NONE', ( #1418 ), #510 ) ;
#1428 = STYLED_ITEM ( 'NONE', ( #1413 ), #508 ) ;
#1429 = COLOUR_RGB ( '',0.6274509803921568500, 0.6274509803921568500, 0.6274509803921568500 ) ;
#1430 = COLOUR_RGB ( '',0.6274509803921568500, 0.6274509803921568500, 0.6274509803921568500 ) ;
#1431 = COLOUR_RGB ( '',0.6274509803921568500, 0.6274509803921568500, 0.6274509803921568500 ) ;
#1432 = STYLED_ITEM ( 'NONE', ( #1449 ), #512 ) ;
#1433 = LINE ( 'NONE', #1237, #1487 ) ;
#1434 = CYLINDRICAL_SURFACE ( 'NONE', #1032, 6.500000000000005300 ) ;
#1435 = COLOUR_RGB ( '',0.6274509803921568500, 0.6274509803921568500, 0.6274509803921568500 ) ;
#1436 = SURFACE_STYLE_FILL_AREA ( #1264 ) ;
#1437 = COLOUR_RGB ( '',0.6274509803921568500, 0.6274509803921568500, 0.6274509803921568500 ) ;
#1438 = SURFACE_STYLE_FILL_AREA ( #1204 ) ;
#1439 = PRESENTATION_STYLE_ASSIGNMENT (( #1257 ) ) ;
#1440 = FACE_BOUND ( 'NONE', #1790, .T. ) ;
#1441 =( GEOMETRIC_REPRESENTATION_CONTEXT ( 3 ) GLOBAL_UNCERTAINTY_ASSIGNED_CONTEXT ( ( #524 ) ) GLOBAL_UNIT_ASSIGNED_CONTEXT ( ( #1216, #1190, #1184 ) ) REPRESENTATION_CONTEXT ( 'NONE', 'WORKASPACE' ) );
#1442 = FACE_OUTER_BOUND ( 'NONE', #1670, .T. ) ;
#1443 = VECTOR ( 'NONE', #1227, 1000.000000000000000 ) ;
#1444 = STYLED_ITEM ( 'NONE', ( #1439 ), #513 ) ;
#1445 =( GEOMETRIC_REPRESENTATION_CONTEXT ( 3 ) GLOBAL_UNCERTAINTY_ASSIGNED_CONTEXT ( ( #526 ) ) GLOBAL_UNIT_ASSIGNED_CONTEXT ( ( #1206, #1211, #1179 ) ) REPRESENTATION_CONTEXT ( 'NONE', 'WORKASPACE' ) );
#1446 = FACE_OUTER_BOUND ( 'NONE', #1682, .T. ) ;
#1447 = STYLED_ITEM ( 'NONE', ( #1450 ), #511 ) ;
#1448 = FACE_OUTER_BOUND ( 'NONE', #1689, .T. ) ;
#1449 = PRESENTATION_STYLE_ASSIGNMENT (( #1210 ) ) ;
#1450 = PRESENTATION_STYLE_ASSIGNMENT (( #1172 ) ) ;
#1451 =( GEOMETRIC_REPRESENTATION_CONTEXT ( 3 ) GLOBAL_UNCERTAINTY_ASSIGNED_CONTEXT ( ( #528 ) ) GLOBAL_UNIT_ASSIGNED_CONTEXT ( ( #1251, #1261, #1221 ) ) REPRESENTATION_CONTEXT ( 'NONE', 'WORKASPACE' ) );
#1452 =( GEOMETRIC_REPRESENTATION_CONTEXT ( 3 ) GLOBAL_UNCERTAINTY_ASSIGNED_CONTEXT ( ( #516 ) ) GLOBAL_UNIT_ASSIGNED_CONTEXT ( ( #1217, #1208, #1197 ) ) REPRESENTATION_CONTEXT ( 'NONE', 'WORKASPACE' ) );
#1453 = LINE ( 'NONE', #1258, #1443 ) ;
#1454 = SURFACE_STYLE_FILL_AREA ( #1268 ) ;
#1455 = FACE_OUTER_BOUND ( 'NONE', #1683, .T. ) ;
#1456 = CIRCLE ( 'NONE', #1046, 20.00000000000000000 ) ;
#1457 = LINE ( 'NONE', #1277, #1486 ) ;
#1458 = STYLED_ITEM ( 'NONE', ( #1477 ), #514 ) ;
#1459 = CIRCLE ( 'NONE', #1027, 6.500000000000005300 ) ;
#1460 = CIRCLE ( 'NONE', #1033, 20.00000000000000000 ) ;
#1461 = VECTOR ( 'NONE', #1239, 1000.000000000000000 ) ;
#1462 = VECTOR ( 'NONE', #1254, 1000.000000000000000 ) ;
#1463 = CIRCLE ( 'NONE', #1024, 20.00000000000000400 ) ;
#1464 = VECTOR ( 'NONE', #1290, 1000.000000000000000 ) ;
#1465 = LINE ( 'NONE', #1244, #1462 ) ;
#1466 = CIRCLE ( 'NONE', #1026, 10.10999999999999900 ) ;
#1467 = VECTOR ( 'NONE', #1236, 1000.000000000000000 ) ;
#1468 =( GEOMETRIC_REPRESENTATION_CONTEXT ( 3 ) GLOBAL_UNCERTAINTY_ASSIGNED_CONTEXT ( ( #518 ) ) GLOBAL_UNIT_ASSIGNED_CONTEXT ( ( #1232, #1240, #1245 ) ) REPRESENTATION_CONTEXT ( 'NONE', 'WORKASPACE' ) );
#1469 = LINE ( 'NONE', #1313, #1492 ) ;
#1470 = LINE ( 'NONE', #1286, #1495 ) ;
#1471 = CIRCLE ( 'NONE', #1057, 20.00000000000000400 ) ;
#1472 = LINE ( 'NONE', #1309, #1485 ) ;
#1473 = CIRCLE ( 'NONE', #1028, 10.00000000000000200 ) ;
#1474 = LINE ( 'NONE', #1294, #1464 ) ;
#1475 = LINE ( 'NONE', #1235, #1467 ) ;
#1476 = VECTOR ( 'NONE', #1238, 1000.000000000000000 ) ;
#1477 = PRESENTATION_STYLE_ASSIGNMENT (( #1265 ) ) ;
#1478 = CIRCLE ( 'NONE', #1056, 10.11000000000000100 ) ;
#1479 = VECTOR ( 'NONE', #1293, 1000.000000000000000 ) ;
#1480 = CIRCLE ( 'NONE', #1059, 20.00000000000000400 ) ;
#1481 = LINE ( 'NONE', #1263, #1461 ) ;
#1482 = LINE ( 'NONE', #1302, #1491 ) ;
#1483 = LINE ( 'NONE', #1303, #1484 ) ;
#1484 = VECTOR ( 'NONE', #1288, 1000.000000000000000 ) ;
#1485 = VECTOR ( 'NONE', #1301, 1000.000000000000000 ) ;
#1486 = VECTOR ( 'NONE', #1285, 1000.000000000000000 ) ;
#1487 = VECTOR ( 'NONE', #1255, 1000.000000000000000 ) ;
#1488 = VECTOR ( 'NONE', #1297, 1000.000000000000000 ) ;
#1489 = LINE ( 'NONE', #1262, #1476 ) ;
#1490 = CIRCLE ( 'NONE', #1037, 6.500000000000005300 ) ;
#1491 = VECTOR ( 'NONE', #1304, 1000.000000000000000 ) ;
#1492 = VECTOR ( 'NONE', #1271, 1000.000000000000000 ) ;
#1493 = CIRCLE ( 'NONE', #1022, 10.00000000000000200 ) ;
#1494 = COLOUR_RGB ( '',0.6274509803921568500, 0.6274509803921568500, 0.6274509803921568500 ) ;
#1495 = VECTOR ( 'NONE', #1292, 1000.000000000000000 ) ;
#1496 = LINE ( 'NONE', #1270, #1488 ) ;
#1497 = LINE ( 'NONE', #1280, #1479 ) ;
#1498 = CIRCLE ( 'NONE', #1058, 6.500000000000005300 ) ;
#1499 = CIRCLE ( 'NONE', #1055, 20.00000000000000400 ) ;
#1500 = VECTOR ( 'NONE', #1330, 1000.000000000000000 ) ;
#1501 = LINE ( 'NONE', #1328, #1534 ) ;
#1502 = VECTOR ( 'NONE', #1353, 1000.000000000000000 ) ;
#1503 = VECTOR ( 'NONE', #1355, 1000.000000000000000 ) ;
#1504 = VECTOR ( 'NONE', #1323, 1000.000000000000000 ) ;
#1505 = LINE ( 'NONE', #1354, #1503 ) ;
#1506 = VECTOR ( 'NONE', #1373, 1000.000000000000000 ) ;
#1507 = CIRCLE ( 'NONE', #1019, 6.500000000000005300 ) ;
#1508 = CIRCLE ( 'NONE', #1034, 20.00000000000000400 ) ;
#1509 = LINE ( 'NONE', #1365, #1525 ) ;
#1510 = VECTOR ( 'NONE', #1378, 1000.000000000000000 ) ;
#1511 = VECTOR ( 'NONE', #1363, 1000.000000000000000 ) ;
#1512 = LINE ( 'NONE', #1327, #1527 ) ;
#1513 = CIRCLE ( 'NONE', #1048, 3.810000000000000900 ) ;
#1514 = SURFACE_STYLE_FILL_AREA ( #1394 ) ;
#1515 = LINE ( 'NONE', #1374, #1521 ) ;
#1516 = LINE ( 'NONE', #1357, #1500 ) ;
#1517 = LINE ( 'NONE', #1325, #1522 ) ;
#1518 = LINE ( 'NONE', #1356, #1535 ) ;
#1519 = LINE ( 'NONE', #1335, #1504 ) ;
#1520 = CIRCLE ( 'NONE', #1036, 3.809999999999999200 ) ;
#1521 = VECTOR ( 'NONE', #1366, 1000.000000000000000 ) ;
#1522 = VECTOR ( 'NONE', #1321, 1000.000000000000100 ) ;
#1523 = VECTOR ( 'NONE', #1322, 1000.000000000000100 ) ;
#1524 = LINE ( 'NONE', #1371, #1506 ) ;
#1525 = VECTOR ( 'NONE', #1368, 1000.000000000000000 ) ;
#1526 = LINE ( 'NONE', #1320, #1502 ) ;
#1527 = VECTOR ( 'NONE', #1337, 1000.000000000000200 ) ;
#1528 = LINE ( 'NONE', #1397, #1510 ) ;
#1529 = VECTOR ( 'NONE', #1369, 1000.000000000000100 ) ;
#1530 = LINE ( 'NONE', #1349, #1531 ) ;
#1531 = VECTOR ( 'NONE', #1350, 1000.000000000000000 ) ;
#1532 = LINE ( 'NONE', #1319, #1523 ) ;
#1533 = LINE ( 'NONE', #1375, #1560 ) ;
#1534 = VECTOR ( 'NONE', #1331, 1000.000000000000000 ) ;
#1535 = VECTOR ( 'NONE', #1332, 1000.000000000000000 ) ;
#1536 = CIRCLE ( 'NONE', #1018, 6.500000000000005300 ) ;
#1537 = VECTOR ( 'NONE', #1346, 1000.000000000000000 ) ;
#1538 = LINE ( 'NONE', #1340, #1541 ) ;
#1539 = LINE ( 'NONE', #1387, #1529 ) ;
#1540 = VECTOR ( 'NONE', #1345, 1000.000000000000000 ) ;
#1541 = VECTOR ( 'NONE', #1348, 1000.000000000000000 ) ;
#1542 = VECTOR ( 'NONE', #1338, 1000.000000000000000 ) ;
#1543 = LINE ( 'NONE', #1396, #1511 ) ;
#1544 = CIRCLE ( 'NONE', #1040, 6.500000000000005300 ) ;
#1545 = LINE ( 'NONE', #1310, #1537 ) ;
#1546 = VECTOR ( 'NONE', #1339, 1000.000000000000000 ) ;
#1547 = LINE ( 'NONE', #1324, #1542 ) ;
#1548 = CIRCLE ( 'NONE', #1052, 20.00000000000001800 ) ;
#1549 = LINE ( 'NONE', #1316, #1540 ) ;
#1550 = LINE ( 'NONE', #1336, #1546 ) ;
#1551 = VECTOR ( 'NONE', #1382, 1000.000000000000000 ) ;
#1552 =( GEOMETRIC_REPRESENTATION_CONTEXT ( 3 ) GLOBAL_UNCERTAINTY_ASSIGNED_CONTEXT ( ( #520 ) ) GLOBAL_UNIT_ASSIGNED_CONTEXT ( ( #1360, #1390, #1385 ) ) REPRESENTATION_CONTEXT ( 'NONE', 'WORKASPACE' ) );
#1553 = VECTOR ( 'NONE', #1376, 1000.000000000000000 ) ;
#1554 = LINE ( 'NONE', #1381, #1551 ) ;
#1555 = LINE ( 'NONE', #1372, #1553 ) ;
#1556 = COLOUR_RGB ( '',0.7921568627450980000, 0.8196078431372548800, 0.9333333333333333500 ) ;
#1557 = STYLED_ITEM ( 'NONE', ( #1561 ), #525 ) ;
#1558 =( GEOMETRIC_REPRESENTATION_CONTEXT ( 3 ) GLOBAL_UNCERTAINTY_ASSIGNED_CONTEXT ( ( #515 ) ) GLOBAL_UNIT_ASSIGNED_CONTEXT ( ( #1361, #1380, #1393 ) ) REPRESENTATION_CONTEXT ( 'NONE', 'WORKASPACE' ) );
#1559 = SHAPE_DEFINITION_REPRESENTATION ( #530, #525 ) ;
#1560 = VECTOR ( 'NONE', #1384, 1000.000000000000000 ) ;
#1561 = PRESENTATION_STYLE_ASSIGNMENT (( #1359 ) ) ;
#1562 = AXIS2_PLACEMENT_3D ( 'NONE', #309, #320, #308 ) ;
#1563 = AXIS2_PLACEMENT_3D ( 'NONE', #27, #28, #5 ) ;
#1564 = AXIS2_PLACEMENT_3D ( 'NONE', #50, #51, #61 ) ;
#1565 = AXIS2_PLACEMENT_3D ( 'NONE', #319, #337, #307 ) ;
#1566 = AXIS2_PLACEMENT_3D ( 'NONE', #306, #313, #322 ) ;
#1567 = AXIS2_PLACEMENT_3D ( 'NONE', #330, #296, #331 ) ;
#1568 = ORIENTED_EDGE ( 'NONE', *, *, #415, .F. ) ;
#1569 = ORIENTED_EDGE ( 'NONE', *, *, #406, .F. ) ;
#1570 = ORIENTED_EDGE ( 'NONE', *, *, #2046, .F. ) ;
#1571 = ORIENTED_EDGE ( 'NONE', *, *, #2037, .F. ) ;
#1572 = ORIENTED_EDGE ( 'NONE', *, *, #2059, .T. ) ;
#1573 = ORIENTED_EDGE ( 'NONE', *, *, #406, .T. ) ;
#1574 = LINE ( 'NONE', #327, #1590 ) ;
#1575 = CIRCLE ( 'NONE', #1565, 6.499999999999998200 ) ;
#1576 = ORIENTED_EDGE ( 'NONE', *, *, #410, .T. ) ;
#1577 = ORIENTED_EDGE ( 'NONE', *, *, #379, .T. ) ;
#1578 = ORIENTED_EDGE ( 'NONE', *, *, #2030, .F. ) ;
#1579 = ORIENTED_EDGE ( 'NONE', *, *, #2044, .T. ) ;
#1580 = ORIENTED_EDGE ( 'NONE', *, *, #411, .T. ) ;
#1581 = ORIENTED_EDGE ( 'NONE', *, *, #431, .T. ) ;
#1582 = ORIENTED_EDGE ( 'NONE', *, *, #382, .F. ) ;
#1583 = ORIENTED_EDGE ( 'NONE', *, *, #407, .T. ) ;
#1584 = ORIENTED_EDGE ( 'NONE', *, *, #413, .F. ) ;
#1585 = ORIENTED_EDGE ( 'NONE', *, *, #425, .T. ) ;
#1586 = ORIENTED_EDGE ( 'NONE', *, *, #420, .F. ) ;
#1587 = ORIENTED_EDGE ( 'NONE', *, *, #445, .F. ) ;
#1588 = ORIENTED_EDGE ( 'NONE', *, *, #417, .T. ) ;
#1589 = ORIENTED_EDGE ( 'NONE', *, *, #408, .T. ) ;
#1590 = VECTOR ( 'NONE', #310, 1000.000000000000000 ) ;
#1591 = LINE ( 'NONE', #316, #1594 ) ;
#1592 = ORIENTED_EDGE ( 'NONE', *, *, #409, .F. ) ;
#1593 = ORIENTED_EDGE ( 'NONE', *, *, #428, .F. ) ;
#1594 = VECTOR ( 'NONE', #326, 1000.000000000000000 ) ;
#1595 = ORIENTED_EDGE ( 'NONE', *, *, #2041, .T. ) ;
#1596 = ORIENTED_EDGE ( 'NONE', *, *, #445, .T. ) ;
#1597 = ORIENTED_EDGE ( 'NONE', *, *, #2040, .F. ) ;
#1598 = ORIENTED_EDGE ( 'NONE', *, *, #2042, .F. ) ;
#1599 = ORIENTED_EDGE ( 'NONE', *, *, #381, .F. ) ;
#1600 = ORIENTED_EDGE ( 'NONE', *, *, #442, .F. ) ;
#1601 = LINE ( 'NONE', #318, #1605 ) ;
#1602 = ORIENTED_EDGE ( 'NONE', *, *, #2040, .T. ) ;
#1603 = ORIENTED_EDGE ( 'NONE', *, *, #447, .T. ) ;
#1604 = ORIENTED_EDGE ( 'NONE', *, *, #439, .T. ) ;
#1605 = VECTOR ( 'NONE', #312, 1000.000000000000000 ) ;
#1606 = ORIENTED_EDGE ( 'NONE', *, *, #2066, .F. ) ;
#1607 = ORIENTED_EDGE ( 'NONE', *, *, #432, .T. ) ;
#1608 = ORIENTED_EDGE ( 'NONE', *, *, #402, .F. ) ;
#1609 = ORIENTED_EDGE ( 'NONE', *, *, #429, .F. ) ;
#1610 = ORIENTED_EDGE ( 'NONE', *, *, #2033, .F. ) ;
#1611 = VECTOR ( 'NONE', #369, 1000.000000000000000 ) ;
#1612 = LINE ( 'NONE', #321, #1615 ) ;
#1613 = ORIENTED_EDGE ( 'NONE', *, *, #2047, .T. ) ;
#1614 = LINE ( 'NONE', #328, #1617 ) ;
#1615 = VECTOR ( 'NONE', #323, 1000.000000000000000 ) ;
#1616 = LINE ( 'NONE', #333, #1618 ) ;
#1617 = VECTOR ( 'NONE', #325, 1000.000000000000000 ) ;
#1618 = VECTOR ( 'NONE', #334, 1000.000000000000000 ) ;
#1619 = LINE ( 'NONE', #67, #1881 ) ;
#1620 = LINE ( 'NONE', #299, #1636 ) ;
#1621 = CIRCLE ( 'NONE', #1562, 6.500000000000005300 ) ;
#1622 = LINE ( 'NONE', #353, #1635 ) ;
#1623 = LINE ( 'NONE', #335, #1625 ) ;
#1624 = VECTOR ( 'NONE', #370, 1000.000000000000000 ) ;
#1625 = VECTOR ( 'NONE', #332, 1000.000000000000000 ) ;
#1626 = LINE ( 'NONE', #297, #1632 ) ;
#1627 = VECTOR ( 'NONE', #317, 1000.000000000000000 ) ;
#1628 = LINE ( 'NONE', #341, #1624 ) ;
#1629 = CIRCLE ( 'NONE', #1567, 20.00000000000000400 ) ;
#1630 = LINE ( 'NONE', #329, #1627 ) ;
#1631 = CIRCLE ( 'NONE', #1566, 20.00000000000000400 ) ;
#1632 = VECTOR ( 'NONE', #315, 1000.000000000000000 ) ;
#1633 = LINE ( 'NONE', #339, #1643 ) ;
#1634 = LINE ( 'NONE', #300, #1641 ) ;
#1635 = VECTOR ( 'NONE', #371, 1000.000000000000000 ) ;
#1636 = VECTOR ( 'NONE', #304, 1000.000000000000000 ) ;
#1637 = CIRCLE ( 'NONE', #1668, 20.00000000000000000 ) ;
#1638 = LINE ( 'NONE', #66, #547 ) ;
#1639 = LINE ( 'NONE', #364, #1611 ) ;
#1640 = LINE ( 'NONE', #324, #1644 ) ;
#1641 = VECTOR ( 'NONE', #301, 1000.000000000000000 ) ;
#1642 = CIRCLE ( 'NONE', #1659, 6.500000000000005300 ) ;
#1643 = VECTOR ( 'NONE', #347, 1000.000000000000000 ) ;
#1644 = VECTOR ( 'NONE', #303, 1000.000000000000000 ) ;
#1645 = CARTESIAN_POINT ( 'NONE',  ( 15.00000000000009900, 21.09447276028269900, -44.10000000000000100 ) ) ;
#1646 = CARTESIAN_POINT ( 'NONE',  ( 15.29618431595702600, 21.16514212308770100, -41.98739929115059500 ) ) ;
#1647 = CARTESIAN_POINT ( 'NONE',  ( 15.59067225195657800, 21.23836412286910000, -42.00040972683216700 ) ) ;
#1648 = CARTESIAN_POINT ( 'NONE',  ( 15.88224278331781400, 21.31410859656930200, -42.02591884294442800 ) ) ;
#1649 = AXIS2_PLACEMENT_3D ( 'NONE', #49, #70, #52 ) ;
#1650 = AXIS2_PLACEMENT_3D ( 'NONE', #23, #34, #14 ) ;
#1651 = AXIS2_PLACEMENT_3D ( 'NONE', #42, #18, #17 ) ;
#1652 = AXIS2_PLACEMENT_3D ( 'NONE', #78, #77, #59 ) ;
#1653 = AXIS2_PLACEMENT_3D ( 'NONE', #41, #11, #22 ) ;
#1654 = AXIS2_PLACEMENT_3D ( 'NONE', #358, #362, #6 ) ;
#1655 = AXIS2_PLACEMENT_3D ( 'NONE', #55, #74, #122 ) ;
#1656 = AXIS2_PLACEMENT_3D ( 'NONE', #7, #9, #10 ) ;
#1657 = EDGE_CURVE ( 'NONE', #244, #211, #1453, .T. ) ;
#1658 = EDGE_CURVE ( 'NONE', #182, #211, #1456, .T. ) ;
#1659 = AXIS2_PLACEMENT_3D ( 'NONE', #302, #372, #351 ) ;
#1660 = AXIS2_PLACEMENT_3D ( 'NONE', #344, #342, #352 ) ;
#1661 = AXIS2_PLACEMENT_3D ( 'NONE', #365, #350, #361 ) ;
#1662 = EDGE_CURVE ( 'NONE', #227, #212, #1493, .T. ) ;
#1663 = EDGE_CURVE ( 'NONE', #148, #132, #1459, .T. ) ;
#1664 = EDGE_CURVE ( 'NONE', #163, #221, #1433, .T. ) ;
#1665 = EDGE_CURVE ( 'NONE', #218, #227, #1475, .T. ) ;
#1666 = AXIS2_PLACEMENT_3D ( 'NONE', #356, #363, #348 ) ;
#1667 = EDGE_CURVE ( 'NONE', #238, #182, #1489, .T. ) ;
#1668 = AXIS2_PLACEMENT_3D ( 'NONE', #60, #76, #53 ) ;
#1669 = EDGE_LOOP ( 'NONE', ( #2173, #2172, #2208, #2209 ) ) ;
#1670 = EDGE_LOOP ( 'NONE', ( #2083, #2105, #2130, #2137 ) ) ;
#1671 = EDGE_LOOP ( 'NONE', ( #2123, #2112, #2118, #2126 ) ) ;
#1672 = EDGE_LOOP ( 'NONE', ( #2221, #2212, #2228, #2168 ) ) ;
#1673 = EDGE_LOOP ( 'NONE', ( #2199, #2193, #2170, #2220 ) ) ;
#1674 = EDGE_LOOP ( 'NONE', ( #1589, #1602, #1568, #1613 ) ) ;
#1675 = EDGE_LOOP ( 'NONE', ( #1609, #1586, #1610, #1606 ) ) ;
#1676 = EDGE_LOOP ( 'NONE', ( #1603, #1577 ) ) ;
#1677 = EDGE_LOOP ( 'NONE', ( #2204, #2207, #2194, #2211, #2225, #2195, #2215, #2217, #2222, #2165 ) ) ;
#1678 = EDGE_LOOP ( 'NONE', ( #2134, #2125, #2142, #2091 ) ) ;
#1679 = EDGE_LOOP ( 'NONE', ( #1760, #1767, #1731, #1754, #1741, #1777, #1779, #1747 ) ) ;
#1680 = EDGE_LOOP ( 'NONE', ( #1719, #1753 ) ) ;
#1681 = EDGE_LOOP ( 'NONE', ( #2154, #2159, #2143, #1730, #1708, #1729 ) ) ;
#1682 = EDGE_LOOP ( 'NONE', ( #2104, #2079, #2082, #2084 ) ) ;
#1683 = EDGE_LOOP ( 'NONE', ( #2184, #2185, #2186, #2156, #2144, #2188, #2152, #2178, #2187, #2155 ) ) ;
#1684 = EDGE_LOOP ( 'NONE', ( #2117, #2140, #2116, #2121 ) ) ;
#1685 = EDGE_LOOP ( 'NONE', ( #1709, #1721, #1713, #1710 ) ) ;
#1686 = EDGE_LOOP ( 'NONE', ( #2069, #1587, #2068, #2071 ) ) ;
#1687 = EDGE_LOOP ( 'NONE', ( #2166, #2223, #2167, #2216 ) ) ;
#1688 = EDGE_LOOP ( 'NONE', ( #2198, #1588 ) ) ;
#1689 = EDGE_LOOP ( 'NONE', ( #1748, #1772, #1769, #1774, #1766, #1773, #1723, #1738, #2077, #1737, #1780 ) ) ;
#1690 = EDGE_LOOP ( 'NONE', ( #1715, #1714, #1724, #1734, #1736, #1745, #2122, #2141 ) ) ;
#1691 = EDGE_LOOP ( 'NONE', ( #2095, #2092, #2135, #2080 ) ) ;
#1692 = EDGE_LOOP ( 'NONE', ( #1598, #1595, #1607, #2075 ) ) ;
#1693 = EDGE_LOOP ( 'NONE', ( #2151, #2161 ) ) ;
#1694 = EDGE_LOOP ( 'NONE', ( #2088, #2100, #2136, #2099 ) ) ;
#1695 = EDGE_LOOP ( 'NONE', ( #2227, #2201, #2203, #2200 ) ) ;
#1696 = EDGE_LOOP ( 'NONE', ( #2146, #2175, #2192, #2174 ) ) ;
#1697 = EDGE_LOOP ( 'NONE', ( #2183, #2157 ) ) ;
#1698 = EDGE_LOOP ( 'NONE', ( #2163, #1711 ) ) ;
#1699 = EDGE_LOOP ( 'NONE', ( #1580, #1583 ) ) ;
#1700 = EDGE_LOOP ( 'NONE', ( #2132, #2108, #2128, #2081 ) ) ;
#1701 = EDGE_LOOP ( 'NONE', ( #2219, #2171, #2213, #2169 ) ) ;
#1702 = EDGE_LOOP ( 'NONE', ( #2218, #2181, #2180, #2214 ) ) ;
#1703 = EDGE_LOOP ( 'NONE', ( #2086, #1720 ) ) ;
#1704 = EDGE_LOOP ( 'NONE', ( #1582, #2070, #1581, #1584 ) ) ;
#1705 = EDGE_LOOP ( 'NONE', ( #2205, #2224, #2197, #2160 ) ) ;
#1706 = EDGE_LOOP ( 'NONE', ( #1744, #1726, #1782, #1712 ) ) ;
#1707 = EDGE_LOOP ( 'NONE', ( #2101, #2111, #2096, #2139, #2097, #2138, #2098, #2127, #2113, #2093, #2133 ) ) ;
#1708 = ORIENTED_EDGE ( 'NONE', *, *, #2054, .F. ) ;
#1709 = ORIENTED_EDGE ( 'NONE', *, *, #399, .F. ) ;
#1710 = ORIENTED_EDGE ( 'NONE', *, *, #400, .T. ) ;
#1711 = ORIENTED_EDGE ( 'NONE', *, *, #2051, .T. ) ;
#1712 = ORIENTED_EDGE ( 'NONE', *, *, #1662, .F. ) ;
#1713 = ORIENTED_EDGE ( 'NONE', *, *, #2054, .T. ) ;
#1714 = ORIENTED_EDGE ( 'NONE', *, *, #400, .F. ) ;
#1715 = ORIENTED_EDGE ( 'NONE', *, *, #390, .F. ) ;
#1716 = ORIENTED_EDGE ( 'NONE', *, *, #2052, .F. ) ;
#1717 = EDGE_LOOP ( 'NONE', ( #2107, #2109, #2114, #2119 ) ) ;
#1718 = ORIENTED_EDGE ( 'NONE', *, *, #405, .T. ) ;
#1719 = ORIENTED_EDGE ( 'NONE', *, *, #436, .T. ) ;
#1720 = ORIENTED_EDGE ( 'NONE', *, *, #1663, .T. ) ;
#1721 = ORIENTED_EDGE ( 'NONE', *, *, #1834, .T. ) ;
#1722 = ORIENTED_EDGE ( 'NONE', *, *, #2053, .T. ) ;
#1723 = ORIENTED_EDGE ( 'NONE', *, *, #1835, .T. ) ;
#1724 = ORIENTED_EDGE ( 'NONE', *, *, #2058, .F. ) ;
#1725 = ORIENTED_EDGE ( 'NONE', *, *, #1836, .T. ) ;
#1726 = ORIENTED_EDGE ( 'NONE', *, *, #1839, .F. ) ;
#1727 = ORIENTED_EDGE ( 'NONE', *, *, #1664, .F. ) ;
#1728 = EDGE_LOOP ( 'NONE', ( #2191, #2131, #2087, #2110 ) ) ;
#1729 = ORIENTED_EDGE ( 'NONE', *, *, #2061, .T. ) ;
#1730 = ORIENTED_EDGE ( 'NONE', *, *, #2058, .T. ) ;
#1731 = ORIENTED_EDGE ( 'NONE', *, *, #2044, .F. ) ;
#1732 = ORIENTED_EDGE ( 'NONE', *, *, #2064, .T. ) ;
#1733 = EDGE_LOOP ( 'NONE', ( #2120, #2129, #1718, #1751 ) ) ;
#1734 = ORIENTED_EDGE ( 'NONE', *, *, #2049, .F. ) ;
#1735 = EDGE_LOOP ( 'NONE', ( #2148, #2149 ) ) ;
#1736 = ORIENTED_EDGE ( 'NONE', *, *, #2059, .F. ) ;
#1737 = ORIENTED_EDGE ( 'NONE', *, *, #1664, .T. ) ;
#1738 = ORIENTED_EDGE ( 'NONE', *, *, #1831, .T. ) ;
#1739 =( GEOMETRIC_REPRESENTATION_CONTEXT ( 3 ) GLOBAL_UNCERTAINTY_ASSIGNED_CONTEXT ( ( #521 ) ) GLOBAL_UNIT_ASSIGNED_CONTEXT ( ( #1148, #1136, #1146 ) ) REPRESENTATION_CONTEXT ( 'NONE', 'WORKASPACE' ) );
#1740 = ORIENTED_EDGE ( 'NONE', *, *, #2055, .T. ) ;
#1741 = ORIENTED_EDGE ( 'NONE', *, *, #2061, .F. ) ;
#1742 = EDGE_LOOP ( 'NONE', ( #2085, #2106, #2189, #2124 ) ) ;
#1743 = ORIENTED_EDGE ( 'NONE', *, *, #1831, .F. ) ;
#1744 = ORIENTED_EDGE ( 'NONE', *, *, #1665, .F. ) ;
#1745 = ORIENTED_EDGE ( 'NONE', *, *, #2034, .F. ) ;
#1746 = ORIENTED_EDGE ( 'NONE', *, *, #1658, .F. ) ;
#1747 = ORIENTED_EDGE ( 'NONE', *, *, #1841, .F. ) ;
#1748 = ORIENTED_EDGE ( 'NONE', *, *, #2060, .T. ) ;
#1749 = EDGE_LOOP ( 'NONE', ( #2210, #2226 ) ) ;
#1750 = ORIENTED_EDGE ( 'NONE', *, *, #2065, .F. ) ;
#1751 = ORIENTED_EDGE ( 'NONE', *, *, #2056, .T. ) ;
#1752 = EDGE_LOOP ( 'NONE', ( #1569, #1571, #1578, #1604 ) ) ;
#1753 = ORIENTED_EDGE ( 'NONE', *, *, #2029, .T. ) ;
#1754 = ORIENTED_EDGE ( 'NONE', *, *, #439, .F. ) ;
#1755 = EDGE_LOOP ( 'NONE', ( #1593, #2202, #1592, #1597 ) ) ;
#1756 = ORIENTED_EDGE ( 'NONE', *, *, #1667, .F. ) ;
#1757 = ORIENTED_EDGE ( 'NONE', *, *, #1837, .T. ) ;
#1758 = ORIENTED_EDGE ( 'NONE', *, *, #1838, .T. ) ;
#1759 = ORIENTED_EDGE ( 'NONE', *, *, #2067, .T. ) ;
#1760 = ORIENTED_EDGE ( 'NONE', *, *, #1829, .F. ) ;
#1761 = ORIENTED_EDGE ( 'NONE', *, *, #1828, .F. ) ;
#1762 = ORIENTED_EDGE ( 'NONE', *, *, #1842, .T. ) ;
#1763 = ORIENTED_EDGE ( 'NONE', *, *, #427, .F. ) ;
#1764 = ORIENTED_EDGE ( 'NONE', *, *, #1840, .T. ) ;
#1765 = ORIENTED_EDGE ( 'NONE', *, *, #1665, .T. ) ;
#1766 = ORIENTED_EDGE ( 'NONE', *, *, #1829, .T. ) ;
#1767 = ORIENTED_EDGE ( 'NONE', *, *, #421, .F. ) ;
#1768 = ORIENTED_EDGE ( 'NONE', *, *, #1835, .F. ) ;
#1769 = ORIENTED_EDGE ( 'NONE', *, *, #1833, .T. ) ;
#1770 = ORIENTED_EDGE ( 'NONE', *, *, #2031, .F. ) ;
#1771 = ORIENTED_EDGE ( 'NONE', *, *, #2048, .F. ) ;
#1772 = ORIENTED_EDGE ( 'NONE', *, *, #1830, .F. ) ;
#1773 = ORIENTED_EDGE ( 'NONE', *, *, #1839, .T. ) ;
#1774 = ORIENTED_EDGE ( 'NONE', *, *, #2039, .F. ) ;
#1775 = ORIENTED_EDGE ( 'NONE', *, *, #2063, .F. ) ;
#1776 = ORIENTED_EDGE ( 'NONE', *, *, #1657, .F. ) ;
#1777 = ORIENTED_EDGE ( 'NONE', *, *, #1834, .F. ) ;
#1778 = ORIENTED_EDGE ( 'NONE', *, *, #1832, .T. ) ;
#1779 = ORIENTED_EDGE ( 'NONE', *, *, #398, .F. ) ;
#1780 = ORIENTED_EDGE ( 'NONE', *, *, #1838, .F. ) ;
#1781 = ORIENTED_EDGE ( 'NONE', *, *, #1837, .F. ) ;
#1782 = ORIENTED_EDGE ( 'NONE', *, *, #1841, .T. ) ;
#1783 = EDGE_LOOP ( 'NONE', ( #2162, #2147 ) ) ;
#1784 = EDGE_LOOP ( 'NONE', ( #1570, #1600, #1608, #2196 ) ) ;
#1785 = EDGE_LOOP ( 'NONE', ( #2190, #2150 ) ) ;
#1786 = EDGE_LOOP ( 'NONE', ( #2094, #2102, #2115, #2090 ) ) ;
#1787 = EDGE_LOOP ( 'NONE', ( #1727, #1775, #1763, #2103, #1770, #2089, #1716, #1781 ) ) ;
#1788 = EDGE_LOOP ( 'NONE', ( #2073, #2072, #1599, #2076 ) ) ;
#1789 = EDGE_LOOP ( 'NONE', ( #2182, #2164, #1573, #1579, #1576, #1572 ) ) ;
#1790 = EDGE_LOOP ( 'NONE', ( #1722, #1778, #1725, #1759 ) ) ;
#1791 = EDGE_LOOP ( 'NONE', ( #1771, #1743, #2078, #1746 ) ) ;
#1792 = EDGE_LOOP ( 'NONE', ( #2153, #2145, #2176, #2177 ) ) ;
#1793 = EDGE_LOOP ( 'NONE', ( #1761, #1762, #1758, #1757 ) ) ;
#1794 = EDGE_LOOP ( 'NONE', ( #1750, #1776, #1768, #1765 ) ) ;
#1795 = EDGE_LOOP ( 'NONE', ( #1756, #1764, #1732, #1740 ) ) ;
#1796 = EDGE_LOOP ( 'NONE', ( #2074, #1585, #1596, #2206 ) ) ;
#1797 =( NAMED_UNIT ( * ) SI_UNIT ( $, .STERADIAN. ) SOLID_ANGLE_UNIT ( ) );
#1798 = FILL_AREA_STYLE ('',( #1802 ) ) ;
#1799 =( NAMED_UNIT ( * ) PLANE_ANGLE_UNIT ( ) SI_UNIT ( $, .RADIAN. ) );
#1800 =( NAMED_UNIT ( * ) SI_UNIT ( $, .STERADIAN. ) SOLID_ANGLE_UNIT ( ) );
#1801 = PLANE ( 'NONE',  #987 ) ;
#1802 = FILL_AREA_STYLE_COLOUR ( '', #801 ) ;
#1803 = SURFACE_STYLE_USAGE ( .BOTH. , #1813 ) ;
#1804 = SURFACE_SIDE_STYLE ('',( #778 ) ) ;
#1805 = DIRECTION ( 'NONE',  ( -0.08715574274765883200, 0.0000000000000000000, -0.9961946980917454300 ) ) ;
#1806 = CARTESIAN_POINT ( 'NONE',  ( -97.80203002686410200, 59.79078283273150200, -145.7988635588120000 ) ) ;
#1807 = SURFACE_STYLE_USAGE ( .BOTH. , #1804 ) ;
#1808 = CARTESIAN_POINT ( 'NONE',  ( 50.37097070369389900, -6.938709442951060100, -45.05594039691749900 ) ) ;
#1809 = DIRECTION ( 'NONE',  ( 0.9961946980917455500, -1.494829496536509200E-016, -0.08715574274765884600 ) ) ;
#1810 = PLANE ( 'NONE',  #997 ) ;
#1811 = FILL_AREA_STYLE_COLOUR ( '', #788 ) ;
#1812 = FILL_AREA_STYLE ('',( #1811 ) ) ;
#1813 = SURFACE_SIDE_STYLE ('',( #803 ) ) ;
#1814 =( LENGTH_UNIT ( ) NAMED_UNIT ( * ) SI_UNIT ( .MILLI., .METRE. ) );
#1815 =( NAMED_UNIT ( * ) PLANE_ANGLE_UNIT ( ) SI_UNIT ( $, .RADIAN. ) );
#1816 =( NAMED_UNIT ( * ) SI_UNIT ( $, .STERADIAN. ) SOLID_ANGLE_UNIT ( ) );
#1817 =( LENGTH_UNIT ( ) NAMED_UNIT ( * ) SI_UNIT ( .MILLI., .METRE. ) );
#1818 = CARTESIAN_POINT ( 'NONE',  ( 15.00000000000009900, 21.09447276028269900, -41.96219787345180700 ) ) ;
#1819 = FILL_AREA_STYLE ('',( #1826 ) ) ;
#1820 = SURFACE_SIDE_STYLE ('',( #799 ) ) ;
#1821 = SURFACE_STYLE_USAGE ( .BOTH. , #1820 ) ;
#1822 = DIRECTION ( 'NONE',  ( -0.7044160264027581300, 0.7071067811865481300, 0.06162841671621971400 ) ) ;
#1823 = DIRECTION ( 'NONE',  ( -0.7084534360199485900, -0.7057575568079512700, 0.0000000000000000000 ) ) ;
#1824 = CARTESIAN_POINT ( 'NONE',  ( 15.29692170201787600, 21.16514212308770100, -41.96219787345180700 ) ) ;
#1825 =( LENGTH_UNIT ( ) NAMED_UNIT ( * ) SI_UNIT ( .MILLI., .METRE. ) );
#1826 = FILL_AREA_STYLE_COLOUR ( '', #791 ) ;
#1827 =( NAMED_UNIT ( * ) PLANE_ANGLE_UNIT ( ) SI_UNIT ( $, .RADIAN. ) );
#1828 = EDGE_CURVE ( 'NONE', #195, #210, #1480, .T. ) ;
#1829 = EDGE_CURVE ( 'NONE', #185, #245, #1465, .T. ) ;
#1830 = EDGE_CURVE ( 'NONE', #239, #208, #1463, .T. ) ;
#1831 = EDGE_CURVE ( 'NONE', #244, #179, #1460, .T. ) ;
#1832 = EDGE_CURVE ( 'NONE', #231, #234, #1469, .T. ) ;
#1833 = EDGE_CURVE ( 'NONE', #239, #191, #1481, .T. ) ;
#1834 = EDGE_CURVE ( 'NONE', #216, #176, #1478, .T. ) ;
#1835 = EDGE_CURVE ( 'NONE', #218, #244, #1470, .T. ) ;
#1836 = EDGE_CURVE ( 'NONE', #234, #233, #1497, .T. ) ;
#1837 = EDGE_CURVE ( 'NONE', #221, #210, #1496, .T. ) ;
#1838 = EDGE_CURVE ( 'NONE', #249, #221, #1471, .T. ) ;
#1839 = EDGE_CURVE ( 'NONE', #245, #218, #1473, .T. ) ;
#1840 = EDGE_CURVE ( 'NONE', #238, #188, #1466, .T. ) ;
#1841 = EDGE_CURVE ( 'NONE', #245, #212, #1474, .T. ) ;
#1842 = EDGE_CURVE ( 'NONE', #195, #249, #1457, .T. ) ;
#1843 = PLANE ( 'NONE',  #1011 ) ;
#1844 = CARTESIAN_POINT ( 'NONE',  ( -90.00000000000000000, 63.73933519103250200, -42.00000000000000000 ) ) ;
#1845 =( NAMED_UNIT ( * ) SI_UNIT ( $, .STERADIAN. ) SOLID_ANGLE_UNIT ( ) );
#1846 =( NAMED_UNIT ( * ) PLANE_ANGLE_UNIT ( ) SI_UNIT ( $, .RADIAN. ) );
#1847 = DIRECTION ( 'NONE',  ( 1.000000000000000000, 0.0000000000000000000, 0.0000000000000000000 ) ) ;
#1848 = FILL_AREA_STYLE ('',( #1853 ) ) ;
#1849 = CARTESIAN_POINT ( 'NONE',  ( -75.81297982503144800, -20.31921716726854800, -122.6273057841810500 ) ) ;
#1850 = DIRECTION ( 'NONE',  ( 0.0000000000000000000, 0.0000000000000000000, -1.000000000000000000 ) ) ;
#1851 =( NAMED_UNIT ( * ) PLANE_ANGLE_UNIT ( ) SI_UNIT ( $, .RADIAN. ) );
#1852 = CARTESIAN_POINT ( 'NONE',  ( -70.00000000000000000, 17.96505408019350000, -42.00000000000000000 ) ) ;
#1853 = FILL_AREA_STYLE_COLOUR ( '', #806 ) ;
#1854 = SURFACE_SIDE_STYLE ('',( #812 ) ) ;
#1855 = DIRECTION ( 'NONE',  ( -0.0000000000000000000, 1.000000000000000000, -1.715124499442879900E-015 ) ) ;
#1856 =( LENGTH_UNIT ( ) NAMED_UNIT ( * ) SI_UNIT ( .MILLI., .METRE. ) );
#1857 = SURFACE_STYLE_USAGE ( .BOTH. , #1854 ) ;
#1858 = DIRECTION ( 'NONE',  ( 0.0000000000000000000, 1.601283208593974400E-015, 1.000000000000000000 ) ) ;
#1859 = DIRECTION ( 'NONE',  ( 0.0000000000000000000, 0.0000000000000000000, -1.000000000000000000 ) ) ;
#1860 =( NAMED_UNIT ( * ) SI_UNIT ( $, .STERADIAN. ) SOLID_ANGLE_UNIT ( ) );
#1861 = DIRECTION ( 'NONE',  ( -1.000000000000000000, 0.0000000000000000000, 0.0000000000000000000 ) ) ;
#1862 = CARTESIAN_POINT ( 'NONE',  ( 15.46739813949560200, 21.23836412286910000, -44.11029513983670800 ) ) ;
#1863 =( NAMED_UNIT ( * ) SI_UNIT ( $, .STERADIAN. ) SOLID_ANGLE_UNIT ( ) );
#1864 = FILL_AREA_STYLE_COLOUR ( '', #809 ) ;
#1865 = FILL_AREA_STYLE ('',( #1864 ) ) ;
#1866 = SURFACE_SIDE_STYLE ('',( #830 ) ) ;
#1867 = SURFACE_STYLE_USAGE ( .BOTH. , #1866 ) ;
#1868 =( LENGTH_UNIT ( ) NAMED_UNIT ( * ) SI_UNIT ( .MILLI., .METRE. ) );
#1869 = LINE ( 'NONE', #343, #1875 ) ;
#1870 = VECTOR ( 'NONE', #346, 1000.000000000000100 ) ;
#1871 = LINE ( 'NONE', #368, #1878 ) ;
#1872 = VECTOR ( 'NONE', #357, 1000.000000000000000 ) ;
#1873 = LINE ( 'NONE', #367, #1874 ) ;
#1874 = VECTOR ( 'NONE', #359, 1000.000000000000000 ) ;
#1875 = VECTOR ( 'NONE', #345, 1000.000000000000100 ) ;
#1876 = LINE ( 'NONE', #38, #1885 ) ;
#1877 = CIRCLE ( 'NONE', #1666, 6.500000000000005300 ) ;
#1878 = VECTOR ( 'NONE', #349, 1000.000000000000000 ) ;
#1879 = CIRCLE ( 'NONE', #1660, 10.11000000000000100 ) ;
#1880 = CIRCLE ( 'NONE', #1661, 6.500000000000005300 ) ;
#1881 = VECTOR ( 'NONE', #57, 1000.000000000000200 ) ;
#1882 = LINE ( 'NONE', #354, #1872 ) ;
#1883 = LINE ( 'NONE', #355, #1870 ) ;
#1884 = VECTOR ( 'NONE', #35, 1000.000000000000100 ) ;
#1885 = VECTOR ( 'NONE', #39, 1000.000000000000000 ) ;
#1886 = CIRCLE ( 'NONE', #1653, 20.00000000000000400 ) ;
#1887 = CIRCLE ( 'NONE', #1654, 6.500000000000005300 ) ;
#1888 = LINE ( 'NONE', #360, #1884 ) ;
#1889 =( NAMED_UNIT ( * ) SI_UNIT ( $, .STERADIAN. ) SOLID_ANGLE_UNIT ( ) );
#1890 =( LENGTH_UNIT ( ) NAMED_UNIT ( * ) SI_UNIT ( .MILLI., .METRE. ) );
#1891 = FILL_AREA_STYLE ('',( #1893 ) ) ;
#1892 =( LENGTH_UNIT ( ) NAMED_UNIT ( * ) SI_UNIT ( .MILLI., .METRE. ) );
#1893 = FILL_AREA_STYLE_COLOUR ( '', #761 ) ;
#1894 = DIRECTION ( 'NONE',  ( 0.0000000000000000000, 0.0000000000000000000, 1.000000000000000000 ) ) ;
#1895 = FILL_AREA_STYLE ('',( #1913 ) ) ;
#1896 = DIRECTION ( 'NONE',  ( 1.000000000000000000, 0.0000000000000000000, 0.0000000000000000000 ) ) ;
#1897 = SURFACE_STYLE_USAGE ( .BOTH. , #1908 ) ;
#1898 =( NAMED_UNIT ( * ) SI_UNIT ( $, .STERADIAN. ) SOLID_ANGLE_UNIT ( ) );
#1899 =( LENGTH_UNIT ( ) NAMED_UNIT ( * ) SI_UNIT ( .MILLI., .METRE. ) );
#1900 = CARTESIAN_POINT ( 'NONE',  ( -51.71572875253809800, -0.3192171672683690200, -42.00000000000000000 ) ) ;
#1901 = PLANE ( 'NONE',  #1013 ) ;
#1902 =( NAMED_UNIT ( * ) PLANE_ANGLE_UNIT ( ) SI_UNIT ( $, .RADIAN. ) );
#1903 =( NAMED_UNIT ( * ) SI_UNIT ( $, .STERADIAN. ) SOLID_ANGLE_UNIT ( ) );
#1904 = DIRECTION ( 'NONE',  ( 1.000000000000000000, 0.0000000000000000000, 0.0000000000000000000 ) ) ;
#1905 = CARTESIAN_POINT ( 'NONE',  ( -75.00000000000000000, -5.319217167268360100, -42.00000000000000000 ) ) ;
#1906 =( NAMED_UNIT ( * ) PLANE_ANGLE_UNIT ( ) SI_UNIT ( $, .RADIAN. ) );
#1907 = SURFACE_SIDE_STYLE ('',( #826 ) ) ;
#1908 = SURFACE_SIDE_STYLE ('',( #758 ) ) ;
#1909 = DIRECTION ( 'NONE',  ( 0.0000000000000000000, 0.0000000000000000000, 1.000000000000000000 ) ) ;
#1910 = DIRECTION ( 'NONE',  ( 0.7071067811865480200, 0.7071067811865470200, 0.0000000000000000000 ) ) ;
#1911 = SURFACE_STYLE_USAGE ( .BOTH. , #1907 ) ;
#1912 =( NAMED_UNIT ( * ) PLANE_ANGLE_UNIT ( ) SI_UNIT ( $, .RADIAN. ) );
#1913 = FILL_AREA_STYLE_COLOUR ( '', #782 ) ;
#1914 = DIRECTION ( 'NONE',  ( -0.7071067811865470200, 0.7071067811865480200, 0.0000000000000000000 ) ) ;
#1915 = SURFACE_SIDE_STYLE ('',( #773 ) ) ;
#1916 =( LENGTH_UNIT ( ) NAMED_UNIT ( * ) SI_UNIT ( .MILLI., .METRE. ) );
#1917 = SURFACE_STYLE_USAGE ( .BOTH. , #1915 ) ;
#1918 =( NAMED_UNIT ( * ) PLANE_ANGLE_UNIT ( ) SI_UNIT ( $, .RADIAN. ) );
#1919 = CARTESIAN_POINT ( 'NONE',  ( -40.00000000000000000, 29.68078283273160200, -42.00000000000000000 ) ) ;
#1920 = VECTOR ( 'NONE', #31, 1000.000000000000000 ) ;
#1921 = LINE ( 'NONE', #29, #1920 ) ;
#1922 = LINE ( 'NONE', #40, #1928 ) ;
#1923 = LINE ( 'NONE', #32, #1927 ) ;
#1924 = LINE ( 'NONE', #64, #531 ) ;
#1925 = CIRCLE ( 'NONE', #1931, 6.500000000000005300 ) ;
#1926 = CIRCLE ( 'NONE', #1656, 6.500000000000005300 ) ;
#1927 = VECTOR ( 'NONE', #36, 1000.000000000000000 ) ;
#1928 = VECTOR ( 'NONE', #20, 1000.000000000000000 ) ;
#1929 = CARTESIAN_POINT ( 'NONE',  ( 15.23437024130980100, 21.16514212308770100, -44.10000000000000100 ) ) ;
#1930 = AXIS2_PLACEMENT_3D ( 'NONE', #62, #69, #65 ) ;
#1931 = AXIS2_PLACEMENT_3D ( 'NONE', #19, #25, #30 ) ;
#1932 = AXIS2_PLACEMENT_3D ( 'NONE', #44, #73, #68 ) ;
#1933 = UNCERTAINTY_MEASURE_WITH_UNIT (LENGTH_MEASURE( 1.000000000000000100E-005 ), #1100, 'distance_accuracy_value', 'NONE');
#1934 = UNCERTAINTY_MEASURE_WITH_UNIT (LENGTH_MEASURE( 1.000000000000000100E-005 ), #1102, 'distance_accuracy_value', 'NONE');
#1935 = SURFACE_SIDE_STYLE ('',( #662 ) ) ;
#1936 = SURFACE_STYLE_USAGE ( .BOTH. , #1940 ) ;
#1937 =( NAMED_UNIT ( * ) SI_UNIT ( $, .STERADIAN. ) SOLID_ANGLE_UNIT ( ) );
#1938 = FILL_AREA_STYLE_COLOUR ( '', #686 ) ;
#1939 = SURFACE_STYLE_USAGE ( .BOTH. , #1935 ) ;
#1940 = SURFACE_SIDE_STYLE ('',( #668 ) ) ;
#1941 =( LENGTH_UNIT ( ) NAMED_UNIT ( * ) SI_UNIT ( .MILLI., .METRE. ) );
#1942 = CARTESIAN_POINT ( 'NONE',  ( 15.59140752634765500, 21.23836412286910000, -41.98782521349583200 ) ) ;
#1943 = CARTESIAN_POINT ( 'NONE',  ( -77.95396260985863500, 59.79078283273152300, -147.5354609289339600 ) ) ;
#1944 = CARTESIAN_POINT ( 'NONE',  ( -4.400000000000000400, -5.919217167268359800, -42.00000000000000000 ) ) ;
#1945 = DIRECTION ( 'NONE',  ( 0.0000000000000000000, 1.601283208593974400E-015, 1.000000000000000000 ) ) ;
#1946 =( LENGTH_UNIT ( ) NAMED_UNIT ( * ) SI_UNIT ( .MILLI., .METRE. ) );
#1947 =( NAMED_UNIT ( * ) PLANE_ANGLE_UNIT ( ) SI_UNIT ( $, .RADIAN. ) );
#1948 = FILL_AREA_STYLE ('',( #1959 ) ) ;
#1949 = CARTESIAN_POINT ( 'NONE',  ( -75.81297982503144800, -20.31921716726854800, -122.6273057841810500 ) ) ;
#1950 = PLANE ( 'NONE',  #904 ) ;
#1951 = DIRECTION ( 'NONE',  ( 1.000000000000000000, -9.912705577010340300E-017, 0.0000000000000000000 ) ) ;
#1952 = FILL_AREA_STYLE ('',( #1962 ) ) ;
#1953 = DIRECTION ( 'NONE',  ( 0.0000000000000000000, 2.135044278125299400E-015, 1.000000000000000000 ) ) ;
#1954 =( NAMED_UNIT ( * ) SI_UNIT ( $, .STERADIAN. ) SOLID_ANGLE_UNIT ( ) );
#1955 = PLANE ( 'NONE',  #913 ) ;
#1956 =( NAMED_UNIT ( * ) PLANE_ANGLE_UNIT ( ) SI_UNIT ( $, .RADIAN. ) );
#1957 = DIRECTION ( 'NONE',  ( -9.912705577010340300E-017, -1.000000000000000000, 0.0000000000000000000 ) ) ;
#1958 = DIRECTION ( 'NONE',  ( 0.0000000000000000000, 0.0000000000000000000, 1.000000000000000000 ) ) ;
#1959 = FILL_AREA_STYLE_COLOUR ( '', #665 ) ;
#1960 = CARTESIAN_POINT ( 'NONE',  ( -15.60000000000000000, -5.919217167268359800, -42.00000000000000000 ) ) ;
#1961 = DIRECTION ( 'NONE',  ( -1.000000000000000000, -3.965082230804130200E-016, 0.0000000000000000000 ) ) ;
#1962 = FILL_AREA_STYLE_COLOUR ( '', #666 ) ;
#1963 = DIRECTION ( 'NONE',  ( 3.965082230804130200E-016, -1.000000000000000000, 0.0000000000000000000 ) ) ;
#1964 = DIRECTION ( 'NONE',  ( 0.0000000000000000000, 1.000000000000000000, -1.715124499442879900E-015 ) ) ;
#1965 = DIRECTION ( 'NONE',  ( 1.000000000000000000, 0.0000000000000000000, -0.0000000000000000000 ) ) ;
#1966 = DIRECTION ( 'NONE',  ( -0.0000000000000000000, 1.000000000000000000, -1.715124499442879900E-015 ) ) ;
#1967 =( NAMED_UNIT ( * ) SI_UNIT ( $, .STERADIAN. ) SOLID_ANGLE_UNIT ( ) );
#1968 = SURFACE_SIDE_STYLE ('',( #685 ) ) ;
#1969 = PLANE ( 'NONE',  #912 ) ;
#1970 = CARTESIAN_POINT ( 'NONE',  ( 25.00000000000000000, 19.68078283273160200, -42.00000000000000000 ) ) ;
#1971 = SURFACE_SIDE_STYLE ('',( #681 ) ) ;
#1972 = FILL_AREA_STYLE ('',( #1938 ) ) ;
#1973 = CARTESIAN_POINT ( 'NONE',  ( 15.00000000000009900, -0.3192171672683349900, -52.11000000000000700 ) ) ;
#1974 = SURFACE_STYLE_USAGE ( .BOTH. , #1971 ) ;
#1975 = DIRECTION ( 'NONE',  ( 2.664535259100380000E-015, 1.000000000000000000, 0.0000000000000000000 ) ) ;
#1976 = FILL_AREA_STYLE ('',( #1987 ) ) ;
#1977 =( NAMED_UNIT ( * ) PLANE_ANGLE_UNIT ( ) SI_UNIT ( $, .RADIAN. ) );
#1978 = CARTESIAN_POINT ( 'NONE',  ( 44.89835492004699800, 15.85204151763330100, -44.57714855601540200 ) ) ;
#1979 = DIRECTION ( 'NONE',  ( -1.000000000000000000, 2.664928188552402400E-015, 0.0000000000000000000 ) ) ;
#1980 =( NAMED_UNIT ( * ) SI_UNIT ( $, .STERADIAN. ) SOLID_ANGLE_UNIT ( ) );
#1981 = DIRECTION ( 'NONE',  ( 0.9961946980917455500, 0.0000000000000000000, -0.08715574274765836000 ) ) ;
#1982 = FILL_AREA_STYLE_COLOUR ( '', #696 ) ;
#1983 = FILL_AREA_STYLE ('',( #1982 ) ) ;
#1984 =( LENGTH_UNIT ( ) NAMED_UNIT ( * ) SI_UNIT ( .MILLI., .METRE. ) );
#1985 =( NAMED_UNIT ( * ) PLANE_ANGLE_UNIT ( ) SI_UNIT ( $, .RADIAN. ) );
#1986 = DIRECTION ( 'NONE',  ( 0.08715574274765845700, -2.305988929144469000E-016, 0.9961946980917455500 ) ) ;
#1987 = FILL_AREA_STYLE_COLOUR ( '', #706 ) ;
#1988 = SURFACE_STYLE_USAGE ( .BOTH. , #1968 ) ;
#1989 =( LENGTH_UNIT ( ) NAMED_UNIT ( * ) SI_UNIT ( .MILLI., .METRE. ) );
#1990 = SURFACE_SIDE_STYLE ('',( #690 ) ) ;
#1991 = SURFACE_STYLE_USAGE ( .BOTH. , #1990 ) ;
#1992 = FILL_AREA_STYLE_COLOUR ( '', #700 ) ;
#1993 = DIRECTION ( 'NONE',  ( 1.776356839400250100E-016, -1.000000000000000000, 0.0000000000000000000 ) ) ;
#1994 =( LENGTH_UNIT ( ) NAMED_UNIT ( * ) SI_UNIT ( .MILLI., .METRE. ) );
#1995 =( NAMED_UNIT ( * ) SI_UNIT ( $, .STERADIAN. ) SOLID_ANGLE_UNIT ( ) );
#1996 = FILL_AREA_STYLE_COLOUR ( '', #697 ) ;
#1997 = SURFACE_SIDE_STYLE ('',( #694 ) ) ;
#1998 =( NAMED_UNIT ( * ) PLANE_ANGLE_UNIT ( ) SI_UNIT ( $, .RADIAN. ) );
#1999 =( LENGTH_UNIT ( ) NAMED_UNIT ( * ) SI_UNIT ( .MILLI., .METRE. ) );
#2000 =( NAMED_UNIT ( * ) SI_UNIT ( $, .STERADIAN. ) SOLID_ANGLE_UNIT ( ) );
#2001 = DIRECTION ( 'NONE',  ( 1.000000000000000000, 1.776356839400250100E-016, 0.0000000000000000000 ) ) ;
#2002 = SURFACE_SIDE_STYLE ('',( #703 ) ) ;
#2003 = DIRECTION ( 'NONE',  ( -1.000000000000000000, 9.868649107779169900E-017, 0.0000000000000000000 ) ) ;
#2004 = CARTESIAN_POINT ( 'NONE',  ( -67.50000000000000000, 49.68078283273160900, -52.11000000000000700 ) ) ;
#2005 = DIRECTION ( 'NONE',  ( -1.000000000000000000, 0.0000000000000000000, 0.0000000000000000000 ) ) ;
#2006 =( NAMED_UNIT ( * ) PLANE_ANGLE_UNIT ( ) SI_UNIT ( $, .RADIAN. ) );
#2007 = FILL_AREA_STYLE ('',( #1992 ) ) ;
#2008 = DIRECTION ( 'NONE',  ( 9.868649107779169900E-017, 1.000000000000000000, 0.0000000000000000000 ) ) ;
#2009 =( NAMED_UNIT ( * ) SI_UNIT ( $, .STERADIAN. ) SOLID_ANGLE_UNIT ( ) );
#2010 = PLANE ( 'NONE',  #920 ) ;
#2011 =( LENGTH_UNIT ( ) NAMED_UNIT ( * ) SI_UNIT ( .MILLI., .METRE. ) );
#2012 = SURFACE_STYLE_USAGE ( .BOTH. , #1997 ) ;
#2013 = FILL_AREA_STYLE ('',( #2019 ) ) ;
#2014 =( NAMED_UNIT ( * ) PLANE_ANGLE_UNIT ( ) SI_UNIT ( $, .RADIAN. ) );
#2015 =( LENGTH_UNIT ( ) NAMED_UNIT ( * ) SI_UNIT ( .MILLI., .METRE. ) );
#2016 = CARTESIAN_POINT ( 'NONE',  ( 15.88334100745673200, 21.31410859656930200, -42.01336608359645900 ) ) ;
#2017 = PLANE ( 'NONE',  #939 ) ;
#2018 = CARTESIAN_POINT ( 'NONE',  ( -13.93906804088820000, 77.17042217245409600, -42.00000000000000000 ) ) ;
#2019 = FILL_AREA_STYLE_COLOUR ( '', #708 ) ;
#2020 = DIRECTION ( 'NONE',  ( 0.0000000000000000000, 0.0000000000000000000, 1.000000000000000000 ) ) ;
#2021 = FILL_AREA_STYLE ('',( #1996 ) ) ;
#2022 = SURFACE_STYLE_USAGE ( .BOTH. , #2027 ) ;
#2023 =( NAMED_UNIT ( * ) PLANE_ANGLE_UNIT ( ) SI_UNIT ( $, .RADIAN. ) );
#2024 = SURFACE_STYLE_USAGE ( .BOTH. , #2002 ) ;
#2025 = CARTESIAN_POINT ( 'NONE',  ( -90.00000000000000000, -20.31921716726839800, -42.00000000000000000 ) ) ;
#2026 =( NAMED_UNIT ( * ) SI_UNIT ( $, .STERADIAN. ) SOLID_ANGLE_UNIT ( ) );
#2027 = SURFACE_SIDE_STYLE ('',( #722 ) ) ;
#2028 = CARTESIAN_POINT ( 'NONE',  ( 15.00000000000009900, 21.09447276028269900, -41.98739929115059500 ) ) ;
#2029 = EDGE_CURVE ( 'NONE', #135, #151, #1490, .T. ) ;
#2030 = EDGE_CURVE ( 'NONE', #193, #242, #1482, .T. ) ;
#2031 = EDGE_CURVE ( 'NONE', #188, #171, #1472, .T. ) ;
#2032 = EDGE_CURVE ( 'NONE', #242, #177, #1548, .T. ) ;
#2033 = EDGE_CURVE ( 'NONE', #184, #167, #1483, .T. ) ;
#2034 = EDGE_CURVE ( 'NONE', #191, #168, #1513, .T. ) ;
#2035 = EDGE_CURVE ( 'NONE', #192, #147, #1536, .T. ) ;
#2036 = EDGE_CURVE ( 'NONE', #160, #149, #1544, .T. ) ;
#2037 = EDGE_CURVE ( 'NONE', #242, #165, #1518, .T. ) ;
#2038 = EDGE_CURVE ( 'NONE', #179, #166, #522, .T. ) ;
#2039 = EDGE_CURVE ( 'NONE', #185, #191, #1550, .T. ) ;
#2040 = EDGE_CURVE ( 'NONE', #186, #172, #1517, .T. ) ;
#2041 = EDGE_CURVE ( 'NONE', #164, #175, #1519, .T. ) ;
#2042 = EDGE_CURVE ( 'NONE', #164, #184, #1499, .T. ) ;
#2043 = EDGE_CURVE ( 'NONE', #189, #173, #1549, .T. ) ;
#2044 = EDGE_CURVE ( 'NONE', #190, #194, #1545, .T. ) ;
#2045 = EDGE_CURVE ( 'NONE', #163, #179, #1538, .T. ) ;
#2046 = EDGE_CURVE ( 'NONE', #177, #162, #1512, .T. ) ;
#2047 = EDGE_CURVE ( 'NONE', #171, #140, #1532, .T. ) ;
#2048 = EDGE_CURVE ( 'NONE', #179, #182, #1516, .T. ) ;
#2049 = EDGE_CURVE ( 'NONE', #183, #162, #1501, .T. ) ;
#2050 = EDGE_CURVE ( 'NONE', #166, #169, #1547, .T. ) ;
#2051 = EDGE_CURVE ( 'NONE', #156, #142, #1498, .T. ) ;
#2052 = EDGE_CURVE ( 'NONE', #210, #238, #1530, .T. ) ;
#2053 = EDGE_CURVE ( 'NONE', #204, #231, #1526, .T. ) ;
#2054 = EDGE_CURVE ( 'NONE', #176, #178, #1505, .T. ) ;
#2055 = EDGE_CURVE ( 'NONE', #169, #182, #523, .T. ) ;
#2056 = EDGE_CURVE ( 'NONE', #150, #139, #1507, .T. ) ;
#2057 = EDGE_CURVE ( 'NONE', #161, #181, #1508, .T. ) ;
#2058 = EDGE_CURVE ( 'NONE', #162, #178, #1528, .T. ) ;
#2059 = EDGE_CURVE ( 'NONE', #168, #183, #1524, .T. ) ;
#2060 = EDGE_CURVE ( 'NONE', #249, #208, #1543, .T. ) ;
#2061 = EDGE_CURVE ( 'NONE', #176, #193, #1509, .T. ) ;
#2062 = EDGE_CURVE ( 'NONE', #181, #173, #1539, .T. ) ;
#2063 = EDGE_CURVE ( 'NONE', #141, #163, #1520, .T. ) ;
#2064 = EDGE_CURVE ( 'NONE', #188, #169, #1515, .T. ) ;
#2065 = EDGE_CURVE ( 'NONE', #211, #227, #1533, .T. ) ;
#2066 = EDGE_CURVE ( 'NONE', #170, #184, #1555, .T. ) ;
#2067 = EDGE_CURVE ( 'NONE', #233, #204, #1554, .T. ) ;
#2068 = ORIENTED_EDGE ( 'NONE', *, *, #441, .F. ) ;
#2069 = ORIENTED_EDGE ( 'NONE', *, *, #2062, .F. ) ;
#2070 = ORIENTED_EDGE ( 'NONE', *, *, #435, .F. ) ;
#2071 = ORIENTED_EDGE ( 'NONE', *, *, #2043, .T. ) ;
#2072 = ORIENTED_EDGE ( 'NONE', *, *, #2043, .F. ) ;
#2073 = ORIENTED_EDGE ( 'NONE', *, *, #412, .F. ) ;
#2074 = ORIENTED_EDGE ( 'NONE', *, *, #418, .F. ) ;
#2075 = ORIENTED_EDGE ( 'NONE', *, *, #2066, .T. ) ;
#2076 = ORIENTED_EDGE ( 'NONE', *, *, #2050, .T. ) ;
#2077 = ORIENTED_EDGE ( 'NONE', *, *, #2045, .F. ) ;
#2078 = ORIENTED_EDGE ( 'NONE', *, *, #1657, .T. ) ;
#2079 = ORIENTED_EDGE ( 'NONE', *, *, #447, .F. ) ;
#2080 = ORIENTED_EDGE ( 'NONE', *, *, #388, .F. ) ;
#2081 = ORIENTED_EDGE ( 'NONE', *, *, #1842, .F. ) ;
#2082 = ORIENTED_EDGE ( 'NONE', *, *, #426, .T. ) ;
#2083 = ORIENTED_EDGE ( 'NONE', *, *, #386, .F. ) ;
#2084 = ORIENTED_EDGE ( 'NONE', *, *, #2029, .F. ) ;
#2085 = ORIENTED_EDGE ( 'NONE', *, *, #374, .T. ) ;
#2086 = ORIENTED_EDGE ( 'NONE', *, *, #422, .T. ) ;
#2087 = ORIENTED_EDGE ( 'NONE', *, *, #423, .T. ) ;
#2088 = ORIENTED_EDGE ( 'NONE', *, *, #377, .F. ) ;
#2089 = ORIENTED_EDGE ( 'NONE', *, *, #1840, .F. ) ;
#2090 = ORIENTED_EDGE ( 'NONE', *, *, #2051, .F. ) ;
#2091 = ORIENTED_EDGE ( 'NONE', *, *, #378, .T. ) ;
#2092 = ORIENTED_EDGE ( 'NONE', *, *, #2067, .F. ) ;
#2093 = ORIENTED_EDGE ( 'NONE', *, *, #399, .T. ) ;
#2094 = ORIENTED_EDGE ( 'NONE', *, *, #380, .F. ) ;
#2095 = ORIENTED_EDGE ( 'NONE', *, *, #375, .T. ) ;
#2096 = ORIENTED_EDGE ( 'NONE', *, *, #1828, .T. ) ;
#2097 = ORIENTED_EDGE ( 'NONE', *, *, #1667, .T. ) ;
#2098 = ORIENTED_EDGE ( 'NONE', *, *, #2065, .T. ) ;
#2099 = ORIENTED_EDGE ( 'NONE', *, *, #374, .F. ) ;
#2100 = ORIENTED_EDGE ( 'NONE', *, *, #1832, .F. ) ;
#2101 = ORIENTED_EDGE ( 'NONE', *, *, #387, .T. ) ;
#2102 = ORIENTED_EDGE ( 'NONE', *, *, #411, .F. ) ;
#2103 = ORIENTED_EDGE ( 'NONE', *, *, #2047, .F. ) ;
#2104 = ORIENTED_EDGE ( 'NONE', *, *, #444, .F. ) ;
#2105 = ORIENTED_EDGE ( 'NONE', *, *, #1836, .F. ) ;
#2106 = ORIENTED_EDGE ( 'NONE', *, *, #389, .T. ) ;
#2107 = ORIENTED_EDGE ( 'NONE', *, *, #424, .F. ) ;
#2108 = ORIENTED_EDGE ( 'NONE', *, *, #394, .F. ) ;
#2109 = ORIENTED_EDGE ( 'NONE', *, *, #446, .F. ) ;
#2110 = ORIENTED_EDGE ( 'NONE', *, *, #1663, .F. ) ;
#2111 = ORIENTED_EDGE ( 'NONE', *, *, #401, .T. ) ;
#2112 = ORIENTED_EDGE ( 'NONE', *, *, #2053, .F. ) ;
#2113 = ORIENTED_EDGE ( 'NONE', *, *, #398, .T. ) ;
#2114 = ORIENTED_EDGE ( 'NONE', *, *, #414, .T. ) ;
#2115 = ORIENTED_EDGE ( 'NONE', *, *, #392, .T. ) ;
#2116 = ORIENTED_EDGE ( 'NONE', *, *, #2032, .F. ) ;
#2117 = ORIENTED_EDGE ( 'NONE', *, *, #434, .T. ) ;
#2118 = ORIENTED_EDGE ( 'NONE', *, *, #375, .F. ) ;
#2119 = ORIENTED_EDGE ( 'NONE', *, *, #2035, .T. ) ;
#2120 = ORIENTED_EDGE ( 'NONE', *, *, #396, .F. ) ;
#2121 = ORIENTED_EDGE ( 'NONE', *, *, #2037, .T. ) ;
#2122 = ORIENTED_EDGE ( 'NONE', *, *, #1833, .F. ) ;
#2123 = ORIENTED_EDGE ( 'NONE', *, *, #391, .F. ) ;
#2124 = ORIENTED_EDGE ( 'NONE', *, *, #397, .T. ) ;
#2125 = ORIENTED_EDGE ( 'NONE', *, *, #394, .T. ) ;
#2126 = ORIENTED_EDGE ( 'NONE', *, *, #389, .F. ) ;
#2127 = ORIENTED_EDGE ( 'NONE', *, *, #1662, .T. ) ;
#2128 = ORIENTED_EDGE ( 'NONE', *, *, #2060, .F. ) ;
#2129 = ORIENTED_EDGE ( 'NONE', *, *, #403, .F. ) ;
#2130 = ORIENTED_EDGE ( 'NONE', *, *, #377, .T. ) ;
#2131 = ORIENTED_EDGE ( 'NONE', *, *, #2036, .F. ) ;
#2132 = ORIENTED_EDGE ( 'NONE', *, *, #401, .F. ) ;
#2133 = ORIENTED_EDGE ( 'NONE', *, *, #390, .T. ) ;
#2134 = ORIENTED_EDGE ( 'NONE', *, *, #1830, .T. ) ;
#2135 = ORIENTED_EDGE ( 'NONE', *, *, #386, .T. ) ;
#2136 = ORIENTED_EDGE ( 'NONE', *, *, #391, .T. ) ;
#2137 = ORIENTED_EDGE ( 'NONE', *, *, #397, .F. ) ;
#2138 = ORIENTED_EDGE ( 'NONE', *, *, #1658, .T. ) ;
#2139 = ORIENTED_EDGE ( 'NONE', *, *, #2052, .T. ) ;
#2140 = ORIENTED_EDGE ( 'NONE', *, *, #442, .T. ) ;
#2141 = ORIENTED_EDGE ( 'NONE', *, *, #378, .F. ) ;
#2142 = ORIENTED_EDGE ( 'NONE', *, *, #387, .F. ) ;
#2143 = ORIENTED_EDGE ( 'NONE', *, *, #2046, .T. ) ;
#2144 = ORIENTED_EDGE ( 'NONE', *, *, #2042, .T. ) ;
#2145 = ORIENTED_EDGE ( 'NONE', *, *, #2038, .F. ) ;
#2146 = ORIENTED_EDGE ( 'NONE', *, *, #421, .T. ) ;
#2147 = ORIENTED_EDGE ( 'NONE', *, *, #404, .T. ) ;
#2148 = ORIENTED_EDGE ( 'NONE', *, *, #446, .T. ) ;
#2149 = ORIENTED_EDGE ( 'NONE', *, *, #433, .T. ) ;
#2150 = ORIENTED_EDGE ( 'NONE', *, *, #395, .F. ) ;
#2151 = ORIENTED_EDGE ( 'NONE', *, *, #416, .T. ) ;
#2152 = ORIENTED_EDGE ( 'NONE', *, *, #440, .T. ) ;
#2153 = ORIENTED_EDGE ( 'NONE', *, *, #2050, .F. ) ;
#2154 = ORIENTED_EDGE ( 'NONE', *, *, #2030, .T. ) ;
#2155 = ORIENTED_EDGE ( 'NONE', *, *, #412, .T. ) ;
#2156 = ORIENTED_EDGE ( 'NONE', *, *, #409, .T. ) ;
#2157 = ORIENTED_EDGE ( 'NONE', *, *, #438, .F. ) ;
#2158 = VECTOR ( 'NONE', #47, 1000.000000000000000 ) ;
#2159 = ORIENTED_EDGE ( 'NONE', *, *, #2032, .T. ) ;
#2160 = ORIENTED_EDGE ( 'NONE', *, *, #443, .F. ) ;
#2161 = ORIENTED_EDGE ( 'NONE', *, *, #413, .T. ) ;
#2162 = ORIENTED_EDGE ( 'NONE', *, *, #403, .T. ) ;
#2163 = ORIENTED_EDGE ( 'NONE', *, *, #437, .T. ) ;
#2164 = ORIENTED_EDGE ( 'NONE', *, *, #434, .F. ) ;
#2165 = ORIENTED_EDGE ( 'NONE', *, *, #408, .F. ) ;
#2166 = ORIENTED_EDGE ( 'NONE', *, *, #379, .F. ) ;
#2167 = ORIENTED_EDGE ( 'NONE', *, *, #436, .F. ) ;
#2168 = ORIENTED_EDGE ( 'NONE', *, *, #392, .F. ) ;
#2169 = ORIENTED_EDGE ( 'NONE', *, *, #414, .F. ) ;
#2170 = ORIENTED_EDGE ( 'NONE', *, *, #416, .F. ) ;
#2171 = ORIENTED_EDGE ( 'NONE', *, *, #424, .T. ) ;
#2172 = ORIENTED_EDGE ( 'NONE', *, *, #418, .T. ) ;
#2173 = ORIENTED_EDGE ( 'NONE', *, *, #430, .T. ) ;
#2174 = ORIENTED_EDGE ( 'NONE', *, *, #410, .F. ) ;
#2175 = ORIENTED_EDGE ( 'NONE', *, *, #2039, .T. ) ;
#2176 = ORIENTED_EDGE ( 'NONE', *, *, #2048, .T. ) ;
#2177 = ORIENTED_EDGE ( 'NONE', *, *, #2055, .F. ) ;
#2178 = ORIENTED_EDGE ( 'NONE', *, *, #2057, .T. ) ;
#2179 = CLOSED_SHELL ( 'NONE', ( #483, #492, #484, #469, #510, #506, #502, #481, #468, #507, #490, #474, #509, #479, #495, #494, #482, #498, #489, #501, #505, #511, #497, #503, #512, #486, #476, #473, #485, #475, #488, #499, #477, #491, #493, #487, #508, #513, #471, #472, #478, #504, #496, #480, #514, #470, #500 ) ) ;
#2180 = ORIENTED_EDGE ( 'NONE', *, *, #422, .F. ) ;
#2181 = ORIENTED_EDGE ( 'NONE', *, *, #419, .T. ) ;
#2182 = ORIENTED_EDGE ( 'NONE', *, *, #402, .T. ) ;
#2183 = ORIENTED_EDGE ( 'NONE', *, *, #2035, .F. ) ;
#2184 = ORIENTED_EDGE ( 'NONE', *, *, #2064, .F. ) ;
#2185 = ORIENTED_EDGE ( 'NONE', *, *, #2031, .T. ) ;
#2186 = ORIENTED_EDGE ( 'NONE', *, *, #415, .T. ) ;
#2187 = ORIENTED_EDGE ( 'NONE', *, *, #2062, .T. ) ;
#2188 = ORIENTED_EDGE ( 'NONE', *, *, #2033, .T. ) ;
#2189 = ORIENTED_EDGE ( 'NONE', *, *, #388, .T. ) ;
#2190 = ORIENTED_EDGE ( 'NONE', *, *, #2056, .F. ) ;
#2191 = ORIENTED_EDGE ( 'NONE', *, *, #419, .F. ) ;
#2192 = ORIENTED_EDGE ( 'NONE', *, *, #2034, .T. ) ;
#2193 = ORIENTED_EDGE ( 'NONE', *, *, #382, .T. ) ;
#2194 = ORIENTED_EDGE ( 'NONE', *, *, #381, .T. ) ;
#2195 = ORIENTED_EDGE ( 'NONE', *, *, #430, .F. ) ;
#2196 = ORIENTED_EDGE ( 'NONE', *, *, #2049, .T. ) ;
#2197 = ORIENTED_EDGE ( 'NONE', *, *, #2038, .T. ) ;
#2198 = ORIENTED_EDGE ( 'NONE', *, *, #2036, .T. ) ;
#2199 = ORIENTED_EDGE ( 'NONE', *, *, #376, .F. ) ;
#2200 = ORIENTED_EDGE ( 'NONE', *, *, #405, .F. ) ;
#2201 = ORIENTED_EDGE ( 'NONE', *, *, #396, .T. ) ;
#2202 = ORIENTED_EDGE ( 'NONE', *, *, #2041, .F. ) ;
#2203 = ORIENTED_EDGE ( 'NONE', *, *, #395, .T. ) ;
#2204 = ORIENTED_EDGE ( 'NONE', *, *, #427, .T. ) ;
#2205 = ORIENTED_EDGE ( 'NONE', *, *, #2063, .T. ) ;
#2206 = ORIENTED_EDGE ( 'NONE', *, *, #2057, .F. ) ;
#2207 = ORIENTED_EDGE ( 'NONE', *, *, #443, .T. ) ;
#2208 = ORIENTED_EDGE ( 'NONE', *, *, #440, .F. ) ;
#2209 = ORIENTED_EDGE ( 'NONE', *, *, #420, .T. ) ;
#2210 = ORIENTED_EDGE ( 'NONE', *, *, #435, .T. ) ;
#2211 = ORIENTED_EDGE ( 'NONE', *, *, #441, .T. ) ;
#2212 = ORIENTED_EDGE ( 'NONE', *, *, #380, .T. ) ;
#2213 = ORIENTED_EDGE ( 'NONE', *, *, #438, .T. ) ;
#2214 = ORIENTED_EDGE ( 'NONE', *, *, #423, .F. ) ;
#2215 = ORIENTED_EDGE ( 'NONE', *, *, #429, .T. ) ;
#2216 = ORIENTED_EDGE ( 'NONE', *, *, #426, .F. ) ;
#2217 = ORIENTED_EDGE ( 'NONE', *, *, #432, .F. ) ;
#2218 = ORIENTED_EDGE ( 'NONE', *, *, #417, .F. ) ;
#2219 = ORIENTED_EDGE ( 'NONE', *, *, #433, .F. ) ;
#2220 = ORIENTED_EDGE ( 'NONE', *, *, #431, .F. ) ;
#2221 = ORIENTED_EDGE ( 'NONE', *, *, #407, .F. ) ;
#2222 = ORIENTED_EDGE ( 'NONE', *, *, #428, .T. ) ;
#2223 = ORIENTED_EDGE ( 'NONE', *, *, #444, .T. ) ;
#2224 = ORIENTED_EDGE ( 'NONE', *, *, #2045, .T. ) ;
#2225 = ORIENTED_EDGE ( 'NONE', *, *, #425, .F. ) ;
#2226 = ORIENTED_EDGE ( 'NONE', *, *, #376, .T. ) ;
#2227 = ORIENTED_EDGE ( 'NONE', *, *, #404, .F. ) ;
#2228 = ORIENTED_EDGE ( 'NONE', *, *, #437, .F. ) ;
#2229 = CARTESIAN_POINT ( 'NONE',  ( 15.29581562292660000, 21.16514212308770100, -42.00000000000000000 ) ) ;
#2230 = SURFACE_SIDE_STYLE ('',( #815 ) ) ;
#2231 = SURFACE_STYLE_USAGE ( .BOTH. , #2230 ) ;
#2232 = FILL_AREA_STYLE ('',( #2234 ) ) ;
#2233 =( NAMED_UNIT ( * ) PLANE_ANGLE_UNIT ( ) SI_UNIT ( $, .RADIAN. ) );
#2234 = FILL_AREA_STYLE_COLOUR ( '', #823 ) ;
#2235 =( LENGTH_UNIT ( ) NAMED_UNIT ( * ) SI_UNIT ( .MILLI., .METRE. ) );
#2236 = DIRECTION ( 'NONE',  ( 0.1396943646708926600, 0.9901946699913081200, 0.0000000000000000000 ) ) ;
#2237 =( NAMED_UNIT ( * ) SI_UNIT ( $, .STERADIAN. ) SOLID_ANGLE_UNIT ( ) );
#2238 = CARTESIAN_POINT ( 'NONE',  ( -80.13285617855014200, 59.79078283273142300, -172.4403283812272900 ) ) ;
#2239 = CARTESIAN_POINT ( 'NONE',  ( 15.00000000000009900, 21.09447276028269900, -42.00000000000000000 ) ) ;
#2240 = DIRECTION ( 'NONE',  ( 0.08715574274765845700, -2.322295495842179000E-016, 0.9961946980917455500 ) ) ;
#2241 = DIRECTION ( 'NONE',  ( 0.0000000000000000000, 2.135044278125299400E-015, 1.000000000000000000 ) ) ;
#2242 = CARTESIAN_POINT ( 'NONE',  ( 50.21957178599720400, 53.85909520578240300, -45.04269470794900300 ) ) ;
#2243 = DIRECTION ( 'NONE',  ( 0.9961946980917455500, 0.0000000000000000000, -0.08715574274765829100 ) ) ;
#2244 = PLANE ( 'NONE',  #988 ) ;
#2245 = CARTESIAN_POINT ( 'NONE',  ( 30.48957579059920100, 56.64255722498370500, -43.31654372693979800 ) ) ;
#2246 = FILL_AREA_STYLE_COLOUR ( '', #828 ) ;
#2247 = FILL_AREA_STYLE ('',( #2246 ) ) ;
#2248 = SURFACE_STYLE_USAGE ( .BOTH. , #2254 ) ;
#2249 =( NAMED_UNIT ( * ) SI_UNIT ( $, .STERADIAN. ) SOLID_ANGLE_UNIT ( ) );
#2250 =( LENGTH_UNIT ( ) NAMED_UNIT ( * ) SI_UNIT ( .MILLI., .METRE. ) );
#2251 = DIRECTION ( 'NONE',  ( 0.9864997997699044300, -0.1391731009600660800, -0.08630754905046095200 ) ) ;
#2252 =( NAMED_UNIT ( * ) PLANE_ANGLE_UNIT ( ) SI_UNIT ( $, .RADIAN. ) );
#2253 = DIRECTION ( 'NONE',  ( 0.0000000000000000000, 1.000000000000000000, -1.715124499442879900E-015 ) ) ;
#2254 = SURFACE_SIDE_STYLE ('',( #811 ) ) ;
#2255 = UNCERTAINTY_MEASURE_WITH_UNIT (LENGTH_MEASURE( 1.000000000000000100E-005 ), #2235, 'distance_accuracy_value', 'NONE');
#2256 = UNCERTAINTY_MEASURE_WITH_UNIT (LENGTH_MEASURE( 1.000000000000000100E-005 ), #1069, 'distance_accuracy_value', 'NONE');
#2257 = UNCERTAINTY_MEASURE_WITH_UNIT (LENGTH_MEASURE( 1.000000000000000100E-005 ), #1817, 'distance_accuracy_value', 'NONE');
#2258 = UNCERTAINTY_MEASURE_WITH_UNIT (LENGTH_MEASURE( 1.000000000000000100E-005 ), #1825, 'distance_accuracy_value', 'NONE');
#2259 = UNCERTAINTY_MEASURE_WITH_UNIT (LENGTH_MEASURE( 1.000000000000000100E-005 ), #1856, 'distance_accuracy_value', 'NONE');
#2260 = UNCERTAINTY_MEASURE_WITH_UNIT (LENGTH_MEASURE( 1.000000000000000100E-005 ), #2250, 'distance_accuracy_value', 'NONE');
#2261 = UNCERTAINTY_MEASURE_WITH_UNIT (LENGTH_MEASURE( 1.000000000000000100E-005 ), #1916, 'distance_accuracy_value', 'NONE');
#2262 = UNCERTAINTY_MEASURE_WITH_UNIT (LENGTH_MEASURE( 1.000000000000000100E-005 ), #1890, 'distance_accuracy_value', 'NONE');
#2263 = UNCERTAINTY_MEASURE_WITH_UNIT (LENGTH_MEASURE( 1.000000000000000100E-005 ), #1814, 'distance_accuracy_value', 'NONE');
#2264 = UNCERTAINTY_MEASURE_WITH_UNIT (LENGTH_MEASURE( 1.000000000000000100E-005 ), #1868, 'distance_accuracy_value', 'NONE');
#2265 = UNCERTAINTY_MEASURE_WITH_UNIT (LENGTH_MEASURE( 1.000000000000000100E-005 ), #1082, 'distance_accuracy_value', 'NONE');
#2266 = UNCERTAINTY_MEASURE_WITH_UNIT (LENGTH_MEASURE( 1.000000000000000100E-005 ), #1126, 'distance_accuracy_value', 'NONE');
#2267 = UNCERTAINTY_MEASURE_WITH_UNIT (LENGTH_MEASURE( 1.000000000000000100E-005 ), #1139, 'distance_accuracy_value', 'NONE');
#2268 = UNCERTAINTY_MEASURE_WITH_UNIT (LENGTH_MEASURE( 1.000000000000000100E-005 ), #1142, 'distance_accuracy_value', 'NONE');
ENDSEC;
END-ISO-10303-21;
