ISO-10303-21;
HEADER;
FILE_DESCRIPTION (( 'STEP AP214' ),
    '1' );
FILE_NAME ('bracket-mod-R.STEP',
    '2026-06-27T21:02:52',
    ( '' ),
    ( '' ),
    'SwSTEP 2.0',
    'SolidWorks 2010',
    '' );
FILE_SCHEMA (( 'AUTOMOTIVE_DESIGN' ));
ENDSEC;

DATA;
#1 = DIRECTION ( 'NONE',  ( 0.9961946980917454300, 0.0000000000000000000, 0.08715574274765840200 ) ) ;
#2 = CARTESIAN_POINT ( 'NONE',  ( -0.6141732283464567100, 0.2079048359343166300, 0.2480314960629921300 ) ) ;
#3 = VERTEX_POINT ( 'NONE', #23 ) ;
#4 = VERTEX_POINT ( 'NONE', #125 ) ;
#5 = VERTEX_POINT ( 'NONE', #2 ) ;
#6 = VERTEX_POINT ( 'NONE', #84 ) ;
#7 = VERTEX_POINT ( 'NONE', #29 ) ;
#8 = VERTEX_POINT ( 'NONE', #46 ) ;
#9 = VERTEX_POINT ( 'NONE', #35 ) ;
#10 = VERTEX_POINT ( 'NONE', #48 ) ;
#11 = VERTEX_POINT ( 'NONE', #49 ) ;
#12 = VERTEX_POINT ( 'NONE', #62 ) ;
#13 = VERTEX_POINT ( 'NONE', #77 ) ;
#14 = VERTEX_POINT ( 'NONE', #71 ) ;
#15 = VERTEX_POINT ( 'NONE', #73 ) ;
#16 = VERTEX_POINT ( 'NONE', #78 ) ;
#17 = VERTEX_POINT ( 'NONE', #137 ) ;
#18 = VERTEX_POINT ( 'NONE', #139 ) ;
#19 = VERTEX_POINT ( 'NONE', #127 ) ;
#20 = VERTEX_POINT ( 'NONE', #133 ) ;
#21 = VERTEX_POINT ( 'NONE', #149 ) ;
#22 = VERTEX_POINT ( 'NONE', #144 ) ;
#23 = CARTESIAN_POINT ( 'NONE',  ( -0.6141732283464567100, -0.2330400459554471700, 0.2480314960629921300 ) ) ;
#24 = VERTEX_POINT ( 'NONE', #131 ) ;
#25 = VERTEX_POINT ( 'NONE', #140 ) ;
#26 = VERTEX_POINT ( 'NONE', #148 ) ;
#27 = VERTEX_POINT ( 'NONE', #132 ) ;
#28 = VERTEX_POINT ( 'NONE', #128 ) ;
#29 = CARTESIAN_POINT ( 'NONE',  ( -0.1732283464566929900, -0.2330400459554472200, 0.0000000000000000000 ) ) ;
#30 = DIRECTION ( 'NONE',  ( 1.000000000000000000, -2.664928188552402800E-015, 0.0000000000000000000 ) ) ;
#31 = FILL_AREA_STYLE_COLOUR ( '', #1474 ) ;
#32 = VERTEX_POINT ( 'NONE', #138 ) ;
#33 = VERTEX_POINT ( 'NONE', #134 ) ;
#34 = VERTEX_POINT ( 'NONE', #135 ) ;
#35 = CARTESIAN_POINT ( 'NONE',  ( -3.543307086614173200, 0.7072855937084054900, 0.0000000000000000000 ) ) ;
#36 = VERTEX_POINT ( 'NONE', #136 ) ;
#37 =( NAMED_UNIT ( * ) SI_UNIT ( $, .STERADIAN. ) SOLID_ANGLE_UNIT ( ) );
#38 = VERTEX_POINT ( 'NONE', #143 ) ;
#39 = CARTESIAN_POINT ( 'NONE',  ( -2.755905511811024100, 0.7072855937084054900, 0.0000000000000000000 ) ) ;
#40 = VERTEX_POINT ( 'NONE', #145 ) ;
#41 =( LENGTH_UNIT ( ) NAMED_UNIT ( * ) SI_UNIT ( $, .METRE. ) );
#42 = SURFACE_SIDE_STYLE ('',( #1444 ) ) ;
#43 = VERTEX_POINT ( 'NONE', #142 ) ;
#44 = DIRECTION ( 'NONE',  ( 0.0000000000000000000, 0.0000000000000000000, -1.000000000000000000 ) ) ;
#45 = DIRECTION ( 'NONE',  ( -1.000000000000000000, 0.0000000000000000000, 0.0000000000000000000 ) ) ;
#46 = CARTESIAN_POINT ( 'NONE',  ( -0.1732283464566929700, -0.2330400459554471700, 0.2480314960629921300 ) ) ;
#47 = VERTEX_POINT ( 'NONE', #146 ) ;
#48 = CARTESIAN_POINT ( 'NONE',  ( -3.543307086614173200, 1.955936331997307300, 0.0000000000000000000 ) ) ;
#49 = CARTESIAN_POINT ( 'NONE',  ( -1.968503937007874100, 1.168534757194157600, 0.2480314960629921300 ) ) ;
#50 = VERTEX_POINT ( 'NONE', #147 ) ;
#51 = VERTEX_POINT ( 'NONE', #157 ) ;
#52 = SURFACE_SIDE_STYLE ('',( #1461 ) ) ;
#53 = VERTEX_POINT ( 'NONE', #165 ) ;
#54 = FILL_AREA_STYLE ('',( #31 ) ) ;
#55 = VERTEX_POINT ( 'NONE', #192 ) ;
#56 = SURFACE_STYLE_USAGE ( .BOTH. , #52 ) ;
#57 = VERTEX_POINT ( 'NONE', #193 ) ;
#58 = SURFACE_STYLE_USAGE ( .BOTH. , #189 ) ;
#59 = VERTEX_POINT ( 'NONE', #194 ) ;
#60 = SURFACE_STYLE_USAGE ( .BOTH. , #42 ) ;
#61 = VERTEX_POINT ( 'NONE', #195 ) ;
#62 = CARTESIAN_POINT ( 'NONE',  ( 0.6252419117786941500, -0.7999691798137165100, 0.001514630011513654100 ) ) ;
#63 =( LENGTH_UNIT ( ) NAMED_UNIT ( * ) SI_UNIT ( $, .METRE. ) );
#64 = VERTEX_POINT ( 'NONE', #196 ) ;
#65 =( LENGTH_UNIT ( ) NAMED_UNIT ( * ) SI_UNIT ( $, .METRE. ) );
#66 = VERTEX_POINT ( 'NONE', #197 ) ;
#67 =( CONVERSION_BASED_UNIT ( 'INCH', #1480 ) LENGTH_UNIT ( ) NAMED_UNIT ( #2401 ) );
#68 = VERTEX_POINT ( 'NONE', #199 ) ;
#69 =( NAMED_UNIT ( * ) SI_UNIT ( $, .STERADIAN. ) SOLID_ANGLE_UNIT ( ) );
#70 = VERTEX_POINT ( 'NONE', #198 ) ;
#71 = CARTESIAN_POINT ( 'NONE',  ( 0.5905511811023642600, 0.8304910535544347500, 0.0000000000000000000 ) ) ;
#72 =( NAMED_UNIT ( * ) PLANE_ANGLE_UNIT ( ) SI_UNIT ( $, .RADIAN. ) );
#73 = CARTESIAN_POINT ( 'NONE',  ( 0.2997742221919476600, 0.7748339697925826800, 0.0000000000000000000 ) ) ;
#74 = VERTEX_POINT ( 'NONE', #200 ) ;
#75 = VERTEX_POINT ( 'NONE', #201 ) ;
#76 =( NAMED_UNIT ( * ) PLANE_ANGLE_UNIT ( ) SI_UNIT ( $, .RADIAN. ) );
#77 = CARTESIAN_POINT ( 'NONE',  ( -0.1732283464566929400, 0.2079048359343166100, 0.2480314960629921300 ) ) ;
#78 = CARTESIAN_POINT ( 'NONE',  ( -0.1732283464566929400, 0.2079048359343166100, 0.0000000000000000000 ) ) ;
#79 = VERTEX_POINT ( 'NONE', #202 ) ;
#80 = VERTEX_POINT ( 'NONE', #238 ) ;
#81 = VERTEX_POINT ( 'NONE', #246 ) ;
#82 = VERTEX_POINT ( 'NONE', #225 ) ;
#83 = VERTEX_POINT ( 'NONE', #234 ) ;
#84 = CARTESIAN_POINT ( 'NONE',  ( -2.592829306152323100, -0.5693445980708397000, 0.0000000000000000000 ) ) ;
#85 = VERTEX_POINT ( 'NONE', #226 ) ;
#86 = VERTEX_POINT ( 'NONE', #203 ) ;
#87 = VERTEX_POINT ( 'NONE', #216 ) ;
#88 = VERTEX_POINT ( 'NONE', #240 ) ;
#89 = VERTEX_POINT ( 'NONE', #219 ) ;
#90 = VERTEX_POINT ( 'NONE', #214 ) ;
#91 = VERTEX_POINT ( 'NONE', #243 ) ;
#92 = VERTEX_POINT ( 'NONE', #230 ) ;
#93 = VERTEX_POINT ( 'NONE', #206 ) ;
#94 = VERTEX_POINT ( 'NONE', #253 ) ;
#95 = FILL_AREA_STYLE_COLOUR ( '', #1463 ) ;
#96 = VERTEX_POINT ( 'NONE', #220 ) ;
#97 = FILL_AREA_STYLE ('',( #95 ) ) ;
#98 = VERTEX_POINT ( 'NONE', #210 ) ;
#99 = DIRECTION ( 'NONE',  ( -0.9961946980917455500, 1.494829496536509200E-016, -0.08715574274765886000 ) ) ;
#100 = VERTEX_POINT ( 'NONE', #223 ) ;
#101 = VERTEX_POINT ( 'NONE', #204 ) ;
#102 = DIRECTION ( 'NONE',  ( -0.08715574274765884600, 0.0000000000000000000, 0.9961946980917454300 ) ) ;
#103 = VERTEX_POINT ( 'NONE', #208 ) ;
#104 =( CONVERSION_BASED_UNIT ( 'INCH', #1456 ) LENGTH_UNIT ( ) NAMED_UNIT ( #2398 ) );
#105 = VERTEX_POINT ( 'NONE', #233 ) ;
#106 = VERTEX_POINT ( 'NONE', #209 ) ;
#107 = VERTEX_POINT ( 'NONE', #213 ) ;
#108 = VERTEX_POINT ( 'NONE', #224 ) ;
#109 =( CONVERSION_BASED_UNIT ( 'INCH', #1441 ) LENGTH_UNIT ( ) NAMED_UNIT ( #2396 ) );
#110 = VERTEX_POINT ( 'NONE', #207 ) ;
#111 = VERTEX_POINT ( 'NONE', #252 ) ;
#112 = VERTEX_POINT ( 'NONE', #217 ) ;
#113 = VERTEX_POINT ( 'NONE', #229 ) ;
#114 = VERTEX_POINT ( 'NONE', #227 ) ;
#115 = VERTEX_POINT ( 'NONE', #218 ) ;
#116 = VERTEX_POINT ( 'NONE', #221 ) ;
#117 = VERTEX_POINT ( 'NONE', #237 ) ;
#118 = VERTEX_POINT ( 'NONE', #211 ) ;
#119 = VERTEX_POINT ( 'NONE', #231 ) ;
#120 = VERTEX_POINT ( 'NONE', #212 ) ;
#121 = VERTEX_POINT ( 'NONE', #236 ) ;
#122 = VERTEX_POINT ( 'NONE', #241 ) ;
#123 = VERTEX_POINT ( 'NONE', #248 ) ;
#124 = VERTEX_POINT ( 'NONE', #228 ) ;
#125 = CARTESIAN_POINT ( 'NONE',  ( -1.968503937007874100, 1.955936331997307300, 0.2480314960629921300 ) ) ;
#126 = VERTEX_POINT ( 'NONE', #239 ) ;
#127 = CARTESIAN_POINT ( 'NONE',  ( -3.154836857423235100, 2.353967828060294000, 4.879540487449904000 ) ) ;
#128 = CARTESIAN_POINT ( 'NONE',  ( -2.592829306152325300, -0.5693445980708394800, 0.2480314960629921300 ) ) ;
#129 =( NAMED_UNIT ( * ) PLANE_ANGLE_UNIT ( ) SI_UNIT ( $, .RADIAN. ) );
#130 =( NAMED_UNIT ( * ) SI_UNIT ( $, .STERADIAN. ) SOLID_ANGLE_UNIT ( ) );
#131 = CARTESIAN_POINT ( 'NONE',  ( -3.312682504871297300, 0.1505086006481340900, 0.2480314960629921300 ) ) ;
#132 = CARTESIAN_POINT ( 'NONE',  ( 0.2997742221919477100, 0.7748339697925826800, 0.2480314960629921300 ) ) ;
#133 = CARTESIAN_POINT ( 'NONE',  ( -2.984762985237460000, 2.105936331997304600, 2.918397865518944600 ) ) ;
#134 = CARTESIAN_POINT ( 'NONE',  ( -1.574803149606299300, 0.7748339697925825700, 0.2480314960629921300 ) ) ;
#135 = CARTESIAN_POINT ( 'NONE',  ( -1.968503937007874100, 1.168534757194157600, 0.0000000000000000000 ) ) ;
#136 = CARTESIAN_POINT ( 'NONE',  ( -0.6141732283464567100, -0.2330400459554471700, 0.0000000000000000000 ) ) ;
#137 = CARTESIAN_POINT ( 'NONE',  ( -3.312682504871296900, 0.1505086006481325400, 0.0000000000000000000 ) ) ;
#138 = CARTESIAN_POINT ( 'NONE',  ( -3.543307086614173200, 0.7072855937084054900, 0.2480314960629921300 ) ) ;
#139 = CARTESIAN_POINT ( 'NONE',  ( -0.6141732283464568200, 0.2079048359343166100, 0.0000000000000000000 ) ) ;
#140 = CARTESIAN_POINT ( 'NONE',  ( 0.5905511811023631500, -0.7999691798137166200, 0.0000000000000000000 ) ) ;
#141 = CARTESIAN_POINT ( 'NONE',  ( 0.5905511811023661500, -0.01256760501056437000, 0.3980314960629921000 ) ) ;
#142 = CARTESIAN_POINT ( 'NONE',  ( -1.574803149606299300, 0.7748339697925826800, 0.0000000000000000000 ) ) ;
#143 = CARTESIAN_POINT ( 'NONE',  ( -1.968503937007874100, 1.955936331997307300, 0.0000000000000000000 ) ) ;
#144 = CARTESIAN_POINT ( 'NONE',  ( -3.154836857423235100, 2.105936331997301500, 4.879540487449903100 ) ) ;
#145 = CARTESIAN_POINT ( 'NONE',  ( -2.036052313092051600, -0.7999691798137159600, 0.0000000000000000000 ) ) ;
#146 = CARTESIAN_POINT ( 'NONE',  ( 2.210462840326114600, 2.120436819125291400, 0.3891824265270382200 ) ) ;
#147 = CARTESIAN_POINT ( 'NONE',  ( -3.237634772407845600, 2.353967828060293100, 6.372114705109185100 ) ) ;
#148 = CARTESIAN_POINT ( 'NONE',  ( -2.036052313092051600, -0.7999691798137160700, 0.2480314960629921300 ) ) ;
#149 = CARTESIAN_POINT ( 'NONE',  ( -3.154836857423235100, 2.105936331997300600, 5.391351511071951200 ) ) ;
#150 =( CONVERSION_BASED_UNIT ( 'INCH', #1424 ) LENGTH_UNIT ( ) NAMED_UNIT ( #2393 ) );
#151 =( NAMED_UNIT ( * ) PLANE_ANGLE_UNIT ( ) SI_UNIT ( $, .RADIAN. ) );
#152 =( NAMED_UNIT ( * ) SI_UNIT ( $, .STERADIAN. ) SOLID_ANGLE_UNIT ( ) );
#153 = PLANE ( 'NONE',  #1629 ) ;
#154 = CARTESIAN_POINT ( 'NONE',  ( 0.9842519685039370400, 0.7748339697925827900, 0.0000000000000000000 ) ) ;
#155 = FILL_AREA_STYLE_COLOUR ( '', #1430 ) ;
#156 = DIRECTION ( 'NONE',  ( -1.776356839400250100E-016, 1.000000000000000000, 0.0000000000000000000 ) ) ;
#157 = CARTESIAN_POINT ( 'NONE',  ( 2.322310057011896900, 0.06731912968119409300, 0.1499888539503857800 ) ) ;
#158 = DIRECTION ( 'NONE',  ( 0.0000000000000000000, 2.135044278125299400E-015, -1.000000000000000000 ) ) ;
#159 = FILL_AREA_STYLE_COLOUR ( '', #1449 ) ;
#160 = FILL_AREA_STYLE ('',( #159 ) ) ;
#161 =( LENGTH_UNIT ( ) NAMED_UNIT ( * ) SI_UNIT ( $, .METRE. ) );
#162 =( NAMED_UNIT ( * ) PLANE_ANGLE_UNIT ( ) SI_UNIT ( $, .RADIAN. ) );
#163 = SURFACE_SIDE_STYLE ('',( #1422 ) ) ;
#164 =( NAMED_UNIT ( * ) SI_UNIT ( $, .STERADIAN. ) SOLID_ANGLE_UNIT ( ) );
#165 = CARTESIAN_POINT ( 'NONE',  ( -2.900472324417491700, 2.105936331997305900, 1.937761836197970300 ) ) ;
#166 =( LENGTH_UNIT ( ) NAMED_UNIT ( * ) SI_UNIT ( $, .METRE. ) );
#167 = DIRECTION ( 'NONE',  ( -1.000000000000000000, -1.776356839400250100E-016, 0.0000000000000000000 ) ) ;
#168 = DIRECTION ( 'NONE',  ( -2.664535259100380000E-015, -1.000000000000000000, 0.0000000000000000000 ) ) ;
#169 = CARTESIAN_POINT ( 'NONE',  ( -3.154836857423235100, 2.353967828060293600, 5.135445999260928000 ) ) ;
#170 = SURFACE_SIDE_STYLE ('',( #1419 ) ) ;
#171 = SURFACE_STYLE_USAGE ( .BOTH. , #170 ) ;
#172 = SURFACE_STYLE_USAGE ( .BOTH. , #163 ) ;
#173 =( CONVERSION_BASED_UNIT ( 'INCH', #1434 ) LENGTH_UNIT ( ) NAMED_UNIT ( #2399 ) );
#174 = FILL_AREA_STYLE ('',( #155 ) ) ;
#175 = DIRECTION ( 'NONE',  ( 0.0000000000000000000, -1.000000000000000000, -1.715124499442879900E-015 ) ) ;
#176 =( NAMED_UNIT ( * ) SI_UNIT ( $, .STERADIAN. ) SOLID_ANGLE_UNIT ( ) );
#177 =( CONVERSION_BASED_UNIT ( 'INCH', #1439 ) LENGTH_UNIT ( ) NAMED_UNIT ( #2404 ) );
#178 = CARTESIAN_POINT ( 'NONE',  ( 1.977148495511700900, 2.120436819125291400, 0.1197911302342122100 ) ) ;
#179 = PLANE ( 'NONE',  #1633 ) ;
#180 = CARTESIAN_POINT ( 'NONE',  ( -3.850473623104886400, 2.353967828060295400, 4.086569431449291300 ) ) ;
#181 = DIRECTION ( 'NONE',  ( 0.9961946980917454300, 0.0000000000000000000, 0.08715574274765840200 ) ) ;
#182 = FILL_AREA_STYLE_COLOUR ( '', #1448 ) ;
#183 = FILL_AREA_STYLE_COLOUR ( '', #1445 ) ;
#184 =( NAMED_UNIT ( * ) PLANE_ANGLE_UNIT ( ) SI_UNIT ( $, .RADIAN. ) );
#185 = FILL_AREA_STYLE ('',( #182 ) ) ;
#186 = DIRECTION ( 'NONE',  ( -0.08715574274765845700, 2.322295495842179000E-016, 0.9961946980917455500 ) ) ;
#187 = SURFACE_STYLE_USAGE ( .BOTH. , #191 ) ;
#188 = FILL_AREA_STYLE ('',( #183 ) ) ;
#189 = SURFACE_SIDE_STYLE ('',( #1451 ) ) ;
#190 =( LENGTH_UNIT ( ) NAMED_UNIT ( * ) SI_UNIT ( $, .METRE. ) );
#191 = SURFACE_SIDE_STYLE ('',( #1436 ) ) ;
#192 = CARTESIAN_POINT ( 'NONE',  ( -2.900472324417491700, 2.105936331997304600, 2.449572859820017300 ) ) ;
#193 = CARTESIAN_POINT ( 'NONE',  ( -3.069053646057427800, 2.105936331997304600, 4.410844918461966900 ) ) ;
#194 = CARTESIAN_POINT ( 'NONE',  ( 1.700599412168921400, 2.120436819125291400, 0.3445751566168193100 ) ) ;
#195 = CARTESIAN_POINT ( 'NONE',  ( 1.111793369187701800, -0.7999691798137162900, 0.2930613028404048200 ) ) ;
#196 = CARTESIAN_POINT ( 'NONE',  ( -3.069053646057427800, 2.105936331997305900, 3.899033894839919200 ) ) ;
#197 = CARTESIAN_POINT ( 'NONE',  ( 0.6036245425145121400, -0.7999691798137166200, 0.2486022913492303100 ) ) ;
#198 = CARTESIAN_POINT ( 'NONE',  ( -2.984762985237460000, 2.105936331997303700, 3.430208889140992800 ) ) ;
#199 = CARTESIAN_POINT ( 'NONE',  ( -4.022040046166167400, 2.105936331997303200, 6.047582620437389700 ) ) ;
#200 = CARTESIAN_POINT ( 'NONE',  ( -3.069053646057427800, 2.353967828060296700, 4.410844918461967800 ) ) ;
#201 = CARTESIAN_POINT ( 'NONE',  ( -2.900472324417491700, 2.353967828060296700, 2.449572859820018200 ) ) ;
#202 = CARTESIAN_POINT ( 'NONE',  ( 2.300692687747715000, 0.06731912968119457800, 0.3970765152881013900 ) ) ;
#203 = CARTESIAN_POINT ( 'NONE',  ( -2.450748668653230000, 2.353967828060293600, 6.087722359139887000 ) ) ;
#204 = CARTESIAN_POINT ( 'NONE',  ( 2.753919991393518200, 2.010851700259097500, 0.1877498302739451200 ) ) ;
#205 = DIRECTION ( 'NONE',  ( 0.0000000000000000000, -1.601283208593974400E-015, 1.000000000000000000 ) ) ;
#206 = CARTESIAN_POINT ( 'NONE',  ( 1.133410738451884800, -0.7999691798137160700, 0.04597364150268850500 ) ) ;
#207 = CARTESIAN_POINT ( 'NONE',  ( 2.232080209590297400, 2.120436819125291400, 0.1420947651893215100 ) ) ;
#208 = CARTESIAN_POINT ( 'NONE',  ( -1.968503937007873600, 2.353967828060299800, 0.5756398537024177700 ) ) ;
#209 = CARTESIAN_POINT ( 'NONE',  ( -3.543307086614173200, 2.353967828060300200, 0.3980314960629924300 ) ) ;
#210 = CARTESIAN_POINT ( 'NONE',  ( 1.722216781433104400, 2.120436819125291400, 0.09748749527910260900 ) ) ;
#211 = CARTESIAN_POINT ( 'NONE',  ( 0.5905511811023641500, 0.8304910535544348700, 0.2480314960629921300 ) ) ;
#212 = CARTESIAN_POINT ( 'NONE',  ( 0.6036245425145183600, 0.8391381337232004500, 0.2486022913492303400 ) ) ;
#213 = CARTESIAN_POINT ( 'NONE',  ( -3.237634772407845600, 2.105936331997301500, 5.860303681487137000 ) ) ;
#214 = CARTESIAN_POINT ( 'NONE',  ( 1.666451657693811300, -0.5693445980708402600, 0.3415876152153808400 ) ) ;
#215 =( CONVERSION_BASED_UNIT ( 'INCH', #2232 ) LENGTH_UNIT ( ) NAMED_UNIT ( #1335 ) );
#216 = CARTESIAN_POINT ( 'NONE',  ( -3.069053646057427800, 2.353967828060298000, 3.899033894839920600 ) ) ;
#217 = CARTESIAN_POINT ( 'NONE',  ( 2.761553769599689900, 2.120436819125291400, 0.1884176993268564200 ) ) ;
#218 = CARTESIAN_POINT ( 'NONE',  ( 0.5905511811023631500, -0.7999691798137166200, 0.2480314960629921300 ) ) ;
#219 = CARTESIAN_POINT ( 'NONE',  ( 1.091540296945740000, 1.452650425729538100, 0.04231045253407483800 ) ) ;
#220 = CARTESIAN_POINT ( 'NONE',  ( -3.154836857423235100, 2.353967828060293100, 5.391351511071952100 ) ) ;
#221 = CARTESIAN_POINT ( 'NONE',  ( -3.237634772407845600, 2.105936331997300600, 6.372114705109185100 ) ) ;
#222 = SURFACE_STYLE_USAGE ( .BOTH. , #235 ) ;
#223 = CARTESIAN_POINT ( 'NONE',  ( -2.900472324417491700, 2.353967828060298000, 1.937761836197970900 ) ) ;
#224 = CARTESIAN_POINT ( 'NONE',  ( -2.984762985237460000, 2.353967828060295400, 3.430208889140993200 ) ) ;
#225 = CARTESIAN_POINT ( 'NONE',  ( -3.543307086614173200, 2.105936331997307200, 0.3980314960629921000 ) ) ;
#226 = CARTESIAN_POINT ( 'NONE',  ( 1.069922927681558300, 1.452650425729539000, 0.2893981138717912100 ) ) ;
#227 = CARTESIAN_POINT ( 'NONE',  ( 2.732302622129332700, 2.010851700259098900, 0.4348374916116613500 ) ) ;
#228 = CARTESIAN_POINT ( 'NONE',  ( -3.543307086614173200, 1.955936331997307300, 0.2480314960629921300 ) ) ;
#229 = CARTESIAN_POINT ( 'NONE',  ( -2.450748668653230500, 2.105936331997301000, 6.087722359139882600 ) ) ;
#230 = CARTESIAN_POINT ( 'NONE',  ( 2.739936400335507100, 2.120436819125291400, 0.4355053606645729600 ) ) ;
#231 = CARTESIAN_POINT ( 'NONE',  ( 1.178759630365706900, 2.230021937991484700, 0.2989200915321958400 ) ) ;
#232 = FILL_AREA_STYLE_COLOUR ( '', #2218 ) ;
#233 = CARTESIAN_POINT ( 'NONE',  ( -1.968503937007874100, 2.353967828060300200, 0.3980314960629924300 ) ) ;
#234 = CARTESIAN_POINT ( 'NONE',  ( -1.968503937007873600, 2.105936331997305900, 0.5756398537024213200 ) ) ;
#235 = SURFACE_SIDE_STYLE ('',( #2202 ) ) ;
#236 = CARTESIAN_POINT ( 'NONE',  ( 0.6252419117786973700, 0.8391381337232009000, 0.001514630011513933600 ) ) ;
#237 = CARTESIAN_POINT ( 'NONE',  ( 1.200376999629890300, 2.230021937991485600, 0.05183243019447932000 ) ) ;
#238 = CARTESIAN_POINT ( 'NONE',  ( -2.984762985237460000, 2.353967828060296300, 2.918397865518945500 ) ) ;
#239 = CARTESIAN_POINT ( 'NONE',  ( -3.543307086614173600, 2.105936331997306800, 0.5756398537024211000 ) ) ;
#240 = CARTESIAN_POINT ( 'NONE',  ( -1.968503937007873800, 2.105936331997307200, 0.3980314960629920400 ) ) ;
#241 = CARTESIAN_POINT ( 'NONE',  ( 2.544423264387601700, 0.5145110038752749300, 0.1694212416151425800 ) ) ;
#242 =( LENGTH_UNIT ( ) NAMED_UNIT ( * ) SI_UNIT ( $, .METRE. ) );
#243 = CARTESIAN_POINT ( 'NONE',  ( -4.022040046166167400, 2.353967828060292700, 6.047582620437389700 ) ) ;
#244 = FILL_AREA_STYLE ('',( #232 ) ) ;
#245 =( NAMED_UNIT ( * ) PLANE_ANGLE_UNIT ( ) SI_UNIT ( $, .RADIAN. ) );
#246 = CARTESIAN_POINT ( 'NONE',  ( 1.688069026957992800, -0.5693445980708401500, 0.09449995387766436900 ) ) ;
#247 = CARTESIAN_POINT ( 'NONE',  ( -2.984762985237460000, -0.7999691798137222900, 3.174303377329963800 ) ) ;
#248 = CARTESIAN_POINT ( 'NONE',  ( 2.522805895123418000, 0.5145110038752759300, 0.4165089029528579700 ) ) ;
#249 = DIRECTION ( 'NONE',  ( -0.0000000000000000000, 1.000000000000000000, 1.715124499442879900E-015 ) ) ;
#250 = CARTESIAN_POINT ( 'NONE',  ( -2.900472324417491700, 2.353967828060297100, 2.193667348008994500 ) ) ;
#251 = DIRECTION ( 'NONE',  ( 0.0000000000000000000, 1.000000000000000000, 1.715124499442879900E-015 ) ) ;
#252 = CARTESIAN_POINT ( 'NONE',  ( -3.543307086614172700, 2.353967828060300200, 0.5756398537024136600 ) ) ;
#253 = CARTESIAN_POINT ( 'NONE',  ( -3.237634772407845600, 2.353967828060294000, 5.860303681487137000 ) ) ;
#254 =( NAMED_UNIT ( * ) SI_UNIT ( $, .STERADIAN. ) SOLID_ANGLE_UNIT ( ) );
#255 = DIRECTION ( 'NONE',  ( 0.0000000000000000000, -2.135044278125301700E-015, 1.000000000000000000 ) ) ;
#256 = CARTESIAN_POINT ( 'NONE',  ( 1.977148495511700900, 2.120436819125291400, 0.1197911302342120600 ) ) ;
#257 = DIRECTION ( 'NONE',  ( 0.08715574274765845700, -2.322295495842179000E-016, -0.9961946980917455500 ) ) ;
#258 = UNCERTAINTY_MEASURE_WITH_UNIT (LENGTH_MEASURE( 1.000000000000000100E-005 ), #630, 'distance_accuracy_value', 'NONE');
#259 = UNCERTAINTY_MEASURE_WITH_UNIT (LENGTH_MEASURE( 1.000000000000000100E-005 ), #621, 'distance_accuracy_value', 'NONE');
#260 = UNCERTAINTY_MEASURE_WITH_UNIT (LENGTH_MEASURE( 1.000000000000000100E-005 ), #215, 'distance_accuracy_value', 'NONE');
#261 = B_SPLINE_CURVE_WITH_KNOTS ( 'NONE', 3,
 ( #1839, #1878, #1909, #1911 ),
 .UNSPECIFIED., .F., .F.,
 ( 4, 4 ),
 ( 0.0000000000000000000, 1.000000000000000000 ),
 .UNSPECIFIED. ) ;
#262 = B_SPLINE_CURVE_WITH_KNOTS ( 'NONE', 3,
 ( #1868, #1859, #1844, #1861 ),
 .UNSPECIFIED., .F., .F.,
 ( 4, 4 ),
 ( 0.0000000000000000000, 1.000000000000000000 ),
 .UNSPECIFIED. ) ;
#263 = MANIFOLD_SOLID_BREP ( 'Cut-Extrude1', #1991 ) ;
#264 = CYLINDRICAL_SURFACE ( 'NONE', #1710, 0.7874015748031497600 ) ;
#265 = PRESENTATION_STYLE_ASSIGNMENT (( #842 ) ) ;
#266 = SURFACE_STYLE_FILL_AREA ( #1261 ) ;
#267 = FACE_OUTER_BOUND ( 'NONE', #682, .T. ) ;
#268 = STYLED_ITEM ( 'NONE', ( #277 ), #1324 ) ;
#269 =( GEOMETRIC_REPRESENTATION_CONTEXT ( 3 ) GLOBAL_UNCERTAINTY_ASSIGNED_CONTEXT ( ( #469 ) ) GLOBAL_UNIT_ASSIGNED_CONTEXT ( ( #508, #520, #487 ) ) REPRESENTATION_CONTEXT ( 'NONE', 'WORKASPACE' ) );
#270 = FACE_OUTER_BOUND ( 'NONE', #724, .T. ) ;
#271 =( GEOMETRIC_REPRESENTATION_CONTEXT ( 3 ) GLOBAL_UNCERTAINTY_ASSIGNED_CONTEXT ( ( #452 ) ) GLOBAL_UNIT_ASSIGNED_CONTEXT ( ( #652, #816, #799 ) ) REPRESENTATION_CONTEXT ( 'NONE', 'WORKASPACE' ) );
#272 = PRESENTATION_STYLE_ASSIGNMENT (( #1279 ) ) ;
#273 = STYLED_ITEM ( 'NONE', ( #272 ), #446 ) ;
#274 = COLOUR_RGB ( '',0.6274509803921568500, 0.6274509803921568500, 0.6274509803921568500 ) ;
#275 = FACE_OUTER_BOUND ( 'NONE', #683, .T. ) ;
#276 = STYLED_ITEM ( 'NONE', ( #265 ), #1325 ) ;
#277 = PRESENTATION_STYLE_ASSIGNMENT (( #619 ) ) ;
#278 = LENGTH_MEASURE_WITH_UNIT ( LENGTH_MEASURE( 0.02539999999999999900 ), #519 );
#279 = SURFACE_STYLE_FILL_AREA ( #820 ) ;
#280 = LENGTH_MEASURE_WITH_UNIT ( LENGTH_MEASURE( 0.02539999999999999900 ), #648 );
#281 = LENGTH_MEASURE_WITH_UNIT ( LENGTH_MEASURE( 0.02539999999999999900 ), #829 );
#282 =( GEOMETRIC_REPRESENTATION_CONTEXT ( 3 ) GLOBAL_UNCERTAINTY_ASSIGNED_CONTEXT ( ( #470 ) ) GLOBAL_UNIT_ASSIGNED_CONTEXT ( ( #824, #825, #798 ) ) REPRESENTATION_CONTEXT ( 'NONE', 'WORKASPACE' ) );
#283 = SURFACE_STYLE_FILL_AREA ( #800 ) ;
#284 = COLOUR_RGB ( '',0.7529411764705882200, 0.7529411764705882200, 0.7529411764705882200 ) ;
#285 = COLOUR_RGB ( '',0.6274509803921568500, 0.6274509803921568500, 0.6274509803921568500 ) ;
#286 = PRESENTATION_STYLE_ASSIGNMENT (( #819 ) ) ;
#287 = STYLED_ITEM ( 'NONE', ( #286 ), #1326 ) ;
#288 = VECTOR ( 'NONE', #526, 39.37007874015748100 ) ;
#289 = LINE ( 'NONE', #524, #314 ) ;
#290 = VECTOR ( 'NONE', #1744, 39.37007874015748100 ) ;
#291 = LINE ( 'NONE', #1726, #302 ) ;
#292 = LINE ( 'NONE', #1746, #293 ) ;
#293 = VECTOR ( 'NONE', #1721, 39.37007874015748100 ) ;
#294 = CIRCLE ( 'NONE', #958, 0.2559055118110238300 ) ;
#295 = LINE ( 'NONE', #1941, #306 ) ;
#296 = VECTOR ( 'NONE', #1729, 39.37007874015748100 ) ;
#297 = CIRCLE ( 'NONE', #964, 0.2559055118110238300 ) ;
#298 = VECTOR ( 'NONE', #1743, 39.37007874015748100 ) ;
#299 = VECTOR ( 'NONE', #552, 39.37007874015748100 ) ;
#300 = CIRCLE ( 'NONE', #948, 0.7874015748031497600 ) ;
#301 = LINE ( 'NONE', #1735, #321 ) ;
#302 = VECTOR ( 'NONE', #1741, 39.37007874015748100 ) ;
#303 = LINE ( 'NONE', #1740, #290 ) ;
#304 = VECTOR ( 'NONE', #537, 39.37007874015748100 ) ;
#305 = LINE ( 'NONE', #523, #288 ) ;
#306 = VECTOR ( 'NONE', #1733, 39.37007874015748900 ) ;
#307 = VECTOR ( 'NONE', #1730, 39.37007874015748100 ) ;
#308 = LINE ( 'NONE', #1738, #317 ) ;
#309 = LINE ( 'NONE', #1749, #318 ) ;
#310 = VECTOR ( 'NONE', #565, 39.37007874015748100 ) ;
#311 = VECTOR ( 'NONE', #1947, 39.37007874015748100 ) ;
#312 = CIRCLE ( 'NONE', #962, 0.3980314960629921000 ) ;
#313 = CIRCLE ( 'NONE', #941, 0.7874015748031497600 ) ;
#314 = VECTOR ( 'NONE', #525, 39.37007874015748100 ) ;
#315 = CIRCLE ( 'NONE', #930, 0.2559055118110238300 ) ;
#316 = CIRCLE ( 'NONE', #955, 0.2559055118110238300 ) ;
#317 = VECTOR ( 'NONE', #1736, 39.37007874015748900 ) ;
#318 = VECTOR ( 'NONE', #1754, 39.37007874015748100 ) ;
#319 = VECTOR ( 'NONE', #1751, 39.37007874015748100 ) ;
#320 = LINE ( 'NONE', #561, #299 ) ;
#321 = VECTOR ( 'NONE', #1731, 39.37007874015748100 ) ;
#322 = CIRCLE ( 'NONE', #945, 0.2559055118110238300 ) ;
#323 = LINE ( 'NONE', #1723, #296 ) ;
#324 = LINE ( 'NONE', #1737, #298 ) ;
#325 = LINE ( 'NONE', #1734, #319 ) ;
#326 = LINE ( 'NONE', #564, #310 ) ;
#327 = CIRCLE ( 'NONE', #963, 0.7874015748031503200 ) ;
#328 = CIRCLE ( 'NONE', #947, 0.7874015748031497600 ) ;
#329 = LINE ( 'NONE', #1722, #307 ) ;
#330 = CIRCLE ( 'NONE', #929, 0.2559055118110238300 ) ;
#331 = CIRCLE ( 'NONE', #968, 0.2559055118110235600 ) ;
#332 = LINE ( 'NONE', #557, #304 ) ;
#333 = VECTOR ( 'NONE', #1732, 39.37007874015748100 ) ;
#334 = LENGTH_MEASURE_WITH_UNIT ( LENGTH_MEASURE( 0.02539999999999999900 ), #822 );
#335 = CIRCLE ( 'NONE', #952, 0.7874015748031497600 ) ;
#336 = LINE ( 'NONE', #1952, #333 ) ;
#337 = LINE ( 'NONE', #540, #360 ) ;
#338 = FACE_OUTER_BOUND ( 'NONE', #719, .T. ) ;
#339 = CIRCLE ( 'NONE', #965, 0.2559055118110238300 ) ;
#340 = VECTOR ( 'NONE', #610, 39.37007874015748900 ) ;
#341 = LINE ( 'NONE', #609, #361 ) ;
#342 = CIRCLE ( 'NONE', #972, 0.2559055118110235600 ) ;
#343 = CIRCLE ( 'NONE', #967, 0.3980314960629921000 ) ;
#344 = STYLED_ITEM ( 'NONE', ( #381 ), #1316 ) ;
#345 = LINE ( 'NONE', #571, #350 ) ;
#346 = LENGTH_MEASURE_WITH_UNIT ( LENGTH_MEASURE( 0.02539999999999999900 ), #593 );
#347 = FACE_OUTER_BOUND ( 'NONE', #690, .T. ) ;
#348 =( GEOMETRIC_REPRESENTATION_CONTEXT ( 3 ) GLOBAL_UNCERTAINTY_ASSIGNED_CONTEXT ( ( #665 ) ) GLOBAL_UNIT_ASSIGNED_CONTEXT ( ( #605, #599, #606 ) ) REPRESENTATION_CONTEXT ( 'NONE', 'WORKASPACE' ) );
#349 = VECTOR ( 'NONE', #577, 39.37007874015748100 ) ;
#350 = VECTOR ( 'NONE', #576, 39.37007874015748100 ) ;
#351 = LINE ( 'NONE', #574, #358 ) ;
#352 = SURFACE_STYLE_FILL_AREA ( #585 ) ;
#353 = PRESENTATION_STYLE_ASSIGNMENT (( #613 ) ) ;
#354 = LINE ( 'NONE', #591, #379 ) ;
#355 = CIRCLE ( 'NONE', #973, 0.2559055118110238300 ) ;
#356 = LINE ( 'NONE', #583, #340 ) ;
#357 = LINE ( 'NONE', #539, #373 ) ;
#358 = VECTOR ( 'NONE', #614, 39.37007874015748100 ) ;
#359 = LINE ( 'NONE', #611, #363 ) ;
#360 = VECTOR ( 'NONE', #550, 39.37007874015748900 ) ;
#361 = VECTOR ( 'NONE', #618, 39.37007874015748100 ) ;
#362 = COLOUR_RGB ( '',0.6274509803921568500, 0.6274509803921568500, 0.6274509803921568500 ) ;
#363 = VECTOR ( 'NONE', #604, 39.37007874015748100 ) ;
#364 = CIRCLE ( 'NONE', #974, 0.7874015748031495400 ) ;
#365 = SURFACE_STYLE_FILL_AREA ( #615 ) ;
#366 = CIRCLE ( 'NONE', #966, 0.7874015748031496500 ) ;
#367 = STYLED_ITEM ( 'NONE', ( #353 ), #1315 ) ;
#368 = CIRCLE ( 'NONE', #969, 0.2559055118110238300 ) ;
#369 = VECTOR ( 'NONE', #581, 39.37007874015748100 ) ;
#370 = SURFACE_STYLE_FILL_AREA ( #597 ) ;
#371 = CIRCLE ( 'NONE', #971, 0.2559055118110235600 ) ;
#372 = LINE ( 'NONE', #584, #349 ) ;
#373 = VECTOR ( 'NONE', #545, 39.37007874015748100 ) ;
#374 = CYLINDRICAL_SURFACE ( 'NONE', #975, 0.2559055118110238300 ) ;
#375 = COLOUR_RGB ( '',0.6274509803921568500, 0.6274509803921568500, 0.6274509803921568500 ) ;
#376 = LINE ( 'NONE', #608, #369 ) ;
#377 = CYLINDRICAL_SURFACE ( 'NONE', #983, 0.7874015748031496500 ) ;
#378 = FACE_BOUND ( 'NONE', #703, .T. ) ;
#379 = VECTOR ( 'NONE', #598, 39.37007874015747400 ) ;
#380 = COLOUR_RGB ( '',0.6274509803921568500, 0.6274509803921568500, 0.6274509803921568500 ) ;
#381 = PRESENTATION_STYLE_ASSIGNMENT (( #573 ) ) ;
#382 = SURFACE_STYLE_FILL_AREA ( #635 ) ;
#383 = PRESENTATION_STYLE_ASSIGNMENT (( #629 ) ) ;
#384 = PRESENTATION_STYLE_ASSIGNMENT (( #644 ) ) ;
#385 = STYLED_ITEM ( 'NONE', ( #383 ), #1317 ) ;
#386 = LENGTH_MEASURE_WITH_UNIT ( LENGTH_MEASURE( 0.02539999999999999900 ), #632 );
#387 =( GEOMETRIC_REPRESENTATION_CONTEXT ( 3 ) GLOBAL_UNCERTAINTY_ASSIGNED_CONTEXT ( ( #664 ) ) GLOBAL_UNIT_ASSIGNED_CONTEXT ( ( #600, #602, #616 ) ) REPRESENTATION_CONTEXT ( 'NONE', 'WORKASPACE' ) );
#388 = FACE_OUTER_BOUND ( 'NONE', #717, .T. ) ;
#389 = STYLED_ITEM ( 'NONE', ( #400 ), #1319 ) ;
#390 = LENGTH_MEASURE_WITH_UNIT ( LENGTH_MEASURE( 0.02539999999999999900 ), #620 );
#391 = COLOUR_RGB ( '',0.6274509803921568500, 0.6274509803921568500, 0.6274509803921568500 ) ;
#392 = CYLINDRICAL_SURFACE ( 'NONE', #996, 0.1500000000000000500 ) ;
#393 = LENGTH_MEASURE_WITH_UNIT ( LENGTH_MEASURE( 0.02539999999999999900 ), #586 );
#394 = CYLINDRICAL_SURFACE ( 'NONE', #1021, 0.3937007874015748800 ) ;
#395 = FACE_OUTER_BOUND ( 'NONE', #681, .T. ) ;
#396 = STYLED_ITEM ( 'NONE', ( #384 ), #1318 ) ;
#397 =( GEOMETRIC_REPRESENTATION_CONTEXT ( 3 ) GLOBAL_UNCERTAINTY_ASSIGNED_CONTEXT ( ( #258 ) ) GLOBAL_UNIT_ASSIGNED_CONTEXT ( ( #630, #633, #638 ) ) REPRESENTATION_CONTEXT ( 'NONE', 'WORKASPACE' ) );
#398 = FACE_OUTER_BOUND ( 'NONE', #694, .T. ) ;
#399 = SURFACE_STYLE_FILL_AREA ( #657 ) ;
#400 = PRESENTATION_STYLE_ASSIGNMENT (( #647 ) ) ;
#401 = FACE_OUTER_BOUND ( 'NONE', #725, .T. ) ;
#402 = SURFACE_STYLE_FILL_AREA ( #660 ) ;
#403 = COLOUR_RGB ( '',0.6274509803921568500, 0.6274509803921568500, 0.6274509803921568500 ) ;
#404 =( GEOMETRIC_REPRESENTATION_CONTEXT ( 3 ) GLOBAL_UNCERTAINTY_ASSIGNED_CONTEXT ( ( #259 ) ) GLOBAL_UNIT_ASSIGNED_CONTEXT ( ( #621, #622, #623 ) ) REPRESENTATION_CONTEXT ( 'NONE', 'WORKASPACE' ) );
#405 =( GEOMETRIC_REPRESENTATION_CONTEXT ( 3 ) GLOBAL_UNCERTAINTY_ASSIGNED_CONTEXT ( ( #467 ) ) GLOBAL_UNIT_ASSIGNED_CONTEXT ( ( #495, #514, #490 ) ) REPRESENTATION_CONTEXT ( 'NONE', 'WORKASPACE' ) );
#406 = CYLINDRICAL_SURFACE ( 'NONE', #997, 0.2559055118110238300 ) ;
#407 = SURFACE_STYLE_FILL_AREA ( #502 ) ;
#408 = FACE_OUTER_BOUND ( 'NONE', #705, .T. ) ;
#409 = PRESENTATION_STYLE_ASSIGNMENT (( #479 ) ) ;
#410 = FACE_OUTER_BOUND ( 'NONE', #684, .T. ) ;
#411 = STYLED_ITEM ( 'NONE', ( #409 ), #1321 ) ;
#412 = COLOUR_RGB ( '',0.6274509803921568500, 0.6274509803921568500, 0.6274509803921568500 ) ;
#413 =( GEOMETRIC_REPRESENTATION_CONTEXT ( 3 ) GLOBAL_UNCERTAINTY_ASSIGNED_CONTEXT ( ( #1365 ) ) GLOBAL_UNIT_ASSIGNED_CONTEXT ( ( #659, #649, #658 ) ) REPRESENTATION_CONTEXT ( 'NONE', 'WORKASPACE' ) );
#414 = LENGTH_MEASURE_WITH_UNIT ( LENGTH_MEASURE( 0.02539999999999999900 ), #507 );
#415 = COLOUR_RGB ( '',0.6274509803921568500, 0.6274509803921568500, 0.6274509803921568500 ) ;
#416 = COLOUR_RGB ( '',0.6274509803921568500, 0.6274509803921568500, 0.6274509803921568500 ) ;
#417 = PRESENTATION_STYLE_ASSIGNMENT (( #661 ) ) ;
#418 = LENGTH_MEASURE_WITH_UNIT ( LENGTH_MEASURE( 0.02539999999999999900 ), #654 );
#419 = STYLED_ITEM ( 'NONE', ( #417 ), #1320 ) ;
#420 = STYLED_ITEM ( 'NONE', ( #425 ), #1322 ) ;
#421 = FACE_OUTER_BOUND ( 'NONE', #709, .T. ) ;
#422 =( GEOMETRIC_REPRESENTATION_CONTEXT ( 3 ) GLOBAL_UNCERTAINTY_ASSIGNED_CONTEXT ( ( #475 ) ) GLOBAL_UNIT_ASSIGNED_CONTEXT ( ( #655, #515, #516 ) ) REPRESENTATION_CONTEXT ( 'NONE', 'WORKASPACE' ) );
#423 = COLOUR_RGB ( '',0.6274509803921568500, 0.6274509803921568500, 0.6274509803921568500 ) ;
#424 = SURFACE_STYLE_FILL_AREA ( #510 ) ;
#425 = PRESENTATION_STYLE_ASSIGNMENT (( #488 ) ) ;
#426 = SURFACE_STYLE_FILL_AREA ( #504 ) ;
#427 = LENGTH_MEASURE_WITH_UNIT ( LENGTH_MEASURE( 0.02539999999999999900 ), #663 );
#428 = SURFACE_STYLE_FILL_AREA ( #480 ) ;
#429 = LENGTH_MEASURE_WITH_UNIT ( LENGTH_MEASURE( 0.02539999999999999900 ), #482 );
#430 =( GEOMETRIC_REPRESENTATION_CONTEXT ( 3 ) GLOBAL_UNCERTAINTY_ASSIGNED_CONTEXT ( ( #468 ) ) GLOBAL_UNIT_ASSIGNED_CONTEXT ( ( #506, #511, #496 ) ) REPRESENTATION_CONTEXT ( 'NONE', 'WORKASPACE' ) );
#431 = FACE_BOUND ( 'NONE', #729, .T. ) ;
#432 = COLOUR_RGB ( '',0.6274509803921568500, 0.6274509803921568500, 0.6274509803921568500 ) ;
#433 = PRESENTATION_STYLE_ASSIGNMENT (( #521 ) ) ;
#434 = STYLED_ITEM ( 'NONE', ( #433 ), #1323 ) ;
#435 = UNCERTAINTY_MEASURE_WITH_UNIT (LENGTH_MEASURE( 1.000000000000000100E-005 ), #1242, 'distance_accuracy_value', 'NONE');
#436 = UNCERTAINTY_MEASURE_WITH_UNIT (LENGTH_MEASURE( 1.000000000000000100E-005 ), #1117, 'distance_accuracy_value', 'NONE');
#437 = UNCERTAINTY_MEASURE_WITH_UNIT (LENGTH_MEASURE( 1.000000000000000100E-005 ), #1168, 'distance_accuracy_value', 'NONE');
#438 = UNCERTAINTY_MEASURE_WITH_UNIT (LENGTH_MEASURE( 1.000000000000000100E-005 ), #1207, 'distance_accuracy_value', 'NONE');
#439 = UNCERTAINTY_MEASURE_WITH_UNIT (LENGTH_MEASURE( 1.000000000000000100E-005 ), #1102, 'distance_accuracy_value', 'NONE');
#440 = UNCERTAINTY_MEASURE_WITH_UNIT (LENGTH_MEASURE( 1.000000000000000100E-005 ), #1107, 'distance_accuracy_value', 'NONE');
#441 = UNCERTAINTY_MEASURE_WITH_UNIT (LENGTH_MEASURE( 1.000000000000000100E-005 ), #1177, 'distance_accuracy_value', 'NONE');
#442 = UNCERTAINTY_MEASURE_WITH_UNIT (LENGTH_MEASURE( 1.000000000000000100E-005 ), #1147, 'distance_accuracy_value', 'NONE');
#443 = UNCERTAINTY_MEASURE_WITH_UNIT (LENGTH_MEASURE( 1.000000000000000100E-005 ), #1237, 'distance_accuracy_value', 'NONE');
#444 = UNCERTAINTY_MEASURE_WITH_UNIT (LENGTH_MEASURE( 1.000000000000000100E-005 ), #1129, 'distance_accuracy_value', 'NONE');
#445 = UNCERTAINTY_MEASURE_WITH_UNIT (LENGTH_MEASURE( 1.000000000000000100E-005 ), #1264, 'distance_accuracy_value', 'NONE');
#446 = ADVANCED_BREP_SHAPE_REPRESENTATION ( 'bracket-mod-R', ( #263, #669 ), #1560 ) ;
#447 = UNCERTAINTY_MEASURE_WITH_UNIT (LENGTH_MEASURE( 1.000000000000000100E-005 ), #1227, 'distance_accuracy_value', 'NONE');
#448 = UNCERTAINTY_MEASURE_WITH_UNIT (LENGTH_MEASURE( 1.000000000000000100E-005 ), #1277, 'distance_accuracy_value', 'NONE');
#449 = UNCERTAINTY_MEASURE_WITH_UNIT (LENGTH_MEASURE( 1.000000000000000100E-005 ), #1189, 'distance_accuracy_value', 'NONE');
#450 = UNCERTAINTY_MEASURE_WITH_UNIT (LENGTH_MEASURE( 1.000000000000000100E-005 ), #1196, 'distance_accuracy_value', 'NONE');
#451 = UNCERTAINTY_MEASURE_WITH_UNIT (LENGTH_MEASURE( 1.000000000000000100E-005 ), #1212, 'distance_accuracy_value', 'NONE');
#452 = UNCERTAINTY_MEASURE_WITH_UNIT (LENGTH_MEASURE( 1.000000000000000100E-005 ), #652, 'distance_accuracy_value', 'NONE');
#453 = UNCERTAINTY_MEASURE_WITH_UNIT (LENGTH_MEASURE( 1.000000000000000100E-005 ), #1303, 'distance_accuracy_value', 'NONE');
#454 = UNCERTAINTY_MEASURE_WITH_UNIT (LENGTH_MEASURE( 1.000000000000000100E-005 ), #2045, 'distance_accuracy_value', 'NONE');
#455 = UNCERTAINTY_MEASURE_WITH_UNIT (LENGTH_MEASURE( 1.000000000000000100E-005 ), #2018, 'distance_accuracy_value', 'NONE');
#456 = UNCERTAINTY_MEASURE_WITH_UNIT (LENGTH_MEASURE( 1.000000000000000100E-005 ), #1975, 'distance_accuracy_value', 'NONE');
#457 = UNCERTAINTY_MEASURE_WITH_UNIT (LENGTH_MEASURE( 1.000000000000000100E-005 ), #177, 'distance_accuracy_value', 'NONE');
#458 = UNCERTAINTY_MEASURE_WITH_UNIT (LENGTH_MEASURE( 1.000000000000000100E-005 ), #2055, 'distance_accuracy_value', 'NONE');
#459 = UNCERTAINTY_MEASURE_WITH_UNIT (LENGTH_MEASURE( 1.000000000000000100E-005 ), #1313, 'distance_accuracy_value', 'NONE');
#460 = UNCERTAINTY_MEASURE_WITH_UNIT (LENGTH_MEASURE( 1.000000000000000100E-005 ), #817, 'distance_accuracy_value', 'NONE');
#461 = UNCERTAINTY_MEASURE_WITH_UNIT (LENGTH_MEASURE( 1.000000000000000100E-005 ), #773, 'distance_accuracy_value', 'NONE');
#462 = UNCERTAINTY_MEASURE_WITH_UNIT (LENGTH_MEASURE( 1.000000000000000100E-005 ), #788, 'distance_accuracy_value', 'NONE');
#463 = UNCERTAINTY_MEASURE_WITH_UNIT (LENGTH_MEASURE( 1.000000000000000100E-005 ), #150, 'distance_accuracy_value', 'NONE');
#464 = UNCERTAINTY_MEASURE_WITH_UNIT (LENGTH_MEASURE( 1.000000000000000100E-005 ), #835, 'distance_accuracy_value', 'NONE');
#465 = UNCERTAINTY_MEASURE_WITH_UNIT (LENGTH_MEASURE( 1.000000000000000100E-005 ), #846, 'distance_accuracy_value', 'NONE');
#466 = UNCERTAINTY_MEASURE_WITH_UNIT (LENGTH_MEASURE( 1.000000000000000100E-005 ), #173, 'distance_accuracy_value', 'NONE');
#467 = UNCERTAINTY_MEASURE_WITH_UNIT (LENGTH_MEASURE( 1.000000000000000100E-005 ), #495, 'distance_accuracy_value', 'NONE');
#468 = UNCERTAINTY_MEASURE_WITH_UNIT (LENGTH_MEASURE( 1.000000000000000100E-005 ), #506, 'distance_accuracy_value', 'NONE');
#469 = UNCERTAINTY_MEASURE_WITH_UNIT (LENGTH_MEASURE( 1.000000000000000100E-005 ), #508, 'distance_accuracy_value', 'NONE');
#470 = UNCERTAINTY_MEASURE_WITH_UNIT (LENGTH_MEASURE( 1.000000000000000100E-005 ), #824, 'distance_accuracy_value', 'NONE');
#471 = UNCERTAINTY_MEASURE_WITH_UNIT (LENGTH_MEASURE( 1.000000000000000100E-005 ), #109, 'distance_accuracy_value', 'NONE');
#472 = UNCERTAINTY_MEASURE_WITH_UNIT (LENGTH_MEASURE( 1.000000000000000100E-005 ), #812, 'distance_accuracy_value', 'NONE');
#473 = UNCERTAINTY_MEASURE_WITH_UNIT (LENGTH_MEASURE( 1.000000000000000100E-005 ), #104, 'distance_accuracy_value', 'NONE');
#474 = UNCERTAINTY_MEASURE_WITH_UNIT (LENGTH_MEASURE( 1.000000000000000100E-005 ), #67, 'distance_accuracy_value', 'NONE');
#475 = UNCERTAINTY_MEASURE_WITH_UNIT (LENGTH_MEASURE( 1.000000000000000100E-005 ), #655, 'distance_accuracy_value', 'NONE');
#476 = PRODUCT ( 'bracket-mod-R', 'bracket-mod-R', '', ( #1273 ) ) ;
#477 = CARTESIAN_POINT ( 'NONE',  ( -2.657480314960630100, 1.955936331997307300, 0.3980314960629921000 ) ) ;
#478 = DIRECTION ( 'NONE',  ( 1.000000000000000000, 0.0000000000000000000, 0.0000000000000000000 ) ) ;
#479 = SURFACE_STYLE_USAGE ( .BOTH. , #481 ) ;
#480 = FILL_AREA_STYLE ('',( #501 ) ) ;
#481 = SURFACE_SIDE_STYLE ('',( #426 ) ) ;
#482 =( LENGTH_UNIT ( ) NAMED_UNIT ( * ) SI_UNIT ( $, .METRE. ) );
#483 = CARTESIAN_POINT ( 'NONE',  ( -1.574803149606299300, 1.168534757194157600, 0.0000000000000000000 ) ) ;
#484 = CARTESIAN_POINT ( 'NONE',  ( 0.5905511811023661500, -0.01256760501056437000, 0.3980314960629921000 ) ) ;
#485 = DIRECTION ( 'NONE',  ( 1.000000000000000000, -2.960594732333750100E-016, 0.0000000000000000000 ) ) ;
#486 = SURFACE_SIDE_STYLE ('',( #407 ) ) ;
#487 =( NAMED_UNIT ( * ) SI_UNIT ( $, .STERADIAN. ) SOLID_ANGLE_UNIT ( ) );
#488 = SURFACE_STYLE_USAGE ( .BOTH. , #509 ) ;
#489 = SURFACE_SIDE_STYLE ('',( #428 ) ) ;
#490 =( NAMED_UNIT ( * ) SI_UNIT ( $, .STERADIAN. ) SOLID_ANGLE_UNIT ( ) );
#491 = DIRECTION ( 'NONE',  ( 2.960594732333750100E-016, 1.000000000000000000, 0.0000000000000000000 ) ) ;
#492 = DIRECTION ( 'NONE',  ( -2.664535259100380000E-015, -1.000000000000000000, 0.0000000000000000000 ) ) ;
#493 = CARTESIAN_POINT ( 'NONE',  ( 1.977148495511700900, 2.120436819125291400, 0.1197911302342122100 ) ) ;
#494 = PLANE ( 'NONE',  #923 ) ;
#495 =( CONVERSION_BASED_UNIT ( 'INCH', #414 ) LENGTH_UNIT ( ) NAMED_UNIT ( #2390 ) );
#496 =( NAMED_UNIT ( * ) SI_UNIT ( $, .STERADIAN. ) SOLID_ANGLE_UNIT ( ) );
#497 = CARTESIAN_POINT ( 'NONE',  ( -1.968503937007874100, 0.7748339697925827900, 0.0000000000000000000 ) ) ;
#498 = DIRECTION ( 'NONE',  ( 1.000000000000000000, 0.0000000000000000000, 0.0000000000000000000 ) ) ;
#499 = DIRECTION ( 'NONE',  ( -0.08715574274765845700, 2.322295495842179000E-016, 0.9961946980917455500 ) ) ;
#500 = DIRECTION ( 'NONE',  ( 0.0000000000000000000, 0.0000000000000000000, 1.000000000000000000 ) ) ;
#501 = FILL_AREA_STYLE_COLOUR ( '', #416 ) ;
#502 = FILL_AREA_STYLE ('',( #518 ) ) ;
#503 = FILL_AREA_STYLE_COLOUR ( '', #423 ) ;
#504 = FILL_AREA_STYLE ('',( #503 ) ) ;
#505 = FILL_AREA_STYLE_COLOUR ( '', #412 ) ;
#506 =( CONVERSION_BASED_UNIT ( 'INCH', #429 ) LENGTH_UNIT ( ) NAMED_UNIT ( #2386 ) );
#507 =( LENGTH_UNIT ( ) NAMED_UNIT ( * ) SI_UNIT ( $, .METRE. ) );
#508 =( CONVERSION_BASED_UNIT ( 'INCH', #278 ) LENGTH_UNIT ( ) NAMED_UNIT ( #2383 ) );
#509 = SURFACE_SIDE_STYLE ('',( #424 ) ) ;
#510 = FILL_AREA_STYLE ('',( #505 ) ) ;
#511 =( NAMED_UNIT ( * ) PLANE_ANGLE_UNIT ( ) SI_UNIT ( $, .RADIAN. ) );
#512 = SURFACE_STYLE_USAGE ( .BOTH. , #1979 ) ;
#513 = DIRECTION ( 'NONE',  ( 0.9961946980917454300, 0.0000000000000000000, 0.08715574274765840200 ) ) ;
#514 =( NAMED_UNIT ( * ) PLANE_ANGLE_UNIT ( ) SI_UNIT ( $, .RADIAN. ) );
#515 =( NAMED_UNIT ( * ) PLANE_ANGLE_UNIT ( ) SI_UNIT ( $, .RADIAN. ) );
#516 =( NAMED_UNIT ( * ) SI_UNIT ( $, .STERADIAN. ) SOLID_ANGLE_UNIT ( ) );
#517 = DIRECTION ( 'NONE',  ( 1.000000000000000000, -2.660706118829255600E-015, 0.0000000000000000000 ) ) ;
#518 = FILL_AREA_STYLE_COLOUR ( '', #432 ) ;
#519 =( LENGTH_UNIT ( ) NAMED_UNIT ( * ) SI_UNIT ( $, .METRE. ) );
#520 =( NAMED_UNIT ( * ) PLANE_ANGLE_UNIT ( ) SI_UNIT ( $, .RADIAN. ) );
#521 = SURFACE_STYLE_USAGE ( .BOTH. , #486 ) ;
#522 = CARTESIAN_POINT ( 'NONE',  ( -2.984762985237460000, 2.353967828060295800, 3.174303377329969100 ) ) ;
#523 = CARTESIAN_POINT ( 'NONE',  ( -0.6141732283464567100, 0.2079048359343165500, 0.0000000000000000000 ) ) ;
#524 = CARTESIAN_POINT ( 'NONE',  ( -0.5487822063341810700, -0.2330400459554471100, 0.0000000000000000000 ) ) ;
#525 = DIRECTION ( 'NONE',  ( -1.000000000000000000, -0.0000000000000000000, 0.0000000000000000000 ) ) ;
#526 = DIRECTION ( 'NONE',  ( 0.0000000000000000000, -0.0000000000000000000, -1.000000000000000000 ) ) ;
#527 = CARTESIAN_POINT ( 'NONE',  ( -2.755905511811024100, 0.7072855937084054900, 0.0000000000000000000 ) ) ;
#528 = DIRECTION ( 'NONE',  ( -0.08715574274765845700, 2.322295495842179000E-016, 0.9961946980917455500 ) ) ;
#529 = DIRECTION ( 'NONE',  ( 0.0000000000000000000, 2.135044278125299400E-015, -1.000000000000000000 ) ) ;
#530 = DIRECTION ( 'NONE',  ( 0.0000000000000000000, -2.135044278125299400E-015, 1.000000000000000000 ) ) ;
#531 = DIRECTION ( 'NONE',  ( 0.08715574274765845700, -2.322295495842179000E-016, -0.9961946980917455500 ) ) ;
#532 = CARTESIAN_POINT ( 'NONE',  ( -3.154836857423235100, 2.105936331997301000, 5.135445999260927200 ) ) ;
#533 = DIRECTION ( 'NONE',  ( 0.0000000000000000000, 2.135044278125299400E-015, -1.000000000000000000 ) ) ;
#534 = CARTESIAN_POINT ( 'NONE',  ( -3.237634772407845600, 2.105936331997301000, 6.116209193298161000 ) ) ;
#535 = CARTESIAN_POINT ( 'NONE',  ( -2.900472324417491700, 2.105936331997305000, 2.193667348008993700 ) ) ;
#536 = DIRECTION ( 'NONE',  ( 0.0000000000000000000, 2.135044278125299400E-015, -1.000000000000000000 ) ) ;
#537 = DIRECTION ( 'NONE',  ( 0.0000000000000000000, -1.000000000000000000, -0.0000000000000000000 ) ) ;
#538 = DIRECTION ( 'NONE',  ( 0.0000000000000000000, -2.135044278125301700E-015, 1.000000000000000000 ) ) ;
#539 = CARTESIAN_POINT ( 'NONE',  ( -0.1732283464566929700, 0.2079048359343165800, 0.0000000000000000000 ) ) ;
#540 = CARTESIAN_POINT ( 'NONE',  ( 1.200376999629890100, 2.230021937991484300, 0.05183243019447915400 ) ) ;
#541 = DIRECTION ( 'NONE',  ( -1.000000000000000000, 0.0000000000000000000, 0.0000000000000000000 ) ) ;
#542 = DIRECTION ( 'NONE',  ( -0.0000000000000000000, 1.000000000000000000, 1.715124499442879900E-015 ) ) ;
#543 = DIRECTION ( 'NONE',  ( 0.9961946980917454300, 0.0000000000000000000, 0.08715574274765840200 ) ) ;
#544 = DIRECTION ( 'NONE',  ( -1.000000000000000000, -0.0000000000000000000, -0.0000000000000000000 ) ) ;
#545 = DIRECTION ( 'NONE',  ( -0.0000000000000000000, 0.0000000000000000000, 1.000000000000000000 ) ) ;
#546 = DIRECTION ( 'NONE',  ( 0.0000000000000000000, 0.0000000000000000000, -1.000000000000000000 ) ) ;
#547 = CARTESIAN_POINT ( 'NONE',  ( 1.955531126247517900, 2.120436819125291400, 0.3668787915719287600 ) ) ;
#548 = DIRECTION ( 'NONE',  ( 0.9961946980917455500, 0.0000000000000000000, 0.08715574274765847100 ) ) ;
#549 = DIRECTION ( 'NONE',  ( 0.0000000000000000000, 1.000000000000000000, 1.715124499442879900E-015 ) ) ;
#550 = DIRECTION ( 'NONE',  ( -0.1386435052934081300, -0.9902680687415698100, -0.01212973498466945000 ) ) ;
#551 = DIRECTION ( 'NONE',  ( -0.0000000000000000000, -0.0000000000000000000, 1.000000000000000000 ) ) ;
#552 = DIRECTION ( 'NONE',  ( -0.0000000000000000000, 1.000000000000000000, 0.0000000000000000000 ) ) ;
#553 = CARTESIAN_POINT ( 'NONE',  ( 1.977148495511700900, 2.120436819125291400, 0.1197911302342119500 ) ) ;
#554 = CARTESIAN_POINT ( 'NONE',  ( -2.984762985237460000, 2.105936331997304100, 3.174303377329968700 ) ) ;
#555 = DIRECTION ( 'NONE',  ( 0.0000000000000000000, -1.000000000000000000, -1.715124499442879900E-015 ) ) ;
#556 = CARTESIAN_POINT ( 'NONE',  ( -3.069053646057427800, 2.105936331997305000, 4.154939406650942900 ) ) ;
#557 = CARTESIAN_POINT ( 'NONE',  ( -3.543307086614173200, 3.038205597340712500, 0.0000000000000000000 ) ) ;
#558 = CARTESIAN_POINT ( 'NONE',  ( -1.968503937007874100, 1.955936331997307300, 0.3980314960629921000 ) ) ;
#559 = CARTESIAN_POINT ( 'NONE',  ( 1.977148495511700900, 2.120436819125291400, 0.1197911302342120600 ) ) ;
#560 = DIRECTION ( 'NONE',  ( 0.0000000000000000000, 2.135044278125301700E-015, -1.000000000000000000 ) ) ;
#561 = CARTESIAN_POINT ( 'NONE',  ( -0.6141732283464567100, 3.038205597340712500, 0.0000000000000000000 ) ) ;
#562 = CARTESIAN_POINT ( 'NONE',  ( 1.133410738451885900, -0.01256760501056594600, 0.04597364150268840000 ) ) ;
#563 = CARTESIAN_POINT ( 'NONE',  ( -2.900472324417491700, 2.353967828060297100, 2.193667348008994500 ) ) ;
#564 = CARTESIAN_POINT ( 'NONE',  ( 1.178759630365706900, 2.230021937991484300, 0.2989200915321958400 ) ) ;
#565 = DIRECTION ( 'NONE',  ( 0.08715574274765870700, 1.101411730778923800E-015, -0.9961946980917454300 ) ) ;
#566 = DIRECTION ( 'NONE',  ( 0.0000000000000000000, 1.000000000000000000, 1.715124499442879900E-015 ) ) ;
#567 = DIRECTION ( 'NONE',  ( 0.0000000000000000000, -1.000000000000000000, -1.715124499442879900E-015 ) ) ;
#568 = DIRECTION ( 'NONE',  ( -0.0000000000000000000, 1.000000000000000000, 1.715124499442879900E-015 ) ) ;
#569 = DIRECTION ( 'NONE',  ( -0.0000000000000000000, 1.000000000000000000, 1.715124499442879900E-015 ) ) ;
#570 = DIRECTION ( 'NONE',  ( 0.0000000000000000000, 2.135044278125299400E-015, -1.000000000000000000 ) ) ;
#571 = CARTESIAN_POINT ( 'NONE',  ( -0.5487822063341810700, 1.955936331997307300, 0.0000000000000000000 ) ) ;
#572 = FILL_AREA_STYLE_COLOUR ( '', #375 ) ;
#573 = SURFACE_STYLE_USAGE ( .BOTH. , #601 ) ;
#574 = CARTESIAN_POINT ( 'NONE',  ( -2.657480314960630100, 2.353967828060299400, 0.3980314960629921000 ) ) ;
#575 = DIRECTION ( 'NONE',  ( 0.0000000000000000000, 2.135044278125299400E-015, -1.000000000000000000 ) ) ;
#576 = DIRECTION ( 'NONE',  ( -1.000000000000000000, -0.0000000000000000000, 0.0000000000000000000 ) ) ;
#577 = DIRECTION ( 'NONE',  ( 0.08715574274765845700, -2.322295495842179000E-016, -0.9961946980917454300 ) ) ;
#578 = FILL_AREA_STYLE_COLOUR ( '', #362 ) ;
#579 = SURFACE_SIDE_STYLE ('',( #365 ) ) ;
#580 = DIRECTION ( 'NONE',  ( 0.08715574274765845700, -2.322295495842179000E-016, -0.9961946980917455500 ) ) ;
#581 = DIRECTION ( 'NONE',  ( 1.000000000000000000, 0.0000000000000000000, 0.0000000000000000000 ) ) ;
#582 = DIRECTION ( 'NONE',  ( 0.08715574274765845700, -2.322295495842179000E-016, -0.9961946980917455500 ) ) ;
#583 = CARTESIAN_POINT ( 'NONE',  ( 2.300692687747716300, 0.06731912968119488400, 0.3970765152881022800 ) ) ;
#584 = CARTESIAN_POINT ( 'NONE',  ( 2.753919991393516000, 2.010851700259098400, 0.1877498302739452100 ) ) ;
#585 = FILL_AREA_STYLE ('',( #572 ) ) ;
#586 =( LENGTH_UNIT ( ) NAMED_UNIT ( * ) SI_UNIT ( $, .METRE. ) );
#587 = DIRECTION ( 'NONE',  ( -0.08715574274765845700, 2.322295495842179000E-016, 0.9961946980917455500 ) ) ;
#588 = DIRECTION ( 'NONE',  ( 0.9961946980917454300, 0.0000000000000000000, 0.08715574274765836000 ) ) ;
#589 = DIRECTION ( 'NONE',  ( 0.9961946980917455500, 0.0000000000000000000, 0.08715574274765848500 ) ) ;
#590 = DIRECTION ( 'NONE',  ( -0.9961946980917455500, 0.0000000000000000000, -0.08715574274765845700 ) ) ;
#591 = CARTESIAN_POINT ( 'NONE',  ( -1.968503937007874100, 2.353967828060300200, 0.5756398537024213200 ) ) ;
#592 = DIRECTION ( 'NONE',  ( -0.0000000000000000000, 1.000000000000000000, 1.715124499442879900E-015 ) ) ;
#593 =( LENGTH_UNIT ( ) NAMED_UNIT ( * ) SI_UNIT ( $, .METRE. ) );
#594 = DIRECTION ( 'NONE',  ( 0.0000000000000000000, -1.000000000000000000, -1.715124499442879900E-015 ) ) ;
#595 = SURFACE_SIDE_STYLE ('',( #352 ) ) ;
#596 = FILL_AREA_STYLE_COLOUR ( '', #380 ) ;
#597 = FILL_AREA_STYLE ('',( #596 ) ) ;
#598 = DIRECTION ( 'NONE',  ( -0.08715574274765798500, -1.686026076126095200E-015, 0.9961946980917456600 ) ) ;
#599 =( NAMED_UNIT ( * ) PLANE_ANGLE_UNIT ( ) SI_UNIT ( $, .RADIAN. ) );
#600 =( CONVERSION_BASED_UNIT ( 'INCH', #393 ) LENGTH_UNIT ( ) NAMED_UNIT ( #1361 ) );
#601 = SURFACE_SIDE_STYLE ('',( #370 ) ) ;
#602 =( NAMED_UNIT ( * ) PLANE_ANGLE_UNIT ( ) SI_UNIT ( $, .RADIAN. ) );
#603 = DIRECTION ( 'NONE',  ( 0.0000000000000000000, 2.135044278125299400E-015, -1.000000000000000000 ) ) ;
#604 = DIRECTION ( 'NONE',  ( -0.08715574274765845700, 2.322295495842179000E-016, 0.9961946980917454300 ) ) ;
#605 =( CONVERSION_BASED_UNIT ( 'INCH', #346 ) LENGTH_UNIT ( ) NAMED_UNIT ( #1353 ) );
#606 =( NAMED_UNIT ( * ) SI_UNIT ( $, .STERADIAN. ) SOLID_ANGLE_UNIT ( ) );
#607 = CARTESIAN_POINT ( 'NONE',  ( 1.955531126247517900, 2.120436819125291400, 0.3668787915719284900 ) ) ;
#608 = CARTESIAN_POINT ( 'NONE',  ( -2.657480314960630100, 2.105936331997307200, 0.3980314960629921000 ) ) ;
#609 = CARTESIAN_POINT ( 'NONE',  ( -3.312682504871297800, 0.1505086006481346200, 0.0000000000000000000 ) ) ;
#610 = DIRECTION ( 'NONE',  ( -0.7044160264027593500, -0.7071067811865468000, -0.06162841671621930400 ) ) ;
#611 = CARTESIAN_POINT ( 'NONE',  ( 1.091540296945740600, 1.452650425729539600, 0.04231045253407496300 ) ) ;
#612 = CARTESIAN_POINT ( 'NONE',  ( -3.237634772407845600, 2.353967828060293600, 6.116209193298161000 ) ) ;
#613 = SURFACE_STYLE_USAGE ( .BOTH. , #579 ) ;
#614 = DIRECTION ( 'NONE',  ( 1.000000000000000000, 0.0000000000000000000, 0.0000000000000000000 ) ) ;
#615 = FILL_AREA_STYLE ('',( #578 ) ) ;
#616 =( NAMED_UNIT ( * ) SI_UNIT ( $, .STERADIAN. ) SOLID_ANGLE_UNIT ( ) );
#617 = CARTESIAN_POINT ( 'NONE',  ( -3.237634772407845600, 2.353967828060293600, 6.116209193298161000 ) ) ;
#618 = DIRECTION ( 'NONE',  ( -0.0000000000000000000, -0.0000000000000000000, -1.000000000000000000 ) ) ;
#619 = SURFACE_STYLE_USAGE ( .BOTH. , #489 ) ;
#620 =( LENGTH_UNIT ( ) NAMED_UNIT ( * ) SI_UNIT ( $, .METRE. ) );
#621 =( CONVERSION_BASED_UNIT ( 'INCH', #390 ) LENGTH_UNIT ( ) NAMED_UNIT ( #2391 ) );
#622 =( NAMED_UNIT ( * ) PLANE_ANGLE_UNIT ( ) SI_UNIT ( $, .RADIAN. ) );
#623 =( NAMED_UNIT ( * ) SI_UNIT ( $, .STERADIAN. ) SOLID_ANGLE_UNIT ( ) );
#624 = PLANE ( 'NONE',  #994 ) ;
#625 = CARTESIAN_POINT ( 'NONE',  ( 2.360388106577299400, -0.7999691798137047400, 0.1533202516165370100 ) ) ;
#626 = DIRECTION ( 'NONE',  ( 0.0000000000000000000, 0.0000000000000000000, 1.000000000000000000 ) ) ;
#627 = CARTESIAN_POINT ( 'NONE',  ( -3.543307086614173200, 2.509422645316240300, 0.0000000000000000000 ) ) ;
#628 = CARTESIAN_POINT ( 'NONE',  ( -0.5487822063341810700, 3.038205597340712500, 0.2480314960629921300 ) ) ;
#629 = SURFACE_STYLE_USAGE ( .BOTH. , #595 ) ;
#630 =( CONVERSION_BASED_UNIT ( 'INCH', #386 ) LENGTH_UNIT ( ) NAMED_UNIT ( #2406 ) );
#631 = DIRECTION ( 'NONE',  ( 0.08715574274765845700, -2.322295495842179000E-016, -0.9961946980917455500 ) ) ;
#632 =( LENGTH_UNIT ( ) NAMED_UNIT ( * ) SI_UNIT ( $, .METRE. ) );
#633 =( NAMED_UNIT ( * ) PLANE_ANGLE_UNIT ( ) SI_UNIT ( $, .RADIAN. ) );
#634 = DIRECTION ( 'NONE',  ( -1.000000000000000000, 0.0000000000000000000, 0.0000000000000000000 ) ) ;
#635 = FILL_AREA_STYLE ('',( #639 ) ) ;
#636 = PLANE ( 'NONE',  #991 ) ;
#637 = DIRECTION ( 'NONE',  ( 1.000000000000000000, 0.0000000000000000000, -0.0000000000000000000 ) ) ;
#638 =( NAMED_UNIT ( * ) SI_UNIT ( $, .STERADIAN. ) SOLID_ANGLE_UNIT ( ) );
#639 = FILL_AREA_STYLE_COLOUR ( '', #391 ) ;
#640 = DIRECTION ( 'NONE',  ( -0.9961946980917455500, 0.0000000000000000000, -0.08715574274765845700 ) ) ;
#641 = CARTESIAN_POINT ( 'NONE',  ( 1.133410738451885900, -0.01256760501056594600, 0.04597364150268818500 ) ) ;
#642 = PLANE ( 'NONE',  #987 ) ;
#643 = SURFACE_SIDE_STYLE ('',( #382 ) ) ;
#644 = SURFACE_STYLE_USAGE ( .BOTH. , #643 ) ;
#645 = DIRECTION ( 'NONE',  ( 0.0000000000000000000, 0.0000000000000000000, 1.000000000000000000 ) ) ;
#646 = SURFACE_SIDE_STYLE ('',( #399 ) ) ;
#647 = SURFACE_STYLE_USAGE ( .BOTH. , #646 ) ;
#648 =( LENGTH_UNIT ( ) NAMED_UNIT ( * ) SI_UNIT ( $, .METRE. ) );
#649 =( NAMED_UNIT ( * ) PLANE_ANGLE_UNIT ( ) SI_UNIT ( $, .RADIAN. ) );
#650 = FILL_AREA_STYLE_COLOUR ( '', #415 ) ;
#651 = FILL_AREA_STYLE_COLOUR ( '', #403 ) ;
#652 =( CONVERSION_BASED_UNIT ( 'INCH', #280 ) LENGTH_UNIT ( ) NAMED_UNIT ( #2400 ) );
#653 = SURFACE_SIDE_STYLE ('',( #402 ) ) ;
#654 =( LENGTH_UNIT ( ) NAMED_UNIT ( * ) SI_UNIT ( $, .METRE. ) );
#655 =( CONVERSION_BASED_UNIT ( 'INCH', #418 ) LENGTH_UNIT ( ) NAMED_UNIT ( #2385 ) );
#656 = DIRECTION ( 'NONE',  ( 0.1396943646708915200, 0.9901946699913082300, 0.0000000000000000000 ) ) ;
#657 = FILL_AREA_STYLE ('',( #651 ) ) ;
#658 =( NAMED_UNIT ( * ) SI_UNIT ( $, .STERADIAN. ) SOLID_ANGLE_UNIT ( ) );
#659 =( CONVERSION_BASED_UNIT ( 'INCH', #427 ) LENGTH_UNIT ( ) NAMED_UNIT ( #2389 ) );
#660 = FILL_AREA_STYLE ('',( #650 ) ) ;
#661 = SURFACE_STYLE_USAGE ( .BOTH. , #653 ) ;
#662 = DIRECTION ( 'NONE',  ( 0.9864997997699045400, -0.1391731009600649400, 0.08630754905046095200 ) ) ;
#663 =( LENGTH_UNIT ( ) NAMED_UNIT ( * ) SI_UNIT ( $, .METRE. ) );
#664 = UNCERTAINTY_MEASURE_WITH_UNIT (LENGTH_MEASURE( 1.000000000000000100E-005 ), #600, 'distance_accuracy_value', 'NONE');
#665 = UNCERTAINTY_MEASURE_WITH_UNIT (LENGTH_MEASURE( 1.000000000000000100E-005 ), #605, 'distance_accuracy_value', 'NONE');
#666 = MECHANICAL_DESIGN_GEOMETRIC_PRESENTATION_REPRESENTATION (  '', ( #1368 ), #1378 ) ;
#667 = AXIS2_PLACEMENT_3D ( 'NONE', #1236, #1233, #1239 ) ;
#668 = PRODUCT_DEFINITION ( 'UNKNOWN', '', #675, #1959 ) ;
#669 = AXIS2_PLACEMENT_3D ( 'NONE', #1263, #1266, #1267 ) ;
#670 = PRODUCT_RELATED_PRODUCT_CATEGORY ( 'part', '', ( #476 ) ) ;
#671 = PRESENTATION_LAYER_ASSIGNMENT (  '', '', ( #1369 ) ) ;
#672 = PRESENTATION_LAYER_ASSIGNMENT (  '', '', ( #273 ) ) ;
#673 = PRESENTATION_LAYER_ASSIGNMENT (  '', '', ( #1368 ) ) ;
#674 = AXIS2_PLACEMENT_3D ( 'NONE', #1246, #1272, #1268 ) ;
#675 = PRODUCT_DEFINITION_FORMATION_WITH_SPECIFIED_SOURCE ( 'ANY', '', #476, .NOT_KNOWN. ) ;
#676 = AXIS2_PLACEMENT_3D ( 'NONE', #1229, #1230, #1219 ) ;
#677 = MECHANICAL_DESIGN_GEOMETRIC_PRESENTATION_REPRESENTATION (  '', ( #1369 ), #1377 ) ;
#678 = MECHANICAL_DESIGN_GEOMETRIC_PRESENTATION_REPRESENTATION (  '', ( #273 ), #755 ) ;
#679 = EDGE_LOOP ( 'NONE', ( #2159, #2143, #2191, #2144 ) ) ;
#680 = EDGE_LOOP ( 'NONE', ( #1067, #1065 ) ) ;
#681 = EDGE_LOOP ( 'NONE', ( #2184, #2183, #2167, #2180 ) ) ;
#682 = EDGE_LOOP ( 'NONE', ( #1099, #1090, #1088, #1087 ) ) ;
#683 = EDGE_LOOP ( 'NONE', ( #1085, #1069, #1098, #1081, #1068, #1094, #1071, #2000, #1076, #1074 ) ) ;
#684 = EDGE_LOOP ( 'NONE', ( #2145, #2190, #2163, #2137 ) ) ;
#685 = EDGE_LOOP ( 'NONE', ( #2171, #2152, #2179, #2149 ) ) ;
#686 = EDGE_LOOP ( 'NONE', ( #1079, #1086, #1070, #1983 ) ) ;
#687 = EDGE_LOOP ( 'NONE', ( #1091, #1093, #1095, #1097 ) ) ;
#688 = EDGE_LOOP ( 'NONE', ( #2141, #2106, #2142, #2076 ) ) ;
#689 = EDGE_LOOP ( 'NONE', ( #2158, #2116, #2129, #2119 ) ) ;
#690 = EDGE_LOOP ( 'NONE', ( #1100, #2187, #2162, #2133 ) ) ;
#691 = EDGE_LOOP ( 'NONE', ( #1075, #1072 ) ) ;
#692 = EDGE_LOOP ( 'NONE', ( #2131, #2120, #2112, #2118 ) ) ;
#693 = EDGE_LOOP ( 'NONE', ( #2122, #2079, #2127, #2105 ) ) ;
#694 = EDGE_LOOP ( 'NONE', ( #2157, #2185, #2113, #2071, #2093, #2107, #2110, #2100 ) ) ;
#695 = EDGE_LOOP ( 'NONE', ( #2095, #2096, #2124, #2123 ) ) ;
#696 = EDGE_LOOP ( 'NONE', ( #2146, #2195, #2134, #2156 ) ) ;
#697 = EDGE_LOOP ( 'NONE', ( #2174, #2115, #2189, #2175 ) ) ;
#698 = EDGE_LOOP ( 'NONE', ( #2109, #2084, #2075, #2103 ) ) ;
#699 = EDGE_LOOP ( 'NONE', ( #1996, #2203, #2001, #1984 ) ) ;
#700 = EDGE_LOOP ( 'NONE', ( #2085, #2108, #2091, #2072 ) ) ;
#701 = EDGE_LOOP ( 'NONE', ( #2199, #2217, #2212, #2222 ) ) ;
#702 = EDGE_LOOP ( 'NONE', ( #2081, #2169, #2161, #2150 ) ) ;
#703 = EDGE_LOOP ( 'NONE', ( #2170, #2188, #2181, #2182 ) ) ;
#704 = EDGE_LOOP ( 'NONE', ( #2088, #2073, #2078, #2111 ) ) ;
#705 = EDGE_LOOP ( 'NONE', ( #2225, #2198, #1993, #1990, #1992, #1986, #1989, #1995 ) ) ;
#706 = EDGE_LOOP ( 'NONE', ( #2154, #2140, #2136, #2138, #2160, #2165, #2192, #2151, #2194, #2155 ) ) ;
#707 = EDGE_LOOP ( 'NONE', ( #2082, #2080, #2126, #2128 ) ) ;
#708 = EDGE_LOOP ( 'NONE', ( #2092, #2070, #2090, #2102, #2193, #2101, #2114, #2104, #2121, #2186, #2098 ) ) ;
#709 = EDGE_LOOP ( 'NONE', ( #2214, #2215, #2172, #2173 ) ) ;
#710 = EDGE_LOOP ( 'NONE', ( #2229, #2244, #2237, #2205 ) ) ;
#711 = EDGE_LOOP ( 'NONE', ( #2130, #2125, #2083, #2196 ) ) ;
#712 = EDGE_LOOP ( 'NONE', ( #1972, #758, #759, #1969 ) ) ;
#713 = EDGE_LOOP ( 'NONE', ( #2039, #2036 ) ) ;
#714 = EDGE_LOOP ( 'NONE', ( #1961, #1955, #1967, #2042 ) ) ;
#715 = EDGE_LOOP ( 'NONE', ( #1084, #1066 ) ) ;
#716 = EDGE_LOOP ( 'NONE', ( #1962, #2069, #2094, #1973 ) ) ;
#717 = EDGE_LOOP ( 'NONE', ( #2164, #2135, #2178, #2177, #2166, #2201, #2223, #2243, #2213, #2220, #2219 ) ) ;
#718 = EDGE_LOOP ( 'NONE', ( #2097, #2117, #1970, #1956 ) ) ;
#719 = EDGE_LOOP ( 'NONE', ( #1968, #1971, #1966, #1963 ) ) ;
#720 = EDGE_LOOP ( 'NONE', ( #2132, #2139, #2086, #2089 ) ) ;
#721 = EDGE_LOOP ( 'NONE', ( #2176, #2147 ) ) ;
#722 = EDGE_LOOP ( 'NONE', ( #2074, #2168, #2148, #2153 ) ) ;
#723 = EDGE_LOOP ( 'NONE', ( #2240, #2230, #2235, #2216 ) ) ;
#724 = EDGE_LOOP ( 'NONE', ( #2204, #2236, #2200, #2197, #2227, #2231, #2228, #2206 ) ) ;
#725 = EDGE_LOOP ( 'NONE', ( #1073, #1092, #1096, #1083 ) ) ;
#726 = EDGE_LOOP ( 'NONE', ( #743, #746 ) ) ;
#727 = EDGE_LOOP ( 'NONE', ( #1957, #2099 ) ) ;
#728 = EDGE_LOOP ( 'NONE', ( #1997, #2032, #2033, #1994, #2034, #2035 ) ) ;
#729 = EDGE_LOOP ( 'NONE', ( #1077, #1999 ) ) ;
#730 = EDGE_LOOP ( 'NONE', ( #751, #739, #747, #750, #740, #1080 ) ) ;
#731 = EDGE_LOOP ( 'NONE', ( #2037, #2041 ) ) ;
#732 = EDGE_LOOP ( 'NONE', ( #1958, #2087 ) ) ;
#733 = EDGE_LOOP ( 'NONE', ( #752, #749 ) ) ;
#734 = EDGE_LOOP ( 'NONE', ( #2028, #1998 ) ) ;
#735 = EDGE_LOOP ( 'NONE', ( #754, #741, #742, #745 ) ) ;
#736 = EDGE_LOOP ( 'NONE', ( #2029, #1078, #744, #753 ) ) ;
#737 = EDGE_LOOP ( 'NONE', ( #1988, #1089, #1064, #1082 ) ) ;
#738 = EDGE_LOOP ( 'NONE', ( #2043, #2077, #1965, #1964 ) ) ;
#739 = ORIENTED_EDGE ( 'NONE', *, *, #1030, .F. ) ;
#740 = ORIENTED_EDGE ( 'NONE', *, *, #1063, .F. ) ;
#741 = ORIENTED_EDGE ( 'NONE', *, *, #865, .T. ) ;
#742 = ORIENTED_EDGE ( 'NONE', *, *, #869, .T. ) ;
#743 = ORIENTED_EDGE ( 'NONE', *, *, #1038, .F. ) ;
#744 = ORIENTED_EDGE ( 'NONE', *, *, #864, .T. ) ;
#745 = ORIENTED_EDGE ( 'NONE', *, *, #875, .F. ) ;
#746 = ORIENTED_EDGE ( 'NONE', *, *, #1020, .F. ) ;
#747 = ORIENTED_EDGE ( 'NONE', *, *, #1054, .F. ) ;
#748 = EDGE_LOOP ( 'NONE', ( #2038, #2040, #2031, #2030 ) ) ;
#749 = ORIENTED_EDGE ( 'NONE', *, *, #1050, .F. ) ;
#750 = ORIENTED_EDGE ( 'NONE', *, *, #880, .F. ) ;
#751 = ORIENTED_EDGE ( 'NONE', *, *, #869, .F. ) ;
#752 = ORIENTED_EDGE ( 'NONE', *, *, #852, .F. ) ;
#753 = ORIENTED_EDGE ( 'NONE', *, *, #856, .F. ) ;
#754 = ORIENTED_EDGE ( 'NONE', *, *, #857, .T. ) ;
#755 =( GEOMETRIC_REPRESENTATION_CONTEXT ( 3 ) GLOBAL_UNCERTAINTY_ASSIGNED_CONTEXT ( ( #448 ) ) GLOBAL_UNIT_ASSIGNED_CONTEXT ( ( #1277, #1270, #1262 ) ) REPRESENTATION_CONTEXT ( 'NONE', 'WORKASPACE' ) );
#756 = LENGTH_MEASURE_WITH_UNIT ( LENGTH_MEASURE( 0.02539999999999999900 ), #1258 );
#757 = SHAPE_DEFINITION_REPRESENTATION ( #1960, #446 ) ;
#758 = ORIENTED_EDGE ( 'NONE', *, *, #1029, .T. ) ;
#759 = ORIENTED_EDGE ( 'NONE', *, *, #878, .F. ) ;
#760 =( NAMED_UNIT ( * ) PLANE_ANGLE_UNIT ( ) SI_UNIT ( $, .RADIAN. ) );
#761 = PLANE ( 'NONE',  #1708 ) ;
#762 = DIRECTION ( 'NONE',  ( 0.0000000000000000000, 0.0000000000000000000, 1.000000000000000000 ) ) ;
#763 =( NAMED_UNIT ( * ) SI_UNIT ( $, .STERADIAN. ) SOLID_ANGLE_UNIT ( ) );
#764 = CARTESIAN_POINT ( 'NONE',  ( -0.5487822063341810700, 3.038205597340712500, 0.0000000000000000000 ) ) ;
#765 = DIRECTION ( 'NONE',  ( 1.000000000000000000, 0.0000000000000000000, -0.0000000000000000000 ) ) ;
#766 = DIRECTION ( 'NONE',  ( -0.0000000000000000000, 1.000000000000000000, 1.715124499442879900E-015 ) ) ;
#767 =( LENGTH_UNIT ( ) NAMED_UNIT ( * ) SI_UNIT ( $, .METRE. ) );
#768 = DIRECTION ( 'NONE',  ( 9.912705577010330500E-017, -1.000000000000000000, 0.0000000000000000000 ) ) ;
#769 = DIRECTION ( 'NONE',  ( 0.0000000000000000000, -1.000000000000000000, -1.715124499442879900E-015 ) ) ;
#770 = FILL_AREA_STYLE ('',( #772 ) ) ;
#771 = FILL_AREA_STYLE ('',( #783 ) ) ;
#772 = FILL_AREA_STYLE_COLOUR ( '', #1416 ) ;
#773 =( CONVERSION_BASED_UNIT ( 'INCH', #1412 ) LENGTH_UNIT ( ) NAMED_UNIT ( #2402 ) );
#774 =( NAMED_UNIT ( * ) PLANE_ANGLE_UNIT ( ) SI_UNIT ( $, .RADIAN. ) );
#775 = DIRECTION ( 'NONE',  ( 0.0000000000000000000, 1.734723475976805500E-015, -1.000000000000000000 ) ) ;
#776 = SURFACE_SIDE_STYLE ('',( #1386 ) ) ;
#777 = DIRECTION ( 'NONE',  ( 1.000000000000000000, 9.912705577010330500E-017, 0.0000000000000000000 ) ) ;
#778 =( LENGTH_UNIT ( ) NAMED_UNIT ( * ) SI_UNIT ( $, .METRE. ) );
#779 = SURFACE_STYLE_USAGE ( .BOTH. , #776 ) ;
#780 = CARTESIAN_POINT ( 'NONE',  ( -0.6141732283464567100, 0.2079048359343165500, 0.0000000000000000000 ) ) ;
#781 =( NAMED_UNIT ( * ) SI_UNIT ( $, .STERADIAN. ) SOLID_ANGLE_UNIT ( ) );
#782 = DIRECTION ( 'NONE',  ( 0.0000000000000000000, -1.601283208593974400E-015, 1.000000000000000000 ) ) ;
#783 = FILL_AREA_STYLE_COLOUR ( '', #1417 ) ;
#784 = SURFACE_SIDE_STYLE ('',( #1426 ) ) ;
#785 =( NAMED_UNIT ( * ) SI_UNIT ( $, .STERADIAN. ) SOLID_ANGLE_UNIT ( ) );
#786 = SURFACE_STYLE_USAGE ( .BOTH. , #784 ) ;
#787 =( LENGTH_UNIT ( ) NAMED_UNIT ( * ) SI_UNIT ( $, .METRE. ) );
#788 =( CONVERSION_BASED_UNIT ( 'INCH', #1413 ) LENGTH_UNIT ( ) NAMED_UNIT ( #2403 ) );
#789 =( NAMED_UNIT ( * ) PLANE_ANGLE_UNIT ( ) SI_UNIT ( $, .RADIAN. ) );
#790 =( NAMED_UNIT ( * ) SI_UNIT ( $, .STERADIAN. ) SOLID_ANGLE_UNIT ( ) );
#791 = CARTESIAN_POINT ( 'NONE',  ( -3.237634772407845600, 2.353967828060293600, 6.116209193298161000 ) ) ;
#792 = CARTESIAN_POINT ( 'NONE',  ( -2.036052313092051100, -0.01256760501056571100, 0.0000000000000000000 ) ) ;
#793 = DIRECTION ( 'NONE',  ( -9.868649107779168700E-017, -1.000000000000000000, 0.0000000000000000000 ) ) ;
#794 =( NAMED_UNIT ( * ) SI_UNIT ( $, .STERADIAN. ) SOLID_ANGLE_UNIT ( ) );
#795 = SURFACE_SIDE_STYLE ('',( #279 ) ) ;
#796 = DIRECTION ( 'NONE',  ( -0.08715574274765847100, 2.322295495842178500E-016, 0.9961946980917455500 ) ) ;
#797 = FILL_AREA_STYLE_COLOUR ( '', #285 ) ;
#798 =( NAMED_UNIT ( * ) SI_UNIT ( $, .STERADIAN. ) SOLID_ANGLE_UNIT ( ) );
#799 =( NAMED_UNIT ( * ) SI_UNIT ( $, .STERADIAN. ) SOLID_ANGLE_UNIT ( ) );
#800 = FILL_AREA_STYLE ('',( #797 ) ) ;
#801 = DIRECTION ( 'NONE',  ( 1.000000000000000000, 0.0000000000000000000, 0.0000000000000000000 ) ) ;
#802 =( LENGTH_UNIT ( ) NAMED_UNIT ( * ) SI_UNIT ( $, .METRE. ) );
#803 =( NAMED_UNIT ( * ) PLANE_ANGLE_UNIT ( ) SI_UNIT ( $, .RADIAN. ) );
#804 = CARTESIAN_POINT ( 'NONE',  ( -1.968503937007874100, 2.353967828060299400, 0.5756398537024213200 ) ) ;
#805 = DIRECTION ( 'NONE',  ( 0.9961946980917454300, 0.0000000000000000000, 0.08715574274765845700 ) ) ;
#806 = CARTESIAN_POINT ( 'NONE',  ( 1.977148495511700900, 2.120436819125291400, 0.1197911302342122100 ) ) ;
#807 = SURFACE_SIDE_STYLE ('',( #283 ) ) ;
#808 =( NAMED_UNIT ( * ) SI_UNIT ( $, .STERADIAN. ) SOLID_ANGLE_UNIT ( ) );
#809 = SURFACE_SIDE_STYLE ('',( #1405 ) ) ;
#810 = PLANE ( 'NONE',  #1691 ) ;
#811 = SURFACE_STYLE_USAGE ( .BOTH. , #809 ) ;
#812 =( CONVERSION_BASED_UNIT ( 'INCH', #1392 ) LENGTH_UNIT ( ) NAMED_UNIT ( #2395 ) );
#813 = CARTESIAN_POINT ( 'NONE',  ( -0.5521759833296535600, 3.038205597340712500, 0.1474828480405630000 ) ) ;
#814 = DIRECTION ( 'NONE',  ( -0.08715574274765845700, 2.322295495842179000E-016, 0.9961946980917455500 ) ) ;
#815 = PLANE ( 'NONE',  #1695 ) ;
#816 =( NAMED_UNIT ( * ) PLANE_ANGLE_UNIT ( ) SI_UNIT ( $, .RADIAN. ) );
#817 =( CONVERSION_BASED_UNIT ( 'INCH', #334 ) LENGTH_UNIT ( ) NAMED_UNIT ( #2394 ) );
#818 =( NAMED_UNIT ( * ) PLANE_ANGLE_UNIT ( ) SI_UNIT ( $, .RADIAN. ) );
#819 = SURFACE_STYLE_USAGE ( .BOTH. , #807 ) ;
#820 = FILL_AREA_STYLE ('',( #839 ) ) ;
#821 = FILL_AREA_STYLE_COLOUR ( '', #1402 ) ;
#822 =( LENGTH_UNIT ( ) NAMED_UNIT ( * ) SI_UNIT ( $, .METRE. ) );
#823 = DIRECTION ( 'NONE',  ( 0.9961946980917455500, 0.0000000000000000000, 0.08715574274765844300 ) ) ;
#824 =( CONVERSION_BASED_UNIT ( 'INCH', #281 ) LENGTH_UNIT ( ) NAMED_UNIT ( #2384 ) );
#825 =( NAMED_UNIT ( * ) PLANE_ANGLE_UNIT ( ) SI_UNIT ( $, .RADIAN. ) );
#826 = CARTESIAN_POINT ( 'NONE',  ( -3.543307086614173200, -0.7999691798137165100, 0.0000000000000000000 ) ) ;
#827 = DIRECTION ( 'NONE',  ( 1.000000000000000000, -9.868649107779168700E-017, 0.0000000000000000000 ) ) ;
#828 = SURFACE_STYLE_USAGE ( .BOTH. , #840 ) ;
#829 =( LENGTH_UNIT ( ) NAMED_UNIT ( * ) SI_UNIT ( $, .METRE. ) );
#830 = PLANE ( 'NONE',  #1697 ) ;
#831 = DIRECTION ( 'NONE',  ( 0.0000000000000000000, 0.0000000000000000000, 1.000000000000000000 ) ) ;
#832 = FILL_AREA_STYLE_COLOUR ( '', #1400 ) ;
#833 = FILL_AREA_STYLE ('',( #832 ) ) ;
#834 =( LENGTH_UNIT ( ) NAMED_UNIT ( * ) SI_UNIT ( $, .METRE. ) );
#835 =( CONVERSION_BASED_UNIT ( 'INCH', #1391 ) LENGTH_UNIT ( ) NAMED_UNIT ( #2397 ) );
#836 = FILL_AREA_STYLE ('',( #821 ) ) ;
#837 =( NAMED_UNIT ( * ) PLANE_ANGLE_UNIT ( ) SI_UNIT ( $, .RADIAN. ) );
#838 =( NAMED_UNIT ( * ) SI_UNIT ( $, .STERADIAN. ) SOLID_ANGLE_UNIT ( ) );
#839 = FILL_AREA_STYLE_COLOUR ( '', #274 ) ;
#840 = SURFACE_SIDE_STYLE ('',( #1393 ) ) ;
#841 = CARTESIAN_POINT ( 'NONE',  ( -2.984762985237460000, -0.7999691798137222900, 3.174303377329963800 ) ) ;
#842 = SURFACE_STYLE_USAGE ( .BOTH. , #795 ) ;
#843 = DIRECTION ( 'NONE',  ( 0.08715574274765815200, 0.0000000000000000000, -0.9961946980917454300 ) ) ;
#844 = FILL_AREA_STYLE_COLOUR ( '', #1394 ) ;
#845 = SURFACE_STYLE_USAGE ( .BOTH. , #849 ) ;
#846 =( CONVERSION_BASED_UNIT ( 'INCH', #1382 ) LENGTH_UNIT ( ) NAMED_UNIT ( #2392 ) );
#847 =( LENGTH_UNIT ( ) NAMED_UNIT ( * ) SI_UNIT ( $, .METRE. ) );
#848 = DIRECTION ( 'NONE',  ( 0.9961946980917455500, -1.494829496536499600E-016, 0.08715574274765816600 ) ) ;
#849 = SURFACE_SIDE_STYLE ('',( #1395 ) ) ;
#850 = PLANE ( 'NONE',  #1704 ) ;
#851 = FILL_AREA_STYLE ('',( #844 ) ) ;
#852 = EDGE_CURVE ( 'NONE', #75, #100, #2241, .T. ) ;
#853 = EDGE_CURVE ( 'NONE', #110, #98, #2238, .T. ) ;
#854 = EDGE_CURVE ( 'NONE', #3, #36, #2234, .T. ) ;
#855 = EDGE_CURVE ( 'NONE', #87, #64, #2224, .T. ) ;
#856 = EDGE_CURVE ( 'NONE', #103, #83, #2208, .T. ) ;
#857 = EDGE_CURVE ( 'NONE', #126, #68, #2221, .T. ) ;
#858 = EDGE_CURVE ( 'NONE', #68, #113, #2291, .T. ) ;
#859 = EDGE_CURVE ( 'NONE', #92, #114, #2279, .T. ) ;
#860 = EDGE_CURVE ( 'NONE', #85, #119, #2246, .T. ) ;
#861 = EDGE_CURVE ( 'NONE', #90, #61, #2247, .T. ) ;
#862 = EDGE_CURVE ( 'NONE', #123, #79, #2261, .T. ) ;
#863 = EDGE_CURVE ( 'NONE', #116, #107, #2255, .T. ) ;
#864 = EDGE_CURVE ( 'NONE', #113, #83, #2248, .T. ) ;
#865 = EDGE_CURVE ( 'NONE', #68, #91, #2275, .T. ) ;
#866 = EDGE_CURVE ( 'NONE', #81, #51, #2249, .T. ) ;
#867 = EDGE_CURVE ( 'NONE', #79, #51, #2278, .T. ) ;
#868 = EDGE_CURVE ( 'NONE', #87, #74, #2272, .T. ) ;
#869 = EDGE_CURVE ( 'NONE', #91, #111, #2269, .T. ) ;
#870 = EDGE_CURVE ( 'NONE', #114, #123, #2260, .T. ) ;
#871 = EDGE_CURVE ( 'NONE', #20, #70, #2283, .T. ) ;
#872 = EDGE_CURVE ( 'NONE', #94, #107, #2284, .T. ) ;
#873 = EDGE_CURVE ( 'NONE', #74, #87, #2259, .T. ) ;
#874 = EDGE_CURVE ( 'NONE', #112, #92, #2267, .T. ) ;
#875 = EDGE_CURVE ( 'NONE', #126, #111, #2287, .T. ) ;
#876 = EDGE_CURVE ( 'NONE', #61, #66, #2256, .T. ) ;
#877 = EDGE_CURVE ( 'NONE', #115, #118, #2297, .T. ) ;
#878 = EDGE_CURVE ( 'NONE', #47, #59, #2282, .T. ) ;
#879 = EDGE_CURVE ( 'NONE', #113, #86, #2271, .T. ) ;
#880 = EDGE_CURVE ( 'NONE', #105, #103, #2276, .T. ) ;
#881 = EDGE_CURVE ( 'NONE', #111, #106, #2245, .T. ) ;
#882 = EDGE_CURVE ( 'NONE', #120, #66, #2288, .T. ) ;
#883 = EDGE_CURVE ( 'NONE', #123, #122, #2292, .T. ) ;
#884 = EDGE_CURVE ( 'NONE', #96, #19, #2263, .T. ) ;
#885 = EDGE_CURVE ( 'NONE', #14, #15, #2290, .T. ) ;
#886 = EDGE_CURVE ( 'NONE', #25, #14, #2262, .T. ) ;
#887 = EDGE_CURVE ( 'NONE', #12, #93, #2268, .T. ) ;
#888 = EDGE_CURVE ( 'NONE', #43, #34, #2324, .T. ) ;
#889 = EDGE_CURVE ( 'NONE', #24, #32, #2299, .T. ) ;
#890 = EDGE_CURVE ( 'NONE', #124, #82, #2346, .T. ) ;
#891 = EDGE_CURVE ( 'NONE', #26, #28, #2310, .T. ) ;
#892 = EDGE_CURVE ( 'NONE', #32, #124, #2270, .T. ) ;
#893 = EDGE_CURVE ( 'NONE', #33, #27, #2315, .T. ) ;
#894 = EDGE_CURVE ( 'NONE', #8, #13, #2295, .T. ) ;
#895 = EDGE_CURVE ( 'NONE', #118, #27, #2337, .T. ) ;
#896 = EDGE_CURVE ( 'NONE', #28, #24, #2303, .T. ) ;
#897 = EDGE_CURVE ( 'NONE', #14, #121, #262, .T. ) ;
#898 = EDGE_CURVE ( 'NONE', #115, #26, #2311, .T. ) ;
#899 = EDGE_CURVE ( 'NONE', #121, #12, #2304, .T. ) ;
#900 = EDGE_CURVE ( 'NONE', #66, #115, #2349, .T. ) ;
#901 = EDGE_CURVE ( 'NONE', #13, #5, #2309, .T. ) ;
#902 = EDGE_CURVE ( 'NONE', #4, #11, #2339, .T. ) ;
#903 = EDGE_CURVE ( 'NONE', #40, #26, #2308, .T. ) ;
#904 = EDGE_CURVE ( 'NONE', #118, #120, #261, .T. ) ;
#905 = EDGE_CURVE ( 'NONE', #4, #124, #2307, .T. ) ;
#906 = EDGE_CURVE ( 'NONE', #5, #3, #2341, .T. ) ;
#907 = EDGE_CURVE ( 'NONE', #43, #33, #2318, .T. ) ;
#908 = EDGE_CURVE ( 'NONE', #89, #121, #2342, .T. ) ;
#909 = EDGE_CURVE ( 'NONE', #25, #12, #2322, .T. ) ;
#910 = EDGE_CURVE ( 'NONE', #120, #121, #2329, .T. ) ;
#911 = EDGE_CURVE ( 'NONE', #3, #8, #2320, .T. ) ;
#912 = EDGE_CURVE ( 'NONE', #33, #11, #2323, .T. ) ;
#913 = EDGE_CURVE ( 'NONE', #88, #4, #2328, .T. ) ;
#914 = EDGE_CURVE ( 'NONE', #27, #15, #2306, .T. ) ;
#915 = EDGE_CURVE ( 'NONE', #15, #43, #2302, .T. ) ;
#916 = EDGE_CURVE ( 'NONE', #14, #118, #2333, .T. ) ;
#917 = PRESENTATION_LAYER_ASSIGNMENT (  '', '', ( #434 ) ) ;
#918 = AXIS2_PLACEMENT_3D ( 'NONE', #1759, #1780, #1784 ) ;
#919 = PRESENTATION_LAYER_ASSIGNMENT (  '', '', ( #2211 ) ) ;
#920 = AXIS2_PLACEMENT_3D ( 'NONE', #1779, #1766, #1781 ) ;
#921 = AXIS2_PLACEMENT_3D ( 'NONE', #250, #251, #255 ) ;
#922 = AXIS2_PLACEMENT_3D ( 'NONE', #256, #257, #1 ) ;
#923 = AXIS2_PLACEMENT_3D ( 'NONE', #497, #485, #491 ) ;
#924 = EDGE_CURVE ( 'NONE', #40, #25, #2325, .T. ) ;
#925 = MECHANICAL_DESIGN_GEOMETRIC_PRESENTATION_REPRESENTATION (  '', ( #2211 ), #2233 ) ;
#926 = AXIS2_PLACEMENT_3D ( 'NONE', #1847, #1866, #1856 ) ;
#927 = AXIS2_PLACEMENT_3D ( 'NONE', #1923, #1914, #1921 ) ;
#928 = AXIS2_PLACEMENT_3D ( 'NONE', #1888, #1932, #1920 ) ;
#929 = AXIS2_PLACEMENT_3D ( 'NONE', #554, #555, #529 ) ;
#930 = AXIS2_PLACEMENT_3D ( 'NONE', #522, #549, #530 ) ;
#931 = AXIS2_PLACEMENT_3D ( 'NONE', #1792, #1850, #1855 ) ;
#932 = AXIS2_PLACEMENT_3D ( 'NONE', #1789, #1777, #1783 ) ;
#933 = AXIS2_PLACEMENT_3D ( 'NONE', #1846, #1871, #1865 ) ;
#934 = AXIS2_PLACEMENT_3D ( 'NONE', #1899, #1886, #1901 ) ;
#935 = AXIS2_PLACEMENT_3D ( 'NONE', #1918, #1929, #1917 ) ;
#936 = AXIS2_PLACEMENT_3D ( 'NONE', #1774, #1761, #1775 ) ;
#937 = AXIS2_PLACEMENT_3D ( 'NONE', #1834, #1805, #1820 ) ;
#938 = AXIS2_PLACEMENT_3D ( 'NONE', #1799, #1830, #1814 ) ;
#939 = AXIS2_PLACEMENT_3D ( 'NONE', #1907, #1879, #1887 ) ;
#940 = AXIS2_PLACEMENT_3D ( 'NONE', #1854, #1860, #1849 ) ;
#941 = AXIS2_PLACEMENT_3D ( 'NONE', #1949, #1946, #1951 ) ;
#942 = AXIS2_PLACEMENT_3D ( 'NONE', #1800, #1807, #1804 ) ;
#943 = AXIS2_PLACEMENT_3D ( 'NONE', #1811, #1833, #1809 ) ;
#944 = AXIS2_PLACEMENT_3D ( 'NONE', #1787, #1762, #1764 ) ;
#945 = AXIS2_PLACEMENT_3D ( 'NONE', #1950, #1720, #1742 ) ;
#946 = MECHANICAL_DESIGN_GEOMETRIC_PRESENTATION_REPRESENTATION (  '', ( #434 ), #269 ) ;
#947 = AXIS2_PLACEMENT_3D ( 'NONE', #553, #528, #548 ) ;
#948 = AXIS2_PLACEMENT_3D ( 'NONE', #1725, #1727, #1728 ) ;
#949 = PRESENTATION_LAYER_ASSIGNMENT (  '', '', ( #268 ) ) ;
#950 = AXIS2_PLACEMENT_3D ( 'NONE', #1919, #1922, #1930 ) ;
#951 = AXIS2_PLACEMENT_3D ( 'NONE', #1835, #1843, #1848 ) ;
#952 = AXIS2_PLACEMENT_3D ( 'NONE', #527, #551, #541 ) ;
#953 = AXIS2_PLACEMENT_3D ( 'NONE', #1881, #1882, #1912 ) ;
#954 = AXIS2_PLACEMENT_3D ( 'NONE', #1873, #1852, #1857 ) ;
#955 = AXIS2_PLACEMENT_3D ( 'NONE', #559, #531, #543 ) ;
#956 = AXIS2_PLACEMENT_3D ( 'NONE', #1926, #1916, #1954 ) ;
#957 = AXIS2_PLACEMENT_3D ( 'NONE', #1877, #1906, #1910 ) ;
#958 = AXIS2_PLACEMENT_3D ( 'NONE', #1755, #1750, #1745 ) ;
#959 = AXIS2_PLACEMENT_3D ( 'NONE', #1937, #1939, #1945 ) ;
#960 = AXIS2_PLACEMENT_3D ( 'NONE', #1773, #1818, #1795 ) ;
#961 = AXIS2_PLACEMENT_3D ( 'NONE', #1826, #1827, #1810 ) ;
#962 = AXIS2_PLACEMENT_3D ( 'NONE', #1748, #1752, #1724 ) ;
#963 = AXIS2_PLACEMENT_3D ( 'NONE', #1719, #1739, #1747 ) ;
#964 = AXIS2_PLACEMENT_3D ( 'NONE', #534, #568, #533 ) ;
#965 = AXIS2_PLACEMENT_3D ( 'NONE', #556, #569, #575 ) ;
#966 = AXIS2_PLACEMENT_3D ( 'NONE', #562, #587, #590 ) ;
#967 = AXIS2_PLACEMENT_3D ( 'NONE', #558, #544, #546 ) ;
#968 = AXIS2_PLACEMENT_3D ( 'NONE', #535, #567, #560 ) ;
#969 = AXIS2_PLACEMENT_3D ( 'NONE', #532, #542, #536 ) ;
#970 = MECHANICAL_DESIGN_GEOMETRIC_PRESENTATION_REPRESENTATION (  '', ( #268 ), #271 ) ;
#971 = AXIS2_PLACEMENT_3D ( 'NONE', #563, #566, #538 ) ;
#972 = AXIS2_PLACEMENT_3D ( 'NONE', #547, #582, #588 ) ;
#973 = AXIS2_PLACEMENT_3D ( 'NONE', #612, #592, #603 ) ;
#974 = AXIS2_PLACEMENT_3D ( 'NONE', #607, #580, #589 ) ;
#975 = AXIS2_PLACEMENT_3D ( 'NONE', #617, #594, #570 ) ;
#976 = PRESENTATION_LAYER_ASSIGNMENT (  '', '', ( #389 ) ) ;
#977 = MECHANICAL_DESIGN_GEOMETRIC_PRESENTATION_REPRESENTATION (  '', ( #419 ), #422 ) ;
#978 = PRESENTATION_LAYER_ASSIGNMENT (  '', '', ( #344 ) ) ;
#979 = PRESENTATION_LAYER_ASSIGNMENT (  '', '', ( #420 ) ) ;
#980 = PRESENTATION_LAYER_ASSIGNMENT (  '', '', ( #396 ) ) ;
#981 = MECHANICAL_DESIGN_GEOMETRIC_PRESENTATION_REPRESENTATION (  '', ( #344 ), #387 ) ;
#982 = MECHANICAL_DESIGN_GEOMETRIC_PRESENTATION_REPRESENTATION (  '', ( #385 ), #397 ) ;
#983 = AXIS2_PLACEMENT_3D ( 'NONE', #641, #631, #640 ) ;
#984 = PRESENTATION_LAYER_ASSIGNMENT (  '', '', ( #385 ) ) ;
#985 = MECHANICAL_DESIGN_GEOMETRIC_PRESENTATION_REPRESENTATION (  '', ( #367 ), #348 ) ;
#986 = MECHANICAL_DESIGN_GEOMETRIC_PRESENTATION_REPRESENTATION (  '', ( #396 ), #404 ) ;
#987 = AXIS2_PLACEMENT_3D ( 'NONE', #627, #634, #626 ) ;
#988 = PRESENTATION_LAYER_ASSIGNMENT (  '', '', ( #419 ) ) ;
#989 = MECHANICAL_DESIGN_GEOMETRIC_PRESENTATION_REPRESENTATION (  '', ( #411 ), #405 ) ;
#990 = MECHANICAL_DESIGN_GEOMETRIC_PRESENTATION_REPRESENTATION (  '', ( #389 ), #413 ) ;
#991 = AXIS2_PLACEMENT_3D ( 'NONE', #628, #645, #637 ) ;
#992 = MECHANICAL_DESIGN_GEOMETRIC_PRESENTATION_REPRESENTATION (  '', ( #420 ), #430 ) ;
#993 = PRESENTATION_LAYER_ASSIGNMENT (  '', '', ( #367 ) ) ;
#994 = AXIS2_PLACEMENT_3D ( 'NONE', #625, #662, #656 ) ;
#995 = PRESENTATION_LAYER_ASSIGNMENT (  '', '', ( #411 ) ) ;
#996 = AXIS2_PLACEMENT_3D ( 'NONE', #484, #492, #517 ) ;
#997 = AXIS2_PLACEMENT_3D ( 'NONE', #493, #499, #513 ) ;
#998 = EDGE_CURVE ( 'NONE', #16, #7, #2331, .T. ) ;
#999 = EDGE_CURVE ( 'NONE', #96, #21, #2334, .T. ) ;
#1000 = EDGE_CURVE ( 'NONE', #55, #53, #2330, .T. ) ;
#1001 = EDGE_CURVE ( 'NONE', #19, #22, #2321, .T. ) ;
#1002 = EDGE_CURVE ( 'NONE', #85, #120, #2358, .T. ) ;
#1003 = EDGE_CURVE ( 'NONE', #11, #34, #2343, .T. ) ;
#1004 = EDGE_CURVE ( 'NONE', #101, #112, #2361, .T. ) ;
#1005 = EDGE_CURVE ( 'NONE', #19, #96, #2362, .T. ) ;
#1006 = EDGE_CURVE ( 'NONE', #82, #126, #2356, .T. ) ;
#1007 = EDGE_CURVE ( 'NONE', #61, #93, #2355, .T. ) ;
#1008 = EDGE_CURVE ( 'NONE', #70, #108, #2354, .T. ) ;
#1009 = EDGE_CURVE ( 'NONE', #50, #94, #2351, .T. ) ;
#1010 = EDGE_CURVE ( 'NONE', #64, #57, #2353, .T. ) ;
#1011 = EDGE_CURVE ( 'NONE', #81, #90, #2357, .T. ) ;
#1012 = EDGE_CURVE ( 'NONE', #34, #38, #2242, .T. ) ;
#1013 = EDGE_CURVE ( 'NONE', #8, #7, #2345, .T. ) ;
#1014 = EDGE_CURVE ( 'NONE', #18, #16, #1987, .T. ) ;
#1015 = EDGE_CURVE ( 'NONE', #6, #40, #313, .T. ) ;
#1016 = EDGE_CURVE ( 'NONE', #17, #6, #295, .T. ) ;
#1017 = EDGE_CURVE ( 'NONE', #28, #6, #301, .T. ) ;
#1018 = EDGE_CURVE ( 'NONE', #22, #21, #322, .T. ) ;
#1019 = EDGE_CURVE ( 'NONE', #50, #116, #336, .T. ) ;
#1020 = EDGE_CURVE ( 'NONE', #80, #108, #294, .T. ) ;
#1021 = AXIS2_PLACEMENT_3D ( 'NONE', #483, #500, #498 ) ;
#1022 = EDGE_CURVE ( 'NONE', #110, #47, #325, .T. ) ;
#1023 = EDGE_CURVE ( 'NONE', #74, #57, #291, .T. ) ;
#1024 = EDGE_CURVE ( 'NONE', #32, #9, #323, .T. ) ;
#1025 = EDGE_CURVE ( 'NONE', #53, #100, #303, .T. ) ;
#1026 = EDGE_CURVE ( 'NONE', #122, #101, #308, .T. ) ;
#1027 = EDGE_CURVE ( 'NONE', #20, #80, #324, .T. ) ;
#1028 = EDGE_CURVE ( 'NONE', #83, #88, #292, .T. ) ;
#1029 = EDGE_CURVE ( 'NONE', #98, #59, #329, .T. ) ;
#1030 = EDGE_CURVE ( 'NONE', #86, #91, #327, .T. ) ;
#1031 = EDGE_CURVE ( 'NONE', #10, #106, #312, .T. ) ;
#1032 = EDGE_CURVE ( 'NONE', #55, #75, #309, .T. ) ;
#1033 = EDGE_CURVE ( 'NONE', #51, #122, #300, .T. ) ;
#1034 = EDGE_CURVE ( 'NONE', #5, #18, #305, .T. ) ;
#1035 = EDGE_CURVE ( 'NONE', #7, #36, #289, .T. ) ;
#1036 = EDGE_CURVE ( 'NONE', #119, #117, #326, .T. ) ;
#1037 = EDGE_CURVE ( 'NONE', #9, #17, #335, .T. ) ;
#1038 = EDGE_CURVE ( 'NONE', #108, #80, #315, .T. ) ;
#1039 = EDGE_CURVE ( 'NONE', #112, #117, #328, .T. ) ;
#1040 = EDGE_CURVE ( 'NONE', #98, #110, #316, .T. ) ;
#1041 = EDGE_CURVE ( 'NONE', #70, #20, #330, .T. ) ;
#1042 = EDGE_CURVE ( 'NONE', #107, #116, #297, .T. ) ;
#1043 = EDGE_CURVE ( 'NONE', #53, #55, #331, .T. ) ;
#1044 = EDGE_CURVE ( 'NONE', #36, #18, #320, .T. ) ;
#1045 = EDGE_CURVE ( 'NONE', #21, #22, #368, .T. ) ;
#1046 = EDGE_CURVE ( 'NONE', #10, #9, #332, .T. ) ;
#1047 = EDGE_CURVE ( 'NONE', #117, #89, #337, .T. ) ;
#1048 = EDGE_CURVE ( 'NONE', #16, #13, #357, .T. ) ;
#1049 = EDGE_CURVE ( 'NONE', #105, #38, #343, .T. ) ;
#1050 = EDGE_CURVE ( 'NONE', #100, #75, #371, .T. ) ;
#1051 = EDGE_CURVE ( 'NONE', #57, #64, #339, .T. ) ;
#1052 = EDGE_CURVE ( 'NONE', #38, #10, #345, .T. ) ;
#1053 = EDGE_CURVE ( 'NONE', #89, #85, #359, .T. ) ;
#1054 = EDGE_CURVE ( 'NONE', #103, #86, #354, .T. ) ;
#1055 = EDGE_CURVE ( 'NONE', #93, #81, #366, .T. ) ;
#1056 = EDGE_CURVE ( 'NONE', #24, #17, #341, .T. ) ;
#1057 = EDGE_CURVE ( 'NONE', #114, #101, #372, .T. ) ;
#1058 = EDGE_CURVE ( 'NONE', #59, #47, #342, .T. ) ;
#1059 = EDGE_CURVE ( 'NONE', #79, #90, #356, .T. ) ;
#1060 = EDGE_CURVE ( 'NONE', #119, #92, #364, .T. ) ;
#1061 = EDGE_CURVE ( 'NONE', #94, #50, #355, .T. ) ;
#1062 = EDGE_CURVE ( 'NONE', #82, #88, #376, .T. ) ;
#1063 = EDGE_CURVE ( 'NONE', #106, #105, #351, .T. ) ;
#1064 = ORIENTED_EDGE ( 'NONE', *, *, #862, .T. ) ;
#1065 = ORIENTED_EDGE ( 'NONE', *, *, #873, .F. ) ;
#1066 = ORIENTED_EDGE ( 'NONE', *, *, #884, .F. ) ;
#1067 = ORIENTED_EDGE ( 'NONE', *, *, #868, .F. ) ;
#1068 = ORIENTED_EDGE ( 'NONE', *, *, #862, .F. ) ;
#1069 = ORIENTED_EDGE ( 'NONE', *, *, #876, .F. ) ;
#1070 = ORIENTED_EDGE ( 'NONE', *, *, #1011, .F. ) ;
#1071 = ORIENTED_EDGE ( 'NONE', *, *, #859, .F. ) ;
#1072 = ORIENTED_EDGE ( 'NONE', *, *, #1009, .F. ) ;
#1073 = ORIENTED_EDGE ( 'NONE', *, *, #1057, .F. ) ;
#1074 = ORIENTED_EDGE ( 'NONE', *, *, #1002, .T. ) ;
#1075 = ORIENTED_EDGE ( 'NONE', *, *, #1061, .F. ) ;
#1076 = ORIENTED_EDGE ( 'NONE', *, *, #860, .F. ) ;
#1077 = ORIENTED_EDGE ( 'NONE', *, *, #878, .T. ) ;
#1078 = ORIENTED_EDGE ( 'NONE', *, *, #879, .F. ) ;
#1079 = ORIENTED_EDGE ( 'NONE', *, *, #867, .F. ) ;
#1080 = ORIENTED_EDGE ( 'NONE', *, *, #881, .F. ) ;
#1081 = ORIENTED_EDGE ( 'NONE', *, *, #1059, .F. ) ;
#1082 = ORIENTED_EDGE ( 'NONE', *, *, #867, .T. ) ;
#1083 = ORIENTED_EDGE ( 'NONE', *, *, #1026, .T. ) ;
#1084 = ORIENTED_EDGE ( 'NONE', *, *, #1005, .F. ) ;
#1085 = ORIENTED_EDGE ( 'NONE', *, *, #882, .T. ) ;
#1086 = ORIENTED_EDGE ( 'NONE', *, *, #1059, .T. ) ;
#1087 = ORIENTED_EDGE ( 'NONE', *, *, #1060, .T. ) ;
#1088 = ORIENTED_EDGE ( 'NONE', *, *, #1036, .F. ) ;
#1089 = ORIENTED_EDGE ( 'NONE', *, *, #883, .F. ) ;
#1090 = ORIENTED_EDGE ( 'NONE', *, *, #1039, .T. ) ;
#1091 = ORIENTED_EDGE ( 'NONE', *, *, #1036, .T. ) ;
#1092 = ORIENTED_EDGE ( 'NONE', *, *, #870, .T. ) ;
#1093 = ORIENTED_EDGE ( 'NONE', *, *, #1047, .T. ) ;
#1094 = ORIENTED_EDGE ( 'NONE', *, *, #870, .F. ) ;
#1095 = ORIENTED_EDGE ( 'NONE', *, *, #1053, .T. ) ;
#1096 = ORIENTED_EDGE ( 'NONE', *, *, #883, .T. ) ;
#1097 = ORIENTED_EDGE ( 'NONE', *, *, #860, .T. ) ;
#1098 = ORIENTED_EDGE ( 'NONE', *, *, #861, .F. ) ;
#1099 = ORIENTED_EDGE ( 'NONE', *, *, #874, .F. ) ;
#1100 = ORIENTED_EDGE ( 'NONE', *, *, #861, .T. ) ;
#1101 =( NAMED_UNIT ( * ) SI_UNIT ( $, .STERADIAN. ) SOLID_ANGLE_UNIT ( ) );
#1102 =( CONVERSION_BASED_UNIT ( 'INCH', #1565 ) LENGTH_UNIT ( ) NAMED_UNIT ( #2375 ) );
#1103 = SURFACE_SIDE_STYLE ('',( #1547 ) ) ;
#1104 = DIRECTION ( 'NONE',  ( 0.9961946980917455500, 0.0000000000000000000, 0.08715574274765844300 ) ) ;
#1105 = FILL_AREA_STYLE_COLOUR ( '', #1566 ) ;
#1106 = CARTESIAN_POINT ( 'NONE',  ( -0.6141732283464567100, -0.2330400459554472500, 0.0000000000000000000 ) ) ;
#1107 =( CONVERSION_BASED_UNIT ( 'INCH', #1543 ) LENGTH_UNIT ( ) NAMED_UNIT ( #2365 ) );
#1108 = CARTESIAN_POINT ( 'NONE',  ( 1.983109082822594600, -0.2731775371240574600, 0.1203126140518720600 ) ) ;
#1109 = FILL_AREA_STYLE_COLOUR ( '', #1539 ) ;
#1110 =( LENGTH_UNIT ( ) NAMED_UNIT ( * ) SI_UNIT ( $, .METRE. ) );
#1111 = DIRECTION ( 'NONE',  ( 0.0000000000000000000, -1.000000000000000000, -1.715124499442879900E-015 ) ) ;
#1112 = SURFACE_SIDE_STYLE ('',( #1519 ) ) ;
#1113 =( LENGTH_UNIT ( ) NAMED_UNIT ( * ) SI_UNIT ( $, .METRE. ) );
#1114 = DIRECTION ( 'NONE',  ( 1.000000000000000000, 3.965082230804130700E-016, -0.0000000000000000000 ) ) ;
#1115 =( NAMED_UNIT ( * ) PLANE_ANGLE_UNIT ( ) SI_UNIT ( $, .RADIAN. ) );
#1116 = SURFACE_SIDE_STYLE ('',( #1530 ) ) ;
#1117 =( CONVERSION_BASED_UNIT ( 'INCH', #1548 ) LENGTH_UNIT ( ) NAMED_UNIT ( #2374 ) );
#1118 = SURFACE_STYLE_USAGE ( .BOTH. , #1116 ) ;
#1119 = FILL_AREA_STYLE ('',( #1123 ) ) ;
#1120 = CARTESIAN_POINT ( 'NONE',  ( -3.069053646057427800, 2.353967828060297100, 4.154939406650944600 ) ) ;
#1121 = SURFACE_STYLE_USAGE ( .BOTH. , #1103 ) ;
#1122 = DIRECTION ( 'NONE',  ( 0.7084534360199485900, 0.7057575568079513800, 0.0000000000000000000 ) ) ;
#1123 = FILL_AREA_STYLE_COLOUR ( '', #1551 ) ;
#1124 =( NAMED_UNIT ( * ) SI_UNIT ( $, .STERADIAN. ) SOLID_ANGLE_UNIT ( ) );
#1125 = DIRECTION ( 'NONE',  ( 0.7044160264027581300, -0.7071067811865480200, 0.06162841671621971400 ) ) ;
#1126 = CARTESIAN_POINT ( 'NONE',  ( 1.977148495511700900, 2.120436819125291400, 0.1197911302342122100 ) ) ;
#1127 =( NAMED_UNIT ( * ) SI_UNIT ( $, .STERADIAN. ) SOLID_ANGLE_UNIT ( ) );
#1128 = CARTESIAN_POINT ( 'NONE',  ( -3.154836857423235100, 2.353967828060293600, 5.135445999260928000 ) ) ;
#1129 =( CONVERSION_BASED_UNIT ( 'INCH', #1535 ) LENGTH_UNIT ( ) NAMED_UNIT ( #2381 ) );
#1130 = DIRECTION ( 'NONE',  ( -0.08715574274765845700, 2.322295495842179000E-016, 0.9961946980917455500 ) ) ;
#1131 = DIRECTION ( 'NONE',  ( -3.965082230804130700E-016, 1.000000000000000000, 0.0000000000000000000 ) ) ;
#1132 =( LENGTH_UNIT ( ) NAMED_UNIT ( * ) SI_UNIT ( $, .METRE. ) );
#1133 = SURFACE_STYLE_USAGE ( .BOTH. , #1112 ) ;
#1134 = SURFACE_SIDE_STYLE ('',( #1542 ) ) ;
#1135 = SURFACE_STYLE_USAGE ( .BOTH. , #1134 ) ;
#1136 =( NAMED_UNIT ( * ) PLANE_ANGLE_UNIT ( ) SI_UNIT ( $, .RADIAN. ) );
#1137 = DIRECTION ( 'NONE',  ( 0.0000000000000000000, 2.135044278125299400E-015, -1.000000000000000000 ) ) ;
#1138 = DIRECTION ( 'NONE',  ( 0.0000000000000000000, -1.000000000000000000, -1.715124499442879900E-015 ) ) ;
#1139 = PLANE ( 'NONE',  #1658 ) ;
#1140 =( NAMED_UNIT ( * ) PLANE_ANGLE_UNIT ( ) SI_UNIT ( $, .RADIAN. ) );
#1141 =( NAMED_UNIT ( * ) SI_UNIT ( $, .STERADIAN. ) SOLID_ANGLE_UNIT ( ) );
#1142 =( NAMED_UNIT ( * ) PLANE_ANGLE_UNIT ( ) SI_UNIT ( $, .RADIAN. ) );
#1143 =( LENGTH_UNIT ( ) NAMED_UNIT ( * ) SI_UNIT ( $, .METRE. ) );
#1144 =( NAMED_UNIT ( * ) SI_UNIT ( $, .STERADIAN. ) SOLID_ANGLE_UNIT ( ) );
#1145 = FILL_AREA_STYLE ('',( #1105 ) ) ;
#1146 =( NAMED_UNIT ( * ) PLANE_ANGLE_UNIT ( ) SI_UNIT ( $, .RADIAN. ) );
#1147 =( CONVERSION_BASED_UNIT ( 'INCH', #1554 ) LENGTH_UNIT ( ) NAMED_UNIT ( #2382 ) );
#1148 = FILL_AREA_STYLE_COLOUR ( '', #1538 ) ;
#1149 = FILL_AREA_STYLE ('',( #1109 ) ) ;
#1150 = DIRECTION ( 'NONE',  ( 0.0000000000000000000, 2.135044278125299400E-015, -1.000000000000000000 ) ) ;
#1151 = PLANE ( 'NONE',  #1673 ) ;
#1152 = FILL_AREA_STYLE ('',( #1148 ) ) ;
#1153 = FILL_AREA_STYLE ('',( #1205 ) ) ;
#1154 = FILL_AREA_STYLE_COLOUR ( '', #1599 ) ;
#1155 = SURFACE_SIDE_STYLE ('',( #1595 ) ) ;
#1156 =( NAMED_UNIT ( * ) SI_UNIT ( $, .STERADIAN. ) SOLID_ANGLE_UNIT ( ) );
#1157 = PLANE ( 'NONE',  #1645 ) ;
#1158 = SURFACE_SIDE_STYLE ('',( #1574 ) ) ;
#1159 =( LENGTH_UNIT ( ) NAMED_UNIT ( * ) SI_UNIT ( $, .METRE. ) );
#1160 = FILL_AREA_STYLE ('',( #1170 ) ) ;
#1161 =( NAMED_UNIT ( * ) SI_UNIT ( $, .STERADIAN. ) SOLID_ANGLE_UNIT ( ) );
#1162 =( NAMED_UNIT ( * ) SI_UNIT ( $, .STERADIAN. ) SOLID_ANGLE_UNIT ( ) );
#1163 = PLANE ( 'NONE',  #1677 ) ;
#1164 = FILL_AREA_STYLE ('',( #1190 ) ) ;
#1165 = DIRECTION ( 'NONE',  ( -0.9864997997699045400, 0.1391731009600660500, -0.08630754905046093800 ) ) ;
#1166 = DIRECTION ( 'NONE',  ( 9.912705577010340300E-017, 1.000000000000000000, -0.0000000000000000000 ) ) ;
#1167 = FILL_AREA_STYLE ('',( #1178 ) ) ;
#1168 =( CONVERSION_BASED_UNIT ( 'INCH', #1598 ) LENGTH_UNIT ( ) NAMED_UNIT ( #2367 ) );
#1169 = SURFACE_STYLE_USAGE ( .BOTH. , #1185 ) ;
#1170 = FILL_AREA_STYLE_COLOUR ( '', #1568 ) ;
#1171 = PLANE ( 'NONE',  #1654 ) ;
#1172 = SURFACE_SIDE_STYLE ('',( #1597 ) ) ;
#1173 = DIRECTION ( 'NONE',  ( -1.000000000000000000, 9.912705577010340300E-017, 0.0000000000000000000 ) ) ;
#1174 =( NAMED_UNIT ( * ) PLANE_ANGLE_UNIT ( ) SI_UNIT ( $, .RADIAN. ) );
#1175 = CARTESIAN_POINT ( 'NONE',  ( -0.1732283464566929400, -0.2330400459554472500, 0.0000000000000000000 ) ) ;
#1176 = SURFACE_SIDE_STYLE ('',( #1563 ) ) ;
#1177 =( CONVERSION_BASED_UNIT ( 'INCH', #1567 ) LENGTH_UNIT ( ) NAMED_UNIT ( #2376 ) );
#1178 = FILL_AREA_STYLE_COLOUR ( '', #1573 ) ;
#1179 =( LENGTH_UNIT ( ) NAMED_UNIT ( * ) SI_UNIT ( $, .METRE. ) );
#1180 =( NAMED_UNIT ( * ) SI_UNIT ( $, .STERADIAN. ) SOLID_ANGLE_UNIT ( ) );
#1181 = CARTESIAN_POINT ( 'NONE',  ( -0.5305586140654685600, 3.038205597340712500, -0.09960481329715355200 ) ) ;
#1182 = DIRECTION ( 'NONE',  ( 0.9961946980917454300, 0.0000000000000000000, 0.08715574274765845700 ) ) ;
#1183 =( NAMED_UNIT ( * ) PLANE_ANGLE_UNIT ( ) SI_UNIT ( $, .RADIAN. ) );
#1184 = CARTESIAN_POINT ( 'NONE',  ( 0.2997742221919476600, 1.562235544595732600, 0.0000000000000000000 ) ) ;
#1185 = SURFACE_SIDE_STYLE ('',( #1556 ) ) ;
#1186 =( LENGTH_UNIT ( ) NAMED_UNIT ( * ) SI_UNIT ( $, .METRE. ) );
#1187 =( NAMED_UNIT ( * ) PLANE_ANGLE_UNIT ( ) SI_UNIT ( $, .RADIAN. ) );
#1188 = DIRECTION ( 'NONE',  ( 1.000000000000000000, 0.0000000000000000000, 0.0000000000000000000 ) ) ;
#1189 =( CONVERSION_BASED_UNIT ( 'INCH', #1555 ) LENGTH_UNIT ( ) NAMED_UNIT ( #2377 ) );
#1190 = FILL_AREA_STYLE_COLOUR ( '', #1600 ) ;
#1191 = CARTESIAN_POINT ( 'NONE',  ( -2.900472324417491700, -0.7999691798137207300, 2.193667348008988800 ) ) ;
#1192 = SURFACE_STYLE_USAGE ( .BOTH. , #1172 ) ;
#1193 =( NAMED_UNIT ( * ) PLANE_ANGLE_UNIT ( ) SI_UNIT ( $, .RADIAN. ) );
#1194 = SURFACE_STYLE_USAGE ( .BOTH. , #1176 ) ;
#1195 = DIRECTION ( 'NONE',  ( 0.0000000000000000000, 0.0000000000000000000, 1.000000000000000000 ) ) ;
#1196 =( CONVERSION_BASED_UNIT ( 'INCH', #1581 ) LENGTH_UNIT ( ) NAMED_UNIT ( #2380 ) );
#1197 = DIRECTION ( 'NONE',  ( -0.0000000000000000000, 1.000000000000000000, 1.715124499442879900E-015 ) ) ;
#1198 = CARTESIAN_POINT ( 'NONE',  ( 1.200376999629889900, 2.230021937991484300, 0.05183243019447913300 ) ) ;
#1199 = SURFACE_STYLE_USAGE ( .BOTH. , #1158 ) ;
#1200 = DIRECTION ( 'NONE',  ( -0.08715574274765847100, 2.322295495842178500E-016, 0.9961946980917455500 ) ) ;
#1201 =( LENGTH_UNIT ( ) NAMED_UNIT ( * ) SI_UNIT ( $, .METRE. ) );
#1202 = DIRECTION ( 'NONE',  ( 0.0000000000000000000, -1.601283208593976200E-015, 1.000000000000000000 ) ) ;
#1203 = DIRECTION ( 'NONE',  ( -0.1396943646708926600, -0.9901946699913082300, 0.0000000000000000000 ) ) ;
#1204 = FILL_AREA_STYLE ('',( #1154 ) ) ;
#1205 = FILL_AREA_STYLE_COLOUR ( '', #1590 ) ;
#1206 =( LENGTH_UNIT ( ) NAMED_UNIT ( * ) SI_UNIT ( $, .METRE. ) );
#1207 =( CONVERSION_BASED_UNIT ( 'INCH', #1376 ) LENGTH_UNIT ( ) NAMED_UNIT ( #2366 ) );
#1208 = CARTESIAN_POINT ( 'NONE',  ( -3.069053646057427800, 2.353967828060297100, 4.154939406650944600 ) ) ;
#1209 =( NAMED_UNIT ( * ) PLANE_ANGLE_UNIT ( ) SI_UNIT ( $, .RADIAN. ) );
#1210 =( NAMED_UNIT ( * ) PLANE_ANGLE_UNIT ( ) SI_UNIT ( $, .RADIAN. ) );
#1211 =( NAMED_UNIT ( * ) SI_UNIT ( $, .STERADIAN. ) SOLID_ANGLE_UNIT ( ) );
#1212 =( CONVERSION_BASED_UNIT ( 'INCH', #1371 ) LENGTH_UNIT ( ) NAMED_UNIT ( #2373 ) );
#1213 = SURFACE_SIDE_STYLE ('',( #1607 ) ) ;
#1214 = FILL_AREA_STYLE_COLOUR ( '', #1618 ) ;
#1215 = DIRECTION ( 'NONE',  ( 0.0000000000000000000, 2.135044278125299400E-015, -1.000000000000000000 ) ) ;
#1216 = SURFACE_SIDE_STYLE ('',( #1586 ) ) ;
#1217 = SURFACE_STYLE_USAGE ( .BOTH. , #1213 ) ;
#1218 = SURFACE_STYLE_USAGE ( .BOTH. , #1216 ) ;
#1219 = DIRECTION ( 'NONE',  ( 0.0000000000000000000, 1.715124499442879700E-015, -1.000000000000000000 ) ) ;
#1220 =( NAMED_UNIT ( * ) SI_UNIT ( $, .STERADIAN. ) SOLID_ANGLE_UNIT ( ) );
#1221 = CARTESIAN_POINT ( 'NONE',  ( 1.767651768505787300, 0.6240961227414685300, 0.1014625415754098500 ) ) ;
#1222 =( LENGTH_UNIT ( ) NAMED_UNIT ( * ) SI_UNIT ( $, .METRE. ) );
#1223 = DIRECTION ( 'NONE',  ( -0.08715574274765845700, 2.305988929144469000E-016, 0.9961946980917455500 ) ) ;
#1224 = SURFACE_STYLE_USAGE ( .BOTH. , #1155 ) ;
#1225 = PLANE ( 'NONE',  #674 ) ;
#1226 = FILL_AREA_STYLE_COLOUR ( '', #1608 ) ;
#1227 =( CONVERSION_BASED_UNIT ( 'INCH', #1604 ) LENGTH_UNIT ( ) NAMED_UNIT ( #2368 ) );
#1228 =( NAMED_UNIT ( * ) PLANE_ANGLE_UNIT ( ) SI_UNIT ( $, .RADIAN. ) );
#1229 = CARTESIAN_POINT ( 'NONE',  ( -0.5487822063341810700, 2.105936331997307200, 1.104422805726893900 ) ) ;
#1230 = DIRECTION ( 'NONE',  ( 0.0000000000000000000, -1.000000000000000000, -1.715124499442879700E-015 ) ) ;
#1231 = FILL_AREA_STYLE_COLOUR ( '', #1370 ) ;
#1232 = SURFACE_SIDE_STYLE ('',( #1606 ) ) ;
#1233 = DIRECTION ( 'NONE',  ( -0.08715574274765845700, 2.322295495842179000E-016, 0.9961946980917455500 ) ) ;
#1234 =( LENGTH_UNIT ( ) NAMED_UNIT ( * ) SI_UNIT ( $, .METRE. ) );
#1235 =( LENGTH_UNIT ( ) NAMED_UNIT ( * ) SI_UNIT ( $, .METRE. ) );
#1236 = CARTESIAN_POINT ( 'NONE',  ( 0.3147688010639259600, 1.562235544595732600, -0.02564824750565803200 ) ) ;
#1237 =( CONVERSION_BASED_UNIT ( 'INCH', #1374 ) LENGTH_UNIT ( ) NAMED_UNIT ( #2372 ) );
#1238 =( NAMED_UNIT ( * ) SI_UNIT ( $, .STERADIAN. ) SOLID_ANGLE_UNIT ( ) );
#1239 = DIRECTION ( 'NONE',  ( 0.9961946980917455500, 0.0000000000000000000, 0.08715574274765845700 ) ) ;
#1240 = FILL_AREA_STYLE_COLOUR ( '', #1372 ) ;
#1241 = FILL_AREA_STYLE ('',( #1231 ) ) ;
#1242 =( CONVERSION_BASED_UNIT ( 'INCH', #1579 ) LENGTH_UNIT ( ) NAMED_UNIT ( #2364 ) );
#1243 = DIRECTION ( 'NONE',  ( 0.9961946980917455500, 0.0000000000000000000, 0.08715574274765844300 ) ) ;
#1244 =( LENGTH_UNIT ( ) NAMED_UNIT ( * ) SI_UNIT ( $, .METRE. ) );
#1245 = FILL_AREA_STYLE ('',( #1226 ) ) ;
#1246 = CARTESIAN_POINT ( 'NONE',  ( -0.1732283464566929400, 0.2079048359343165500, 0.0000000000000000000 ) ) ;
#1247 = FILL_AREA_STYLE ('',( #1240 ) ) ;
#1248 = FILL_AREA_STYLE ('',( #1214 ) ) ;
#1249 =( NAMED_UNIT ( * ) PLANE_ANGLE_UNIT ( ) SI_UNIT ( $, .RADIAN. ) );
#1250 =( NAMED_UNIT ( * ) SI_UNIT ( $, .STERADIAN. ) SOLID_ANGLE_UNIT ( ) );
#1251 = SURFACE_SIDE_STYLE ('',( #1373 ) ) ;
#1252 =( NAMED_UNIT ( * ) PLANE_ANGLE_UNIT ( ) SI_UNIT ( $, .RADIAN. ) );
#1253 = DIRECTION ( 'NONE',  ( 0.0000000000000000000, -1.000000000000000000, -1.715124499442879900E-015 ) ) ;
#1254 = SURFACE_STYLE_USAGE ( .BOTH. , #1232 ) ;
#1255 = SURFACE_STYLE_USAGE ( .BOTH. , #1251 ) ;
#1256 =( NAMED_UNIT ( * ) SI_UNIT ( $, .STERADIAN. ) SOLID_ANGLE_UNIT ( ) );
#1257 = PLANE ( 'NONE',  #676 ) ;
#1258 =( LENGTH_UNIT ( ) NAMED_UNIT ( * ) SI_UNIT ( $, .METRE. ) );
#1259 =( NAMED_UNIT ( * ) PLANE_ANGLE_UNIT ( ) SI_UNIT ( $, .RADIAN. ) );
#1260 = APPLICATION_PROTOCOL_DEFINITION ( 'draft international standard', 'automotive_design', 1998, #1271 ) ;
#1261 = FILL_AREA_STYLE ('',( #1276 ) ) ;
#1262 =( NAMED_UNIT ( * ) SI_UNIT ( $, .STERADIAN. ) SOLID_ANGLE_UNIT ( ) );
#1263 = CARTESIAN_POINT ( 'NONE',  ( 0.0000000000000000000, 0.0000000000000000000, 0.0000000000000000000 ) ) ;
#1264 =( CONVERSION_BASED_UNIT ( 'INCH', #1380 ) LENGTH_UNIT ( ) NAMED_UNIT ( #2370 ) );
#1265 =( NAMED_UNIT ( * ) SI_UNIT ( $, .STERADIAN. ) SOLID_ANGLE_UNIT ( ) );
#1266 = DIRECTION ( 'NONE',  ( 0.0000000000000000000, 0.0000000000000000000, 1.000000000000000000 ) ) ;
#1267 = DIRECTION ( 'NONE',  ( 1.000000000000000000, 0.0000000000000000000, 0.0000000000000000000 ) ) ;
#1268 = DIRECTION ( 'NONE',  ( -3.965082230804130700E-016, -1.000000000000000000, 0.0000000000000000000 ) ) ;
#1269 = APPLICATION_CONTEXT ( 'automotive_design' ) ;
#1270 =( NAMED_UNIT ( * ) PLANE_ANGLE_UNIT ( ) SI_UNIT ( $, .RADIAN. ) );
#1271 = APPLICATION_CONTEXT ( 'automotive_design' ) ;
#1272 = DIRECTION ( 'NONE',  ( -1.000000000000000000, 3.965082230804130700E-016, 0.0000000000000000000 ) ) ;
#1273 = PRODUCT_CONTEXT ( 'NONE', #1271, 'mechanical' ) ;
#1274 =( LENGTH_UNIT ( ) NAMED_UNIT ( * ) SI_UNIT ( $, .METRE. ) );
#1275 = SURFACE_SIDE_STYLE ('',( #266 ) ) ;
#1276 = FILL_AREA_STYLE_COLOUR ( '', #284 ) ;
#1277 =( CONVERSION_BASED_UNIT ( 'INCH', #756 ) LENGTH_UNIT ( ) NAMED_UNIT ( #2378 ) );
#1278 = APPLICATION_PROTOCOL_DEFINITION ( 'draft international standard', 'automotive_design', 1998, #1269 ) ;
#1279 = SURFACE_STYLE_USAGE ( .BOTH. , #1275 ) ;
#1280 = FILL_AREA_STYLE ('',( #1282 ) ) ;
#1281 = CARTESIAN_POINT ( 'NONE',  ( 0.6137770463608465100, 0.8361560678294921400, 0.0005115842586015117700 ) ) ;
#1282 = FILL_AREA_STYLE_COLOUR ( '', #1471 ) ;
#1283 = PLANE ( 'NONE',  #1662 ) ;
#1284 = CARTESIAN_POINT ( 'NONE',  ( -0.5487822063341810700, 2.353967828060299400, 1.104422805726893900 ) ) ;
#1285 = CARTESIAN_POINT ( 'NONE',  ( 0.6022410118904675300, 0.8332733119325866900, -0.001488272698748035000 ) ) ;
#1286 = DIRECTION ( 'NONE',  ( 0.0000000000000000000, -1.000000000000000000, -1.715124499442879700E-015 ) ) ;
#1287 =( LENGTH_UNIT ( ) NAMED_UNIT ( * ) SI_UNIT ( $, .METRE. ) );
#1288 = CARTESIAN_POINT ( 'NONE',  ( 0.6253716232911671300, 0.8391381337232009000, 3.202063970642949300E-005 ) ) ;
#1289 = CARTESIAN_POINT ( 'NONE',  ( 0.6252851489495202500, 0.8391381337232009000, 0.001020426887578090700 ) ) ;
#1290 =( LENGTH_UNIT ( ) NAMED_UNIT ( * ) SI_UNIT ( $, .METRE. ) );
#1291 = SURFACE_SIDE_STYLE ('',( #1465 ) ) ;
#1292 =( NAMED_UNIT ( * ) PLANE_ANGLE_UNIT ( ) SI_UNIT ( $, .RADIAN. ) );
#1293 = SURFACE_STYLE_USAGE ( .BOTH. , #1306 ) ;
#1294 =( NAMED_UNIT ( * ) SI_UNIT ( $, .STERADIAN. ) SOLID_ANGLE_UNIT ( ) );
#1295 = CARTESIAN_POINT ( 'NONE',  ( 0.6022264964168287900, 0.8332733119325866900, -0.0009921817991653549500 ) ) ;
#1296 = CARTESIAN_POINT ( 'NONE',  ( 0.6138349419821911300, 0.8361560678294921400, -0.0004793223033146759600 ) ) ;
#1297 = CARTESIAN_POINT ( 'NONE',  ( 0.5905511811023661500, 0.8304910535544369800, -0.0004960908995826801900 ) ) ;
#1298 = CARTESIAN_POINT ( 'NONE',  ( 0.6138638897928635500, 0.8361560678294921400, -0.0009747755842727698000 ) ) ;
#1299 = CARTESIAN_POINT ( 'NONE',  ( 0.6022119809431899500, 0.8332733119325866900, -0.0004960908995826749800 ) ) ;
#1300 = CARTESIAN_POINT ( 'NONE',  ( 0.5905511811023661500, 0.8304910535544369800, -0.001488272698748040500 ) ) ;
#1301 = SURFACE_STYLE_USAGE ( .BOTH. , #1291 ) ;
#1302 = DIRECTION ( 'NONE',  ( 0.0000000000000000000, 1.715124499442879700E-015, -1.000000000000000000 ) ) ;
#1303 =( CONVERSION_BASED_UNIT ( 'INCH', #1487 ) LENGTH_UNIT ( ) NAMED_UNIT ( #2405 ) );
#1304 = CARTESIAN_POINT ( 'NONE',  ( 0.6138059941715188200, 0.8361560678294921400, 1.613097764341795900E-005 ) ) ;
#1305 = CARTESIAN_POINT ( 'NONE',  ( 0.5905511811023661500, 0.8304910535544369800, 0.0000000000000000000 ) ) ;
#1306 = SURFACE_SIDE_STYLE ('',( #1464 ) ) ;
#1307 = FILL_AREA_STYLE ('',( #1309 ) ) ;
#1308 = CARTESIAN_POINT ( 'NONE',  ( 0.6021974654695512200, 0.8332733119325866900, 5.171989222312480700E-018 ) ) ;
#1309 = FILL_AREA_STYLE_COLOUR ( '', #1488 ) ;
#1310 = CARTESIAN_POINT ( 'NONE',  ( 0.5905511811023661500, 0.8304910535544369800, -0.0009921817991653603700 ) ) ;
#1311 =( NAMED_UNIT ( * ) PLANE_ANGLE_UNIT ( ) SI_UNIT ( $, .RADIAN. ) );
#1312 =( NAMED_UNIT ( * ) SI_UNIT ( $, .STERADIAN. ) SOLID_ANGLE_UNIT ( ) );
#1313 =( CONVERSION_BASED_UNIT ( 'INCH', #1491 ) LENGTH_UNIT ( ) NAMED_UNIT ( #2387 ) );
#1314 = CARTESIAN_POINT ( 'NONE',  ( 0.6253283861203438000, 0.8391381337232009000, 0.0005262237636422601400 ) ) ;
#1315 = ADVANCED_FACE ( 'NONE', ( #338 ), #374, .F. ) ;
#1316 = ADVANCED_FACE ( 'NONE', ( #347 ), #377, .T. ) ;
#1317 = ADVANCED_FACE ( 'NONE', ( #378, #388 ), #636, .T. ) ;
#1318 = ADVANCED_FACE ( 'NONE', ( #398 ), #642, .T. ) ;
#1319 = ADVANCED_FACE ( 'NONE', ( #401 ), #624, .T. ) ;
#1320 = ADVANCED_FACE ( 'NONE', ( #395 ), #392, .F. ) ;
#1321 = ADVANCED_FACE ( 'NONE', ( #421 ), #394, .F. ) ;
#1322 = ADVANCED_FACE ( 'NONE', ( #408 ), #494, .T. ) ;
#1323 = ADVANCED_FACE ( 'NONE', ( #410 ), #406, .F. ) ;
#1324 = ADVANCED_FACE ( 'NONE', ( #431, #275 ), #810, .T. ) ;
#1325 = ADVANCED_FACE ( 'NONE', ( #267 ), #264, .T. ) ;
#1326 = ADVANCED_FACE ( 'NONE', ( #270 ), #815, .T. ) ;
#1327 = ADVANCED_FACE ( 'NONE', ( #1404 ), #1396, .T. ) ;
#1328 = ADVANCED_FACE ( 'NONE', ( #1401 ), #830, .T. ) ;
#1329 = ADVANCED_FACE ( 'NONE', ( #1387, #1385 ), #850, .F. ) ;
#1330 = ADVANCED_FACE ( 'NONE', ( #1389 ), #761, .T. ) ;
#1331 = ADVANCED_FACE ( 'NONE', ( #1415 ), #1428, .T. ) ;
#1332 = ADVANCED_FACE ( 'NONE', ( #1427 ), #1414, .F. ) ;
#1333 = ADVANCED_FACE ( 'NONE', ( #1418 ), #153, .T. ) ;
#1334 = ADVANCED_FACE ( 'NONE', ( #1429 ), #1423, .F. ) ;
#1335 = DIMENSIONAL_EXPONENTS ( 1.000000000000000000, 0.0000000000000000000, 0.0000000000000000000, 0.0000000000000000000, 0.0000000000000000000, 0.0000000000000000000, 0.0000000000000000000 ) ;
#1336 = ADVANCED_FACE ( 'NONE', ( #1438 ), #1409, .F. ) ;
#1337 = ADVANCED_FACE ( 'NONE', ( #1452 ), #179, .T. ) ;
#1338 = ADVANCED_FACE ( 'NONE', ( #1455 ), #1437, .T. ) ;
#1339 = ADVANCED_FACE ( 'NONE', ( #1473 ), #1450, .T. ) ;
#1340 = ADVANCED_FACE ( 'NONE', ( #1475, #1468, #1481, #1459, #1466, #1462 ), #1283, .F. ) ;
#1341 = ADVANCED_FACE ( 'NONE', ( #1470 ), #1366, .T. ) ;
#1342 = ADVANCED_FACE ( 'NONE', ( #1469 ), #1497, .F. ) ;
#1343 = ADVANCED_FACE ( 'NONE', ( #1500 ), #2022, .T. ) ;
#1344 = ADVANCED_FACE ( 'NONE', ( #1502 ), #1498, .T. ) ;
#1345 = ADVANCED_FACE ( 'NONE', ( #1521 ), #1505, .F. ) ;
#1346 = ADVANCED_FACE ( 'NONE', ( #1523 ), #1527, .F. ) ;
#1347 = ADVANCED_FACE ( 'NONE', ( #1506 ), #1508, .F. ) ;
#1348 = ADVANCED_FACE ( 'NONE', ( #1529 ), #1139, .T. ) ;
#1349 = ADVANCED_FACE ( 'NONE', ( #1514 ), #1151, .T. ) ;
#1350 = ADVANCED_FACE ( 'NONE', ( #1541 ), #1546, .T. ) ;
#1351 = ADVANCED_FACE ( 'NONE', ( #1540 ), #1534, .F. ) ;
#1352 = ADVANCED_FACE ( 'NONE', ( #1537 ), #1536, .F. ) ;
#1353 = DIMENSIONAL_EXPONENTS ( 1.000000000000000000, 0.0000000000000000000, 0.0000000000000000000, 0.0000000000000000000, 0.0000000000000000000, 0.0000000000000000000, 0.0000000000000000000 ) ;
#1354 = ADVANCED_FACE ( 'NONE', ( #1562 ), #1157, .T. ) ;
#1355 = ADVANCED_FACE ( 'NONE', ( #1570, #1569 ), #1163, .F. ) ;
#1356 = ADVANCED_FACE ( 'NONE', ( #1572 ), #1571, .F. ) ;
#1357 = ADVANCED_FACE ( 'NONE', ( #1591 ), #1171, .T. ) ;
#1358 = ADVANCED_FACE ( 'NONE', ( #1596 ), #1593, .F. ) ;
#1359 = ADVANCED_FACE ( 'NONE', ( #1603 ), #1589, .T. ) ;
#1360 = ADVANCED_FACE ( 'NONE', ( #1594 ), #1592, .F. ) ;
#1361 = DIMENSIONAL_EXPONENTS ( 1.000000000000000000, 0.0000000000000000000, 0.0000000000000000000, 0.0000000000000000000, 0.0000000000000000000, 0.0000000000000000000, 0.0000000000000000000 ) ;
#1362 = ADVANCED_FACE ( 'NONE', ( #1619, #1622, #1620, #1613, #1605, #1612 ), #1257, .T. ) ;
#1363 = ADVANCED_FACE ( 'NONE', ( #1617 ), #1614, .F. ) ;
#1364 = ADVANCED_FACE ( 'NONE', ( #1367 ), #1225, .T. ) ;
#1365 = UNCERTAINTY_MEASURE_WITH_UNIT (LENGTH_MEASURE( 1.000000000000000100E-005 ), #659, 'distance_accuracy_value', 'NONE');
#1366 = B_SPLINE_SURFACE_WITH_KNOTS ( 'NONE', 3, 3, ( 
 ( #1300, #1285, #1298, #1288 ),
 ( #1310, #1295, #1296, #1314 ),
 ( #1297, #1299, #1304, #1289 ),
 ( #1305, #1308, #1281, #2047 ),
 ( #2067, #2052, #2049, #2068 ),
 ( #2048, #2057, #2060, #2050 ),
 ( #2064, #2054, #2051, #2058 ) ),
 .UNSPECIFIED., .F., .F., .F.,
 ( 4, 3, 4 ),
 ( 4, 4 ),
 ( -0.001890106327410011100, 0.0000000000000000000, 0.3150000000000000000 ),
 ( -0.3373436032632050100, -0.3086385257848239800 ),
 .UNSPECIFIED. ) ;
#1367 = FACE_OUTER_BOUND ( 'NONE', #720, .T. ) ;
#1368 = STYLED_ITEM ( 'NONE', ( #1381 ), #1364 ) ;
#1369 = STYLED_ITEM ( 'NONE', ( #1375 ), #1363 ) ;
#1370 = COLOUR_RGB ( '',0.6274509803921568500, 0.6274509803921568500, 0.6274509803921568500 ) ;
#1371 = LENGTH_MEASURE_WITH_UNIT ( LENGTH_MEASURE( 0.02539999999999999900 ), #1235 );
#1372 = COLOUR_RGB ( '',0.6274509803921568500, 0.6274509803921568500, 0.6274509803921568500 ) ;
#1373 = SURFACE_STYLE_FILL_AREA ( #1247 ) ;
#1374 = LENGTH_MEASURE_WITH_UNIT ( LENGTH_MEASURE( 0.02539999999999999900 ), #1244 );
#1375 = PRESENTATION_STYLE_ASSIGNMENT (( #1217 ) ) ;
#1376 = LENGTH_MEASURE_WITH_UNIT ( LENGTH_MEASURE( 0.02539999999999999900 ), #1206 );
#1377 =( GEOMETRIC_REPRESENTATION_CONTEXT ( 3 ) GLOBAL_UNCERTAINTY_ASSIGNED_CONTEXT ( ( #451 ) ) GLOBAL_UNIT_ASSIGNED_CONTEXT ( ( #1212, #1210, #1256 ) ) REPRESENTATION_CONTEXT ( 'NONE', 'WORKASPACE' ) );
#1378 =( GEOMETRIC_REPRESENTATION_CONTEXT ( 3 ) GLOBAL_UNCERTAINTY_ASSIGNED_CONTEXT ( ( #438 ) ) GLOBAL_UNIT_ASSIGNED_CONTEXT ( ( #1207, #1209, #1211 ) ) REPRESENTATION_CONTEXT ( 'NONE', 'WORKASPACE' ) );
#1379 =( GEOMETRIC_REPRESENTATION_CONTEXT ( 3 ) GLOBAL_UNCERTAINTY_ASSIGNED_CONTEXT ( ( #443 ) ) GLOBAL_UNIT_ASSIGNED_CONTEXT ( ( #1237, #1249, #1220 ) ) REPRESENTATION_CONTEXT ( 'NONE', 'WORKASPACE' ) );
#1380 = LENGTH_MEASURE_WITH_UNIT ( LENGTH_MEASURE( 0.02539999999999999900 ), #1274 );
#1381 = PRESENTATION_STYLE_ASSIGNMENT (( #1255 ) ) ;
#1382 = LENGTH_MEASURE_WITH_UNIT ( LENGTH_MEASURE( 0.02539999999999999900 ), #847 );
#1383 =( GEOMETRIC_REPRESENTATION_CONTEXT ( 3 ) GLOBAL_UNCERTAINTY_ASSIGNED_CONTEXT ( ( #472 ) ) GLOBAL_UNIT_ASSIGNED_CONTEXT ( ( #812, #803, #794 ) ) REPRESENTATION_CONTEXT ( 'NONE', 'WORKASPACE' ) );
#1384 = STYLED_ITEM ( 'NONE', ( #1399 ), #1327 ) ;
#1385 = FACE_OUTER_BOUND ( 'NONE', #708, .T. ) ;
#1386 = SURFACE_STYLE_FILL_AREA ( #770 ) ;
#1387 = FACE_BOUND ( 'NONE', #697, .T. ) ;
#1388 = STYLED_ITEM ( 'NONE', ( #1406 ), #1328 ) ;
#1389 = FACE_OUTER_BOUND ( 'NONE', #689, .T. ) ;
#1390 =( GEOMETRIC_REPRESENTATION_CONTEXT ( 3 ) GLOBAL_UNCERTAINTY_ASSIGNED_CONTEXT ( ( #464 ) ) GLOBAL_UNIT_ASSIGNED_CONTEXT ( ( #835, #837, #838 ) ) REPRESENTATION_CONTEXT ( 'NONE', 'WORKASPACE' ) );
#1391 = LENGTH_MEASURE_WITH_UNIT ( LENGTH_MEASURE( 0.02539999999999999900 ), #834 );
#1392 = LENGTH_MEASURE_WITH_UNIT ( LENGTH_MEASURE( 0.02539999999999999900 ), #802 );
#1393 = SURFACE_STYLE_FILL_AREA ( #836 ) ;
#1394 = COLOUR_RGB ( '',0.6274509803921568500, 0.6274509803921568500, 0.6274509803921568500 ) ;
#1395 = SURFACE_STYLE_FILL_AREA ( #851 ) ;
#1396 = CYLINDRICAL_SURFACE ( 'NONE', #1696, 0.7874015748031497600 ) ;
#1397 = PRESENTATION_STYLE_ASSIGNMENT (( #845 ) ) ;
#1398 =( GEOMETRIC_REPRESENTATION_CONTEXT ( 3 ) GLOBAL_UNCERTAINTY_ASSIGNED_CONTEXT ( ( #460 ) ) GLOBAL_UNIT_ASSIGNED_CONTEXT ( ( #817, #818, #808 ) ) REPRESENTATION_CONTEXT ( 'NONE', 'WORKASPACE' ) );
#1399 = PRESENTATION_STYLE_ASSIGNMENT (( #828 ) ) ;
#1400 = COLOUR_RGB ( '',0.6274509803921568500, 0.6274509803921568500, 0.6274509803921568500 ) ;
#1401 = FACE_OUTER_BOUND ( 'NONE', #736, .T. ) ;
#1402 = COLOUR_RGB ( '',0.6274509803921568500, 0.6274509803921568500, 0.6274509803921568500 ) ;
#1403 = STYLED_ITEM ( 'NONE', ( #1397 ), #1329 ) ;
#1404 = FACE_OUTER_BOUND ( 'NONE', #711, .T. ) ;
#1405 = SURFACE_STYLE_FILL_AREA ( #833 ) ;
#1406 = PRESENTATION_STYLE_ASSIGNMENT (( #811 ) ) ;
#1407 = STYLED_ITEM ( 'NONE', ( #1408 ), #1330 ) ;
#1408 = PRESENTATION_STYLE_ASSIGNMENT (( #779 ) ) ;
#1409 = CYLINDRICAL_SURFACE ( 'NONE', #1642, 0.2559055118110238300 ) ;
#1410 = PRESENTATION_STYLE_ASSIGNMENT (( #786 ) ) ;
#1411 = STYLED_ITEM ( 'NONE', ( #1410 ), #1331 ) ;
#1412 = LENGTH_MEASURE_WITH_UNIT ( LENGTH_MEASURE( 0.02539999999999999900 ), #778 );
#1413 = LENGTH_MEASURE_WITH_UNIT ( LENGTH_MEASURE( 0.02539999999999999900 ), #787 );
#1414 = CYLINDRICAL_SURFACE ( 'NONE', #1714, 0.2559055118110238300 ) ;
#1415 = FACE_OUTER_BOUND ( 'NONE', #698, .T. ) ;
#1416 = COLOUR_RGB ( '',0.6274509803921568500, 0.6274509803921568500, 0.6274509803921568500 ) ;
#1417 = COLOUR_RGB ( '',0.6274509803921568500, 0.6274509803921568500, 0.6274509803921568500 ) ;
#1418 = FACE_OUTER_BOUND ( 'NONE', #710, .T. ) ;
#1419 = SURFACE_STYLE_FILL_AREA ( #160 ) ;
#1420 =( GEOMETRIC_REPRESENTATION_CONTEXT ( 3 ) GLOBAL_UNCERTAINTY_ASSIGNED_CONTEXT ( ( #465 ) ) GLOBAL_UNIT_ASSIGNED_CONTEXT ( ( #846, #760, #763 ) ) REPRESENTATION_CONTEXT ( 'NONE', 'WORKASPACE' ) );
#1421 =( GEOMETRIC_REPRESENTATION_CONTEXT ( 3 ) GLOBAL_UNCERTAINTY_ASSIGNED_CONTEXT ( ( #461 ) ) GLOBAL_UNIT_ASSIGNED_CONTEXT ( ( #773, #774, #785 ) ) REPRESENTATION_CONTEXT ( 'NONE', 'WORKASPACE' ) );
#1422 = SURFACE_STYLE_FILL_AREA ( #174 ) ;
#1423 = CYLINDRICAL_SURFACE ( 'NONE', #1628, 0.2559055118110238300 ) ;
#1424 = LENGTH_MEASURE_WITH_UNIT ( LENGTH_MEASURE( 0.02539999999999999900 ), #166 );
#1425 =( GEOMETRIC_REPRESENTATION_CONTEXT ( 3 ) GLOBAL_UNCERTAINTY_ASSIGNED_CONTEXT ( ( #462 ) ) GLOBAL_UNIT_ASSIGNED_CONTEXT ( ( #788, #789, #790 ) ) REPRESENTATION_CONTEXT ( 'NONE', 'WORKASPACE' ) );
#1426 = SURFACE_STYLE_FILL_AREA ( #771 ) ;
#1427 = FACE_OUTER_BOUND ( 'NONE', #714, .T. ) ;
#1428 = CYLINDRICAL_SURFACE ( 'NONE', #1709, 0.7874015748031503200 ) ;
#1429 = FACE_OUTER_BOUND ( 'NONE', #692, .T. ) ;
#1430 = COLOUR_RGB ( '',0.6274509803921568500, 0.6274509803921568500, 0.6274509803921568500 ) ;
#1431 = PRESENTATION_STYLE_ASSIGNMENT (( #172 ) ) ;
#1432 = STYLED_ITEM ( 'NONE', ( #1431 ), #1333 ) ;
#1433 =( GEOMETRIC_REPRESENTATION_CONTEXT ( 3 ) GLOBAL_UNCERTAINTY_ASSIGNED_CONTEXT ( ( #463 ) ) GLOBAL_UNIT_ASSIGNED_CONTEXT ( ( #150, #151, #152 ) ) REPRESENTATION_CONTEXT ( 'NONE', 'WORKASPACE' ) );
#1434 = LENGTH_MEASURE_WITH_UNIT ( LENGTH_MEASURE( 0.02539999999999999900 ), #161 );
#1435 = PRESENTATION_STYLE_ASSIGNMENT (( #187 ) ) ;
#1436 = SURFACE_STYLE_FILL_AREA ( #185 ) ;
#1437 = CYLINDRICAL_SURFACE ( 'NONE', #1634, 0.7874015748031497600 ) ;
#1438 = FACE_OUTER_BOUND ( 'NONE', #712, .T. ) ;
#1439 = LENGTH_MEASURE_WITH_UNIT ( LENGTH_MEASURE( 0.02539999999999999900 ), #190 );
#1440 =( GEOMETRIC_REPRESENTATION_CONTEXT ( 3 ) GLOBAL_UNCERTAINTY_ASSIGNED_CONTEXT ( ( #457 ) ) GLOBAL_UNIT_ASSIGNED_CONTEXT ( ( #177, #184, #176 ) ) REPRESENTATION_CONTEXT ( 'NONE', 'WORKASPACE' ) );
#1441 = LENGTH_MEASURE_WITH_UNIT ( LENGTH_MEASURE( 0.02539999999999999900 ), #41 );
#1442 = STYLED_ITEM ( 'NONE', ( #1453 ), #1334 ) ;
#1443 = STYLED_ITEM ( 'NONE', ( #1435 ), #1336 ) ;
#1444 = SURFACE_STYLE_FILL_AREA ( #97 ) ;
#1445 = COLOUR_RGB ( '',0.6274509803921568500, 0.6274509803921568500, 0.6274509803921568500 ) ;
#1446 = PRESENTATION_STYLE_ASSIGNMENT (( #58 ) ) ;
#1447 =( GEOMETRIC_REPRESENTATION_CONTEXT ( 3 ) GLOBAL_UNCERTAINTY_ASSIGNED_CONTEXT ( ( #466 ) ) GLOBAL_UNIT_ASSIGNED_CONTEXT ( ( #173, #162, #164 ) ) REPRESENTATION_CONTEXT ( 'NONE', 'WORKASPACE' ) );
#1448 = COLOUR_RGB ( '',0.6274509803921568500, 0.6274509803921568500, 0.6274509803921568500 ) ;
#1449 = COLOUR_RGB ( '',0.6274509803921568500, 0.6274509803921568500, 0.6274509803921568500 ) ;
#1450 = CYLINDRICAL_SURFACE ( 'NONE', #1640, 0.3980314960629920400 ) ;
#1451 = SURFACE_STYLE_FILL_AREA ( #188 ) ;
#1452 = FACE_OUTER_BOUND ( 'NONE', #735, .T. ) ;
#1453 = PRESENTATION_STYLE_ASSIGNMENT (( #171 ) ) ;
#1454 = STYLED_ITEM ( 'NONE', ( #1446 ), #1337 ) ;
#1455 = FACE_OUTER_BOUND ( 'NONE', #707, .T. ) ;
#1456 = LENGTH_MEASURE_WITH_UNIT ( LENGTH_MEASURE( 0.02539999999999999900 ), #65 );
#1457 =( GEOMETRIC_REPRESENTATION_CONTEXT ( 3 ) GLOBAL_UNCERTAINTY_ASSIGNED_CONTEXT ( ( #474 ) ) GLOBAL_UNIT_ASSIGNED_CONTEXT ( ( #67, #129, #130 ) ) REPRESENTATION_CONTEXT ( 'NONE', 'WORKASPACE' ) );
#1458 = PRESENTATION_STYLE_ASSIGNMENT (( #1293 ) ) ;
#1459 = FACE_BOUND ( 'NONE', #715, .T. ) ;
#1460 = PRESENTATION_STYLE_ASSIGNMENT (( #60 ) ) ;
#1461 = SURFACE_STYLE_FILL_AREA ( #54 ) ;
#1462 = FACE_BOUND ( 'NONE', #691, .T. ) ;
#1463 = COLOUR_RGB ( '',0.6274509803921568500, 0.6274509803921568500, 0.6274509803921568500 ) ;
#1464 = SURFACE_STYLE_FILL_AREA ( #1280 ) ;
#1465 = SURFACE_STYLE_FILL_AREA ( #1307 ) ;
#1466 = FACE_BOUND ( 'NONE', #680, .T. ) ;
#1467 = PRESENTATION_STYLE_ASSIGNMENT (( #56 ) ) ;
#1468 = FACE_BOUND ( 'NONE', #726, .T. ) ;
#1469 = FACE_OUTER_BOUND ( 'NONE', #685, .T. ) ;
#1470 = FACE_OUTER_BOUND ( 'NONE', #696, .T. ) ;
#1471 = COLOUR_RGB ( '',0.6274509803921568500, 0.6274509803921568500, 0.6274509803921568500 ) ;
#1472 = STYLED_ITEM ( 'NONE', ( #1467 ), #1339 ) ;
#1473 = FACE_OUTER_BOUND ( 'NONE', #723, .T. ) ;
#1474 = COLOUR_RGB ( '',0.6274509803921568500, 0.6274509803921568500, 0.6274509803921568500 ) ;
#1475 = FACE_BOUND ( 'NONE', #733, .T. ) ;
#1476 = STYLED_ITEM ( 'NONE', ( #1460 ), #1338 ) ;
#1477 =( GEOMETRIC_REPRESENTATION_CONTEXT ( 3 ) GLOBAL_UNCERTAINTY_ASSIGNED_CONTEXT ( ( #471 ) ) GLOBAL_UNIT_ASSIGNED_CONTEXT ( ( #109, #76, #69 ) ) REPRESENTATION_CONTEXT ( 'NONE', 'WORKASPACE' ) );
#1478 =( GEOMETRIC_REPRESENTATION_CONTEXT ( 3 ) GLOBAL_UNCERTAINTY_ASSIGNED_CONTEXT ( ( #473 ) ) GLOBAL_UNIT_ASSIGNED_CONTEXT ( ( #104, #72, #37 ) ) REPRESENTATION_CONTEXT ( 'NONE', 'WORKASPACE' ) );
#1479 = STYLED_ITEM ( 'NONE', ( #1458 ), #1340 ) ;
#1480 = LENGTH_MEASURE_WITH_UNIT ( LENGTH_MEASURE( 0.02539999999999999900 ), #63 );
#1481 = FACE_OUTER_BOUND ( 'NONE', #730, .T. ) ;
#1482 = LENGTH_MEASURE_WITH_UNIT ( LENGTH_MEASURE( 0.02539999999999999900 ), #2025 );
#1483 = SURFACE_STYLE_FILL_AREA ( #2020 ) ;
#1484 = LENGTH_MEASURE_WITH_UNIT ( LENGTH_MEASURE( 0.02539999999999999900 ), #2044 );
#1485 = STYLED_ITEM ( 'NONE', ( #1490 ), #1341 ) ;
#1486 =( GEOMETRIC_REPRESENTATION_CONTEXT ( 3 ) GLOBAL_UNCERTAINTY_ASSIGNED_CONTEXT ( ( #454 ) ) GLOBAL_UNIT_ASSIGNED_CONTEXT ( ( #2045, #2066, #2046 ) ) REPRESENTATION_CONTEXT ( 'NONE', 'WORKASPACE' ) );
#1487 = LENGTH_MEASURE_WITH_UNIT ( LENGTH_MEASURE( 0.02539999999999999900 ), #1290 );
#1488 = COLOUR_RGB ( '',0.6274509803921568500, 0.6274509803921568500, 0.6274509803921568500 ) ;
#1489 = COLOUR_RGB ( '',0.6274509803921568500, 0.6274509803921568500, 0.6274509803921568500 ) ;
#1490 = PRESENTATION_STYLE_ASSIGNMENT (( #1301 ) ) ;
#1491 = LENGTH_MEASURE_WITH_UNIT ( LENGTH_MEASURE( 0.02539999999999999900 ), #1287 );
#1492 = SURFACE_STYLE_FILL_AREA ( #2061 ) ;
#1493 = PRESENTATION_STYLE_ASSIGNMENT (( #2065 ) ) ;
#1494 =( GEOMETRIC_REPRESENTATION_CONTEXT ( 3 ) GLOBAL_UNCERTAINTY_ASSIGNED_CONTEXT ( ( #453 ) ) GLOBAL_UNIT_ASSIGNED_CONTEXT ( ( #1303, #1311, #1312 ) ) REPRESENTATION_CONTEXT ( 'NONE', 'WORKASPACE' ) );
#1495 = STYLED_ITEM ( 'NONE', ( #1504 ), #1343 ) ;
#1496 = STYLED_ITEM ( 'NONE', ( #1493 ), #1342 ) ;
#1497 = CYLINDRICAL_SURFACE ( 'NONE', #1664, 0.1499999999999999900 ) ;
#1498 = CYLINDRICAL_SURFACE ( 'NONE', #1667, 0.3980314960629921000 ) ;
#1499 =( GEOMETRIC_REPRESENTATION_CONTEXT ( 3 ) GLOBAL_UNCERTAINTY_ASSIGNED_CONTEXT ( ( #459 ) ) GLOBAL_UNIT_ASSIGNED_CONTEXT ( ( #1313, #1292, #1294 ) ) REPRESENTATION_CONTEXT ( 'NONE', 'WORKASPACE' ) );
#1500 = FACE_OUTER_BOUND ( 'NONE', #702, .T. ) ;
#1501 = SURFACE_STYLE_FILL_AREA ( #2005 ) ;
#1502 = FACE_OUTER_BOUND ( 'NONE', #699, .T. ) ;
#1503 = COLOUR_RGB ( '',0.6274509803921568500, 0.6274509803921568500, 0.6274509803921568500 ) ;
#1504 = PRESENTATION_STYLE_ASSIGNMENT (( #2026 ) ) ;
#1505 = CYLINDRICAL_SURFACE ( 'NONE', #1671, 0.2559055118110238300 ) ;
#1506 = FACE_OUTER_BOUND ( 'NONE', #704, .T. ) ;
#1507 = PRESENTATION_STYLE_ASSIGNMENT (( #2007 ) ) ;
#1508 = CYLINDRICAL_SURFACE ( 'NONE', #1687, 0.2559055118110235600 ) ;
#1509 = STYLED_ITEM ( 'NONE', ( #1515 ), #1345 ) ;
#1510 = SURFACE_STYLE_FILL_AREA ( #2012 ) ;
#1511 = STYLED_ITEM ( 'NONE', ( #1528 ), #1348 ) ;
#1512 = COLOUR_RGB ( '',0.6274509803921568500, 0.6274509803921568500, 0.6274509803921568500 ) ;
#1513 = LENGTH_MEASURE_WITH_UNIT ( LENGTH_MEASURE( 0.02539999999999999900 ), #2053 );
#1514 = FACE_OUTER_BOUND ( 'NONE', #722, .T. ) ;
#1515 = PRESENTATION_STYLE_ASSIGNMENT (( #2063 ) ) ;
#1516 = SURFACE_STYLE_FILL_AREA ( #1981 ) ;
#1517 =( GEOMETRIC_REPRESENTATION_CONTEXT ( 3 ) GLOBAL_UNCERTAINTY_ASSIGNED_CONTEXT ( ( #455 ) ) GLOBAL_UNIT_ASSIGNED_CONTEXT ( ( #2018, #2021, #2027 ) ) REPRESENTATION_CONTEXT ( 'NONE', 'WORKASPACE' ) );
#1518 = LENGTH_MEASURE_WITH_UNIT ( LENGTH_MEASURE( 0.02539999999999999900 ), #1974 );
#1519 = SURFACE_STYLE_FILL_AREA ( #1149 ) ;
#1520 =( GEOMETRIC_REPRESENTATION_CONTEXT ( 3 ) GLOBAL_UNCERTAINTY_ASSIGNED_CONTEXT ( ( #458 ) ) GLOBAL_UNIT_ASSIGNED_CONTEXT ( ( #2055, #2059, #781 ) ) REPRESENTATION_CONTEXT ( 'NONE', 'WORKASPACE' ) );
#1521 = FACE_OUTER_BOUND ( 'NONE', #700, .T. ) ;
#1522 =( GEOMETRIC_REPRESENTATION_CONTEXT ( 3 ) GLOBAL_UNCERTAINTY_ASSIGNED_CONTEXT ( ( #456 ) ) GLOBAL_UNIT_ASSIGNED_CONTEXT ( ( #1975, #1976, #1977 ) ) REPRESENTATION_CONTEXT ( 'NONE', 'WORKASPACE' ) );
#1523 = FACE_OUTER_BOUND ( 'NONE', #693, .T. ) ;
#1524 = COLOUR_RGB ( '',0.6274509803921568500, 0.6274509803921568500, 0.6274509803921568500 ) ;
#1525 = STYLED_ITEM ( 'NONE', ( #1507 ), #1344 ) ;
#1526 = COLOUR_RGB ( '',0.6274509803921568500, 0.6274509803921568500, 0.6274509803921568500 ) ;
#1527 = CYLINDRICAL_SURFACE ( 'NONE', #1644, 0.2559055118110238300 ) ;
#1528 = PRESENTATION_STYLE_ASSIGNMENT (( #512 ) ) ;
#1529 = FACE_OUTER_BOUND ( 'NONE', #686, .T. ) ;
#1530 = SURFACE_STYLE_FILL_AREA ( #1152 ) ;
#1531 = PRESENTATION_STYLE_ASSIGNMENT (( #1118 ) ) ;
#1532 =( GEOMETRIC_REPRESENTATION_CONTEXT ( 3 ) GLOBAL_UNCERTAINTY_ASSIGNED_CONTEXT ( ( #444 ) ) GLOBAL_UNIT_ASSIGNED_CONTEXT ( ( #1129, #1140, #1127 ) ) REPRESENTATION_CONTEXT ( 'NONE', 'WORKASPACE' ) );
#1533 = STYLED_ITEM ( 'NONE', ( #1552 ), #1349 ) ;
#1534 = CYLINDRICAL_SURFACE ( 'NONE', #1690, 0.2559055118110238300 ) ;
#1535 = LENGTH_MEASURE_WITH_UNIT ( LENGTH_MEASURE( 0.02539999999999999900 ), #1113 );
#1536 = CYLINDRICAL_SURFACE ( 'NONE', #1676, 0.2559055118110238300 ) ;
#1537 = FACE_OUTER_BOUND ( 'NONE', #716, .T. ) ;
#1538 = COLOUR_RGB ( '',0.6274509803921568500, 0.6274509803921568500, 0.6274509803921568500 ) ;
#1539 = COLOUR_RGB ( '',0.6274509803921568500, 0.6274509803921568500, 0.6274509803921568500 ) ;
#1540 = FACE_OUTER_BOUND ( 'NONE', #738, .T. ) ;
#1541 = FACE_OUTER_BOUND ( 'NONE', #718, .T. ) ;
#1542 = SURFACE_STYLE_FILL_AREA ( #1119 ) ;
#1543 = LENGTH_MEASURE_WITH_UNIT ( LENGTH_MEASURE( 0.02539999999999999900 ), #767 );
#1544 = STYLED_ITEM ( 'NONE', ( #1553 ), #1350 ) ;
#1545 =( GEOMETRIC_REPRESENTATION_CONTEXT ( 3 ) GLOBAL_UNCERTAINTY_ASSIGNED_CONTEXT ( ( #440 ) ) GLOBAL_UNIT_ASSIGNED_CONTEXT ( ( #1107, #1142, #1144 ) ) REPRESENTATION_CONTEXT ( 'NONE', 'WORKASPACE' ) );
#1546 = CYLINDRICAL_SURFACE ( 'NONE', #1688, 0.7874015748031497600 ) ;
#1547 = SURFACE_STYLE_FILL_AREA ( #1145 ) ;
#1548 = LENGTH_MEASURE_WITH_UNIT ( LENGTH_MEASURE( 0.02539999999999999900 ), #1143 );
#1549 =( GEOMETRIC_REPRESENTATION_CONTEXT ( 3 ) GLOBAL_UNCERTAINTY_ASSIGNED_CONTEXT ( ( #442 ) ) GLOBAL_UNIT_ASSIGNED_CONTEXT ( ( #1147, #1115, #1101 ) ) REPRESENTATION_CONTEXT ( 'NONE', 'WORKASPACE' ) );
#1550 = STYLED_ITEM ( 'NONE', ( #1531 ), #1351 ) ;
#1551 = COLOUR_RGB ( '',0.6274509803921568500, 0.6274509803921568500, 0.6274509803921568500 ) ;
#1552 = PRESENTATION_STYLE_ASSIGNMENT (( #1133 ) ) ;
#1553 = PRESENTATION_STYLE_ASSIGNMENT (( #1135 ) ) ;
#1554 = LENGTH_MEASURE_WITH_UNIT ( LENGTH_MEASURE( 0.02539999999999999900 ), #1110 );
#1555 = LENGTH_MEASURE_WITH_UNIT ( LENGTH_MEASURE( 0.02539999999999999900 ), #1159 );
#1556 = SURFACE_STYLE_FILL_AREA ( #1164 ) ;
#1557 = STYLED_ITEM ( 'NONE', ( #1576 ), #1355 ) ;
#1558 =( GEOMETRIC_REPRESENTATION_CONTEXT ( 3 ) GLOBAL_UNCERTAINTY_ASSIGNED_CONTEXT ( ( #436 ) ) GLOBAL_UNIT_ASSIGNED_CONTEXT ( ( #1117, #1136, #1124 ) ) REPRESENTATION_CONTEXT ( 'NONE', 'WORKASPACE' ) );
#1559 = PRESENTATION_STYLE_ASSIGNMENT (( #1194 ) ) ;
#1560 =( GEOMETRIC_REPRESENTATION_CONTEXT ( 3 ) GLOBAL_UNCERTAINTY_ASSIGNED_CONTEXT ( ( #445 ) ) GLOBAL_UNIT_ASSIGNED_CONTEXT ( ( #1264, #1259, #1265 ) ) REPRESENTATION_CONTEXT ( 'NONE', 'WORKASPACE' ) );
#1561 =( GEOMETRIC_REPRESENTATION_CONTEXT ( 3 ) GLOBAL_UNCERTAINTY_ASSIGNED_CONTEXT ( ( #439 ) ) GLOBAL_UNIT_ASSIGNED_CONTEXT ( ( #1102, #1146, #1141 ) ) REPRESENTATION_CONTEXT ( 'NONE', 'WORKASPACE' ) );
#1562 = FACE_OUTER_BOUND ( 'NONE', #688, .T. ) ;
#1563 = SURFACE_STYLE_FILL_AREA ( #1160 ) ;
#1564 = STYLED_ITEM ( 'NONE', ( #1577 ), #1352 ) ;
#1565 = LENGTH_MEASURE_WITH_UNIT ( LENGTH_MEASURE( 0.02539999999999999900 ), #1132 );
#1566 = COLOUR_RGB ( '',0.6274509803921568500, 0.6274509803921568500, 0.6274509803921568500 ) ;
#1567 = LENGTH_MEASURE_WITH_UNIT ( LENGTH_MEASURE( 0.02539999999999999900 ), #1179 );
#1568 = COLOUR_RGB ( '',0.6274509803921568500, 0.6274509803921568500, 0.6274509803921568500 ) ;
#1569 = FACE_OUTER_BOUND ( 'NONE', #706, .T. ) ;
#1570 = FACE_BOUND ( 'NONE', #721, .T. ) ;
#1571 = CYLINDRICAL_SURFACE ( 'NONE', #1681, 0.7874015748031496500 ) ;
#1572 = FACE_OUTER_BOUND ( 'NONE', #701, .T. ) ;
#1573 = COLOUR_RGB ( '',0.6274509803921568500, 0.6274509803921568500, 0.6274509803921568500 ) ;
#1574 = SURFACE_STYLE_FILL_AREA ( #1167 ) ;
#1575 = STYLED_ITEM ( 'NONE', ( #1559 ), #1354 ) ;
#1576 = PRESENTATION_STYLE_ASSIGNMENT (( #1199 ) ) ;
#1577 = PRESENTATION_STYLE_ASSIGNMENT (( #1121 ) ) ;
#1578 =( GEOMETRIC_REPRESENTATION_CONTEXT ( 3 ) GLOBAL_UNCERTAINTY_ASSIGNED_CONTEXT ( ( #441 ) ) GLOBAL_UNIT_ASSIGNED_CONTEXT ( ( #1177, #1183, #1156 ) ) REPRESENTATION_CONTEXT ( 'NONE', 'WORKASPACE' ) );
#1579 = LENGTH_MEASURE_WITH_UNIT ( LENGTH_MEASURE( 0.02539999999999999900 ), #1222 );
#1580 =( GEOMETRIC_REPRESENTATION_CONTEXT ( 3 ) GLOBAL_UNCERTAINTY_ASSIGNED_CONTEXT ( ( #449 ) ) GLOBAL_UNIT_ASSIGNED_CONTEXT ( ( #1189, #1174, #1180 ) ) REPRESENTATION_CONTEXT ( 'NONE', 'WORKASPACE' ) );
#1581 = LENGTH_MEASURE_WITH_UNIT ( LENGTH_MEASURE( 0.02539999999999999900 ), #1186 );
#1582 = PRESENTATION_STYLE_ASSIGNMENT (( #1192 ) ) ;
#1583 =( GEOMETRIC_REPRESENTATION_CONTEXT ( 3 ) GLOBAL_UNCERTAINTY_ASSIGNED_CONTEXT ( ( #450 ) ) GLOBAL_UNIT_ASSIGNED_CONTEXT ( ( #1196, #1193, #1161 ) ) REPRESENTATION_CONTEXT ( 'NONE', 'WORKASPACE' ) );
#1584 =( GEOMETRIC_REPRESENTATION_CONTEXT ( 3 ) GLOBAL_UNCERTAINTY_ASSIGNED_CONTEXT ( ( #437 ) ) GLOBAL_UNIT_ASSIGNED_CONTEXT ( ( #1168, #1187, #1162 ) ) REPRESENTATION_CONTEXT ( 'NONE', 'WORKASPACE' ) );
#1585 = PRESENTATION_STYLE_ASSIGNMENT (( #1169 ) ) ;
#1586 = SURFACE_STYLE_FILL_AREA ( #1245 ) ;
#1587 = STYLED_ITEM ( 'NONE', ( #1585 ), #1356 ) ;
#1588 = STYLED_ITEM ( 'NONE', ( #1582 ), #1357 ) ;
#1589 = CYLINDRICAL_SURFACE ( 'NONE', #1627, 0.7874015748031497600 ) ;
#1590 = COLOUR_RGB ( '',0.6274509803921568500, 0.6274509803921568500, 0.6274509803921568500 ) ;
#1591 = FACE_OUTER_BOUND ( 'NONE', #687, .T. ) ;
#1592 = CYLINDRICAL_SURFACE ( 'NONE', #1639, 0.2559055118110238300 ) ;
#1593 = CYLINDRICAL_SURFACE ( 'NONE', #1711, 0.2559055118110235600 ) ;
#1594 = FACE_OUTER_BOUND ( 'NONE', #695, .T. ) ;
#1595 = SURFACE_STYLE_FILL_AREA ( #1204 ) ;
#1596 = FACE_OUTER_BOUND ( 'NONE', #748, .T. ) ;
#1597 = SURFACE_STYLE_FILL_AREA ( #1153 ) ;
#1598 = LENGTH_MEASURE_WITH_UNIT ( LENGTH_MEASURE( 0.02539999999999999900 ), #1201 );
#1599 = COLOUR_RGB ( '',0.6274509803921568500, 0.6274509803921568500, 0.6274509803921568500 ) ;
#1600 = COLOUR_RGB ( '',0.6274509803921568500, 0.6274509803921568500, 0.6274509803921568500 ) ;
#1601 = PRESENTATION_STYLE_ASSIGNMENT (( #1224 ) ) ;
#1602 = STYLED_ITEM ( 'NONE', ( #1601 ), #1359 ) ;
#1603 = FACE_OUTER_BOUND ( 'NONE', #737, .T. ) ;
#1604 = LENGTH_MEASURE_WITH_UNIT ( LENGTH_MEASURE( 0.02539999999999999900 ), #1234 );
#1605 = FACE_BOUND ( 'NONE', #713, .T. ) ;
#1606 = SURFACE_STYLE_FILL_AREA ( #1248 ) ;
#1607 = SURFACE_STYLE_FILL_AREA ( #1241 ) ;
#1608 = COLOUR_RGB ( '',0.6274509803921568500, 0.6274509803921568500, 0.6274509803921568500 ) ;
#1609 = STYLED_ITEM ( 'NONE', ( #1610 ), #1360 ) ;
#1610 = PRESENTATION_STYLE_ASSIGNMENT (( #1218 ) ) ;
#1611 =( GEOMETRIC_REPRESENTATION_CONTEXT ( 3 ) GLOBAL_UNCERTAINTY_ASSIGNED_CONTEXT ( ( #447 ) ) GLOBAL_UNIT_ASSIGNED_CONTEXT ( ( #1227, #1228, #1250 ) ) REPRESENTATION_CONTEXT ( 'NONE', 'WORKASPACE' ) );
#1612 = FACE_BOUND ( 'NONE', #731, .T. ) ;
#1613 = FACE_BOUND ( 'NONE', #734, .T. ) ;
#1614 = CYLINDRICAL_SURFACE ( 'NONE', #667, 0.7874015748031496500 ) ;
#1615 = PRESENTATION_STYLE_ASSIGNMENT (( #1254 ) ) ;
#1616 =( GEOMETRIC_REPRESENTATION_CONTEXT ( 3 ) GLOBAL_UNCERTAINTY_ASSIGNED_CONTEXT ( ( #435 ) ) GLOBAL_UNIT_ASSIGNED_CONTEXT ( ( #1242, #1252, #1238 ) ) REPRESENTATION_CONTEXT ( 'NONE', 'WORKASPACE' ) );
#1617 = FACE_OUTER_BOUND ( 'NONE', #679, .T. ) ;
#1618 = COLOUR_RGB ( '',0.6274509803921568500, 0.6274509803921568500, 0.6274509803921568500 ) ;
#1619 = FACE_BOUND ( 'NONE', #727, .T. ) ;
#1620 = FACE_OUTER_BOUND ( 'NONE', #728, .T. ) ;
#1621 = STYLED_ITEM ( 'NONE', ( #1615 ), #1362 ) ;
#1622 = FACE_BOUND ( 'NONE', #732, .T. ) ;
#1623 = PRESENTATION_LAYER_ASSIGNMENT (  '', '', ( #1454 ) ) ;
#1624 = MECHANICAL_DESIGN_GEOMETRIC_PRESENTATION_REPRESENTATION (  '', ( #1454 ), #1477 ) ;
#1625 = MECHANICAL_DESIGN_GEOMETRIC_PRESENTATION_REPRESENTATION (  '', ( #1443 ), #1440 ) ;
#1626 = MECHANICAL_DESIGN_GEOMETRIC_PRESENTATION_REPRESENTATION (  '', ( #1442 ), #1447 ) ;
#1627 = AXIS2_PLACEMENT_3D ( 'NONE', #1221, #1223, #1243 ) ;
#1628 = AXIS2_PLACEMENT_3D ( 'NONE', #169, #175, #158 ) ;
#1629 = AXIS2_PLACEMENT_3D ( 'NONE', #154, #156, #167 ) ;
#1630 = PRESENTATION_LAYER_ASSIGNMENT (  '', '', ( #1443 ) ) ;
#1631 = PRESENTATION_LAYER_ASSIGNMENT (  '', '', ( #1442 ) ) ;
#1632 = PRESENTATION_LAYER_ASSIGNMENT (  '', '', ( #1476 ) ) ;
#1633 = AXIS2_PLACEMENT_3D ( 'NONE', #180, #99, #102 ) ;
#1634 = AXIS2_PLACEMENT_3D ( 'NONE', #39, #44, #45 ) ;
#1635 = MECHANICAL_DESIGN_GEOMETRIC_PRESENTATION_REPRESENTATION (  '', ( #1472 ), #1457 ) ;
#1636 = PRESENTATION_LAYER_ASSIGNMENT (  '', '', ( #1472 ) ) ;
#1637 = PRESENTATION_LAYER_ASSIGNMENT (  '', '', ( #1479 ) ) ;
#1638 = MECHANICAL_DESIGN_GEOMETRIC_PRESENTATION_REPRESENTATION (  '', ( #1479 ), #1494 ) ;
#1639 = AXIS2_PLACEMENT_3D ( 'NONE', #1208, #1253, #1215 ) ;
#1640 = AXIS2_PLACEMENT_3D ( 'NONE', #141, #168, #30 ) ;
#1641 = MECHANICAL_DESIGN_GEOMETRIC_PRESENTATION_REPRESENTATION (  '', ( #1476 ), #1478 ) ;
#1642 = AXIS2_PLACEMENT_3D ( 'NONE', #178, #186, #181 ) ;
#1643 = PRESENTATION_LAYER_ASSIGNMENT (  '', '', ( #1496 ) ) ;
#1644 = AXIS2_PLACEMENT_3D ( 'NONE', #247, #249, #205 ) ;
#1645 = AXIS2_PLACEMENT_3D ( 'NONE', #1175, #1166, #1173 ) ;
#1646 = MECHANICAL_DESIGN_GEOMETRIC_PRESENTATION_REPRESENTATION (  '', ( #1557 ), #1580 ) ;
#1647 = PRESENTATION_LAYER_ASSIGNMENT (  '', '', ( #1602 ) ) ;
#1648 = MECHANICAL_DESIGN_GEOMETRIC_PRESENTATION_REPRESENTATION (  '', ( #1602 ), #1616 ) ;
#1649 = PRESENTATION_LAYER_ASSIGNMENT (  '', '', ( #1609 ) ) ;
#1650 = PRESENTATION_LAYER_ASSIGNMENT (  '', '', ( #1587 ) ) ;
#1651 = MECHANICAL_DESIGN_GEOMETRIC_PRESENTATION_REPRESENTATION (  '', ( #1587 ), #1584 ) ;
#1652 = MECHANICAL_DESIGN_GEOMETRIC_PRESENTATION_REPRESENTATION (  '', ( #1588 ), #1583 ) ;
#1653 = MECHANICAL_DESIGN_GEOMETRIC_PRESENTATION_REPRESENTATION (  '', ( #1609 ), #1611 ) ;
#1654 = AXIS2_PLACEMENT_3D ( 'NONE', #1198, #1165, #1203 ) ;
#1655 = MECHANICAL_DESIGN_GEOMETRIC_PRESENTATION_REPRESENTATION (  '', ( #1544 ), #1549 ) ;
#1656 = PRESENTATION_LAYER_ASSIGNMENT (  '', '', ( #1557 ) ) ;
#1657 = MECHANICAL_DESIGN_GEOMETRIC_PRESENTATION_REPRESENTATION (  '', ( #1485 ), #1499 ) ;
#1658 = AXIS2_PLACEMENT_3D ( 'NONE', #1108, #1125, #1122 ) ;
#1659 = MECHANICAL_DESIGN_GEOMETRIC_PRESENTATION_REPRESENTATION (  '', ( #1533 ), #1532 ) ;
#1660 = PRESENTATION_LAYER_ASSIGNMENT (  '', '', ( #1550 ) ) ;
#1661 = PRESENTATION_LAYER_ASSIGNMENT (  '', '', ( #1509 ) ) ;
#1662 = AXIS2_PLACEMENT_3D ( 'NONE', #1284, #1286, #1302 ) ;
#1663 = MECHANICAL_DESIGN_GEOMETRIC_PRESENTATION_REPRESENTATION (  '', ( #1495 ), #1517 ) ;
#1664 = AXIS2_PLACEMENT_3D ( 'NONE', #2019, #2015, #2023 ) ;
#1665 = MECHANICAL_DESIGN_GEOMETRIC_PRESENTATION_REPRESENTATION (  '', ( #1525 ), #1522 ) ;
#1666 = AXIS2_PLACEMENT_3D ( 'NONE', #2024, #2009, #2002 ) ;
#1667 = AXIS2_PLACEMENT_3D ( 'NONE', #477, #478, #2010 ) ;
#1668 = MECHANICAL_DESIGN_GEOMETRIC_PRESENTATION_REPRESENTATION (  '', ( #1511 ), #1545 ) ;
#1669 = MECHANICAL_DESIGN_GEOMETRIC_PRESENTATION_REPRESENTATION (  '', ( #1564 ), #1561 ) ;
#1670 = PRESENTATION_LAYER_ASSIGNMENT (  '', '', ( #1564 ) ) ;
#1671 = AXIS2_PLACEMENT_3D ( 'NONE', #2003, #2008, #2011 ) ;
#1672 = MECHANICAL_DESIGN_GEOMETRIC_PRESENTATION_REPRESENTATION (  '', ( #1575 ), #1578 ) ;
#1673 = AXIS2_PLACEMENT_3D ( 'NONE', #1106, #1114, #1131 ) ;
#1674 = PRESENTATION_LAYER_ASSIGNMENT (  '', '', ( #1495 ) ) ;
#1675 = PRESENTATION_LAYER_ASSIGNMENT (  '', '', ( #1533 ) ) ;
#1676 = AXIS2_PLACEMENT_3D ( 'NONE', #1120, #1138, #1150 ) ;
#1677 = AXIS2_PLACEMENT_3D ( 'NONE', #1181, #1200, #1182 ) ;
#1678 = MECHANICAL_DESIGN_GEOMETRIC_PRESENTATION_REPRESENTATION (  '', ( #1509 ), #1520 ) ;
#1679 = PRESENTATION_LAYER_ASSIGNMENT (  '', '', ( #1511 ) ) ;
#1680 = PRESENTATION_LAYER_ASSIGNMENT (  '', '', ( #1588 ) ) ;
#1681 = AXIS2_PLACEMENT_3D ( 'NONE', #1184, #1195, #1188 ) ;
#1682 = PRESENTATION_LAYER_ASSIGNMENT (  '', '', ( #1525 ) ) ;
#1683 = PRESENTATION_LAYER_ASSIGNMENT (  '', '', ( #1544 ) ) ;
#1684 = MECHANICAL_DESIGN_GEOMETRIC_PRESENTATION_REPRESENTATION (  '', ( #1550 ), #1558 ) ;
#1685 = PRESENTATION_LAYER_ASSIGNMENT (  '', '', ( #1485 ) ) ;
#1686 = MECHANICAL_DESIGN_GEOMETRIC_PRESENTATION_REPRESENTATION (  '', ( #1496 ), #1486 ) ;
#1687 = AXIS2_PLACEMENT_3D ( 'NONE', #2013, #2014, #1753 ) ;
#1688 = AXIS2_PLACEMENT_3D ( 'NONE', #1126, #1130, #1104 ) ;
#1689 = PRESENTATION_LAYER_ASSIGNMENT (  '', '', ( #1575 ) ) ;
#1690 = AXIS2_PLACEMENT_3D ( 'NONE', #1128, #1111, #1137 ) ;
#1691 = AXIS2_PLACEMENT_3D ( 'NONE', #813, #796, #805 ) ;
#1692 = PRESENTATION_LAYER_ASSIGNMENT (  '', '', ( #276 ) ) ;
#1693 = MECHANICAL_DESIGN_GEOMETRIC_PRESENTATION_REPRESENTATION (  '', ( #287 ), #1398 ) ;
#1694 = PRESENTATION_LAYER_ASSIGNMENT (  '', '', ( #1384 ) ) ;
#1695 = AXIS2_PLACEMENT_3D ( 'NONE', #826, #793, #827 ) ;
#1696 = AXIS2_PLACEMENT_3D ( 'NONE', #792, #831, #801 ) ;
#1697 = AXIS2_PLACEMENT_3D ( 'NONE', #804, #848, #843 ) ;
#1698 = MECHANICAL_DESIGN_GEOMETRIC_PRESENTATION_REPRESENTATION (  '', ( #1411 ), #1425 ) ;
#1699 = MECHANICAL_DESIGN_GEOMETRIC_PRESENTATION_REPRESENTATION (  '', ( #1432 ), #1433 ) ;
#1700 = MECHANICAL_DESIGN_GEOMETRIC_PRESENTATION_REPRESENTATION (  '', ( #276 ), #282 ) ;
#1701 = PRESENTATION_LAYER_ASSIGNMENT (  '', '', ( #1407 ) ) ;
#1702 = MECHANICAL_DESIGN_GEOMETRIC_PRESENTATION_REPRESENTATION (  '', ( #1384 ), #1383 ) ;
#1703 = PRESENTATION_LAYER_ASSIGNMENT (  '', '', ( #1411 ) ) ;
#1704 = AXIS2_PLACEMENT_3D ( 'NONE', #764, #762, #765 ) ;
#1705 = PRESENTATION_LAYER_ASSIGNMENT (  '', '', ( #1621 ) ) ;
#1706 = PRESENTATION_LAYER_ASSIGNMENT (  '', '', ( #287 ) ) ;
#1707 = MECHANICAL_DESIGN_GEOMETRIC_PRESENTATION_REPRESENTATION (  '', ( #1403 ), #1420 ) ;
#1708 = AXIS2_PLACEMENT_3D ( 'NONE', #780, #768, #777 ) ;
#1709 = AXIS2_PLACEMENT_3D ( 'NONE', #791, #769, #775 ) ;
#1710 = AXIS2_PLACEMENT_3D ( 'NONE', #806, #814, #823 ) ;
#1711 = AXIS2_PLACEMENT_3D ( 'NONE', #1191, #1197, #1202 ) ;
#1712 = PRESENTATION_LAYER_ASSIGNMENT (  '', '', ( #1388 ) ) ;
#1713 = PRESENTATION_LAYER_ASSIGNMENT (  '', '', ( #1432 ) ) ;
#1714 = AXIS2_PLACEMENT_3D ( 'NONE', #841, #766, #782 ) ;
#1715 = PRESENTATION_LAYER_ASSIGNMENT (  '', '', ( #1403 ) ) ;
#1716 = MECHANICAL_DESIGN_GEOMETRIC_PRESENTATION_REPRESENTATION (  '', ( #1388 ), #1390 ) ;
#1717 = MECHANICAL_DESIGN_GEOMETRIC_PRESENTATION_REPRESENTATION (  '', ( #1621 ), #1379 ) ;
#1718 = MECHANICAL_DESIGN_GEOMETRIC_PRESENTATION_REPRESENTATION (  '', ( #1407 ), #1421 ) ;
#1719 = CARTESIAN_POINT ( 'NONE',  ( -3.237634772407845600, 2.353967828060293600, 6.116209193298161000 ) ) ;
#1720 = DIRECTION ( 'NONE',  ( -0.0000000000000000000, 1.000000000000000000, 1.715124499442879900E-015 ) ) ;
#1721 = DIRECTION ( 'NONE',  ( -2.960594732333750100E-016, 0.0000000000000000000, -1.000000000000000000 ) ) ;
#1722 = CARTESIAN_POINT ( 'NONE',  ( 1.722216781433104400, 2.120436819125291400, 0.09748749527910276200 ) ) ;
#1723 = CARTESIAN_POINT ( 'NONE',  ( -3.543307086614173600, 0.7072855937084054900, 0.0000000000000000000 ) ) ;
#1724 = DIRECTION ( 'NONE',  ( 0.0000000000000000000, 0.0000000000000000000, -1.000000000000000000 ) ) ;
#1725 = CARTESIAN_POINT ( 'NONE',  ( 1.767651768505787300, 0.6240961227414685300, 0.1014625415754095800 ) ) ;
#1726 = CARTESIAN_POINT ( 'NONE',  ( -3.069053646057427800, 2.353967828060296700, 4.410844918461967800 ) ) ;
#1727 = DIRECTION ( 'NONE',  ( -0.08715574274765845700, 2.305988929144469000E-016, 0.9961946980917455500 ) ) ;
#1728 = DIRECTION ( 'NONE',  ( 0.9961946980917455500, 0.0000000000000000000, 0.08715574274765847100 ) ) ;
#1729 = DIRECTION ( 'NONE',  ( 0.0000000000000000000, 0.0000000000000000000, -1.000000000000000000 ) ) ;
#1730 = DIRECTION ( 'NONE',  ( -0.08715574274765845700, 2.322295495842179000E-016, 0.9961946980917454300 ) ) ;
#1731 = DIRECTION ( 'NONE',  ( -0.0000000000000000000, -0.0000000000000000000, -1.000000000000000000 ) ) ;
#1732 = DIRECTION ( 'NONE',  ( 0.0000000000000000000, -1.000000000000000000, -1.715124499442879700E-015 ) ) ;
#1733 = DIRECTION ( 'NONE',  ( 0.7071067811865493500, -0.7071067811865455700, 0.0000000000000000000 ) ) ;
#1734 = CARTESIAN_POINT ( 'NONE',  ( 2.232080209590297400, 2.120436819125291400, 0.1420947651893216500 ) ) ;
#1735 = CARTESIAN_POINT ( 'NONE',  ( -2.592829306152324900, -0.5693445980708398100, 0.0000000000000000000 ) ) ;
#1736 = DIRECTION ( 'NONE',  ( 0.1386435052934058600, 0.9902680687415700300, 0.01212973498466924900 ) ) ;
#1737 = CARTESIAN_POINT ( 'NONE',  ( -2.984762985237460000, -0.7999691798137219500, 2.918397865518939800 ) ) ;
#1738 = CARTESIAN_POINT ( 'NONE',  ( 2.544423264387603000, 0.5145110038752756000, 0.1694212416151423800 ) ) ;
#1739 = DIRECTION ( 'NONE',  ( 0.0000000000000000000, -1.000000000000000000, -1.715124499442879900E-015 ) ) ;
#1740 = CARTESIAN_POINT ( 'NONE',  ( -2.900472324417491700, -0.7999691798137202900, 1.937761836197965400 ) ) ;
#1741 = DIRECTION ( 'NONE',  ( 0.0000000000000000000, -1.000000000000000000, -1.715124499442879700E-015 ) ) ;
#1742 = DIRECTION ( 'NONE',  ( 0.0000000000000000000, 2.135044278125299400E-015, -1.000000000000000000 ) ) ;
#1743 = DIRECTION ( 'NONE',  ( -0.0000000000000000000, 1.000000000000000000, 1.715124499442879700E-015 ) ) ;
#1744 = DIRECTION ( 'NONE',  ( -0.0000000000000000000, 1.000000000000000000, 1.715124499442879700E-015 ) ) ;
#1745 = DIRECTION ( 'NONE',  ( 0.0000000000000000000, -2.135044278125299400E-015, 1.000000000000000000 ) ) ;
#1746 = CARTESIAN_POINT ( 'NONE',  ( -1.968503937007874100, 2.105936331997307200, -1.158948821821236300 ) ) ;
#1747 = DIRECTION ( 'NONE',  ( 0.0000000000000000000, 1.734723475976805500E-015, -1.000000000000000000 ) ) ;
#1748 = CARTESIAN_POINT ( 'NONE',  ( -3.543307086614173200, 1.955936331997307300, 0.3980314960629921000 ) ) ;
#1749 = CARTESIAN_POINT ( 'NONE',  ( -2.900472324417491700, -0.7999691798137210700, 2.449572859820012400 ) ) ;
#1750 = DIRECTION ( 'NONE',  ( 0.0000000000000000000, 1.000000000000000000, 1.715124499442879900E-015 ) ) ;
#1751 = DIRECTION ( 'NONE',  ( -0.08715574274765845700, 2.322295495842179000E-016, 0.9961946980917454300 ) ) ;
#1752 = DIRECTION ( 'NONE',  ( 1.000000000000000000, 0.0000000000000000000, 0.0000000000000000000 ) ) ;
#1753 = DIRECTION ( 'NONE',  ( 0.0000000000000000000, -1.601283208593976200E-015, 1.000000000000000000 ) ) ;
#1754 = DIRECTION ( 'NONE',  ( -0.0000000000000000000, 1.000000000000000000, 1.715124499442879700E-015 ) ) ;
#1755 = CARTESIAN_POINT ( 'NONE',  ( -2.984762985237460000, 2.353967828060295800, 3.174303377329969100 ) ) ;
#1756 = CARTESIAN_POINT ( 'NONE',  ( 1.069922927681559200, 1.452650425729539800, 0.2893981138717913200 ) ) ;
#1757 = DIRECTION ( 'NONE',  ( 0.08715574274765815200, 0.0000000000000000000, -0.9961946980917454300 ) ) ;
#1758 = DIRECTION ( 'NONE',  ( -0.0000000000000000000, -0.0000000000000000000, -1.000000000000000000 ) ) ;
#1759 = CARTESIAN_POINT ( 'NONE',  ( 1.955531126247517900, 2.120436819125291400, 0.3668787915719284900 ) ) ;
#1760 = CARTESIAN_POINT ( 'NONE',  ( -3.850473623104886400, 2.105936331997306800, 4.086569431449291300 ) ) ;
#1761 = DIRECTION ( 'NONE',  ( 0.08715574274765845700, -2.305988929144469000E-016, -0.9961946980917455500 ) ) ;
#1762 = DIRECTION ( 'NONE',  ( -0.0000000000000000000, 1.000000000000000000, 1.715124499442879900E-015 ) ) ;
#1763 = DIRECTION ( 'NONE',  ( 0.08715574274765891500, 1.705302068707476600E-015, -0.9961946980917454300 ) ) ;
#1764 = DIRECTION ( 'NONE',  ( 0.0000000000000000000, 2.135044278125299400E-015, -1.000000000000000000 ) ) ;
#1765 = CARTESIAN_POINT ( 'NONE',  ( -4.022040045836499500, 2.353967828060293600, 6.047582616669263400 ) ) ;
#1766 = DIRECTION ( 'NONE',  ( -0.0000000000000000000, 1.000000000000000000, 1.715124499442879900E-015 ) ) ;
#1767 = CARTESIAN_POINT ( 'NONE',  ( -0.6141732283464567100, -0.2330400459554472500, 0.0000000000000000000 ) ) ;
#1768 = DIRECTION ( 'NONE',  ( 1.489141219000823400E-016, 1.000000000000000000, 1.302829750517483100E-017 ) ) ;
#1769 = DIRECTION ( 'NONE',  ( 0.08715574274765845700, -2.305988929144469000E-016, -0.9961946980917454300 ) ) ;
#1770 = CARTESIAN_POINT ( 'NONE',  ( -3.069053646057427800, 2.353967828060298000, 3.899033894839920600 ) ) ;
#1771 = CARTESIAN_POINT ( 'NONE',  ( 1.688069026957992300, -0.5693445980708388100, 0.09449995387766398100 ) ) ;
#1772 = DIRECTION ( 'NONE',  ( 0.7044160264027610200, 0.7071067811865452400, 0.06162841671621959600 ) ) ;
#1773 = CARTESIAN_POINT ( 'NONE',  ( -3.069053646057427800, 2.353967828060297100, 4.154939406650944600 ) ) ;
#1774 = CARTESIAN_POINT ( 'NONE',  ( 1.746034399241604500, 0.6240961227414685300, 0.3485502029131250500 ) ) ;
#1775 = DIRECTION ( 'NONE',  ( 0.9961946980917455500, 0.0000000000000000000, 0.08715574274765848500 ) ) ;
#1776 = CARTESIAN_POINT ( 'NONE',  ( -3.850473623104886400, 2.353967828060294000, 4.086569431449291300 ) ) ;
#1777 = DIRECTION ( 'NONE',  ( 0.08715574274765845700, -2.322295495842179000E-016, -0.9961946980917455500 ) ) ;
#1778 = DIRECTION ( 'NONE',  ( 0.0000000000000000000, -1.000000000000000000, -1.715124499442879700E-015 ) ) ;
#1779 = CARTESIAN_POINT ( 'NONE',  ( -3.237634772407845600, 2.105936331997301000, 6.116209193298161000 ) ) ;
#1780 = DIRECTION ( 'NONE',  ( 0.08715574274765845700, -2.322295495842179000E-016, -0.9961946980917455500 ) ) ;
#1781 = DIRECTION ( 'NONE',  ( 6.938893903907222500E-016, 1.734723475976805500E-015, -1.000000000000000000 ) ) ;
#1782 = CARTESIAN_POINT ( 'NONE',  ( -1.968503937007873600, 2.353967828060303400, 0.5756398537024214300 ) ) ;
#1783 = DIRECTION ( 'NONE',  ( -0.9961946980917455500, 0.0000000000000000000, -0.08715574274765847100 ) ) ;
#1784 = DIRECTION ( 'NONE',  ( 0.9961946980917455500, 0.0000000000000000000, 0.08715574274765848500 ) ) ;
#1785 = DIRECTION ( 'NONE',  ( 0.1386435052934051600, 0.9902680687415701400, 0.01212973498466954000 ) ) ;
#1786 = CARTESIAN_POINT ( 'NONE',  ( 2.322310057011897700, 0.06731912968119628500, 0.1499888539503861400 ) ) ;
#1787 = CARTESIAN_POINT ( 'NONE',  ( -3.237634772407845600, 2.105936331997301000, 6.116209193298161000 ) ) ;
#1788 = DIRECTION ( 'NONE',  ( -0.08715574274765884600, 0.0000000000000000000, 0.9961946980917454300 ) ) ;
#1789 = CARTESIAN_POINT ( 'NONE',  ( 1.111793369187702900, -0.01256760501056588900, 0.2930613028404047100 ) ) ;
#1790 = CARTESIAN_POINT ( 'NONE',  ( -1.968503937007874100, 2.105936331997303200, 0.5756398537024213200 ) ) ;
#1791 = DIRECTION ( 'NONE',  ( 5.077788558347159900E-031, -1.000000000000000000, -1.503327405774718600E-046 ) ) ;
#1792 = CARTESIAN_POINT ( 'NONE',  ( -2.036052313092051100, -0.01256760501056571100, 0.2480314960629921300 ) ) ;
#1793 = CARTESIAN_POINT ( 'NONE',  ( -3.237634772407845600, 2.353967828060294000, 5.860303681487137000 ) ) ;
#1794 = DIRECTION ( 'NONE',  ( -0.0000000000000000000, -1.715124499442879700E-015, 1.000000000000000000 ) ) ;
#1795 = DIRECTION ( 'NONE',  ( 0.0000000000000000000, 2.135044278125299400E-015, -1.000000000000000000 ) ) ;
#1796 = CARTESIAN_POINT ( 'NONE',  ( 2.522805895123418000, 0.5145110038752760400, 0.4165089029528579200 ) ) ;
#1797 = DIRECTION ( 'NONE',  ( 0.08715574274765981700, -8.260587980841982200E-016, -0.9961946980917453200 ) ) ;
#1798 = DIRECTION ( 'NONE',  ( 0.0000000000000000000, -1.000000000000000000, -1.715124499442879700E-015 ) ) ;
#1799 = CARTESIAN_POINT ( 'NONE',  ( 1.955531126247517900, 2.120436819125291400, 0.3668787915719287600 ) ) ;
#1800 = CARTESIAN_POINT ( 'NONE',  ( -3.154836857423235100, 2.353967828060293600, 5.135445999260928000 ) ) ;
#1801 = DIRECTION ( 'NONE',  ( -0.1386435052934040800, -0.9902680687415703600, -0.01212973498466963200 ) ) ;
#1802 = DIRECTION ( 'NONE',  ( -0.0000000000000000000, 1.000000000000000000, 0.0000000000000000000 ) ) ;
#1803 = DIRECTION ( 'NONE',  ( -0.0000000000000000000, 1.000000000000000000, 1.715124499442879700E-015 ) ) ;
#1804 = DIRECTION ( 'NONE',  ( 0.0000000000000000000, 2.135044278125299400E-015, -1.000000000000000000 ) ) ;
#1805 = DIRECTION ( 'NONE',  ( -0.0000000000000000000, -0.0000000000000000000, -1.000000000000000000 ) ) ;
#1806 = CARTESIAN_POINT ( 'NONE',  ( 2.732302622129331800, 2.010851700259099300, 0.4348374916116611900 ) ) ;
#1807 = DIRECTION ( 'NONE',  ( -0.0000000000000000000, 1.000000000000000000, 1.715124499442879900E-015 ) ) ;
#1808 = CARTESIAN_POINT ( 'NONE',  ( 0.5905511811023622700, 3.038205597340712500, 0.0000000000000000000 ) ) ;
#1809 = DIRECTION ( 'NONE',  ( 0.0000000000000000000, 2.135044278125299400E-015, -1.000000000000000000 ) ) ;
#1810 = DIRECTION ( 'NONE',  ( 0.0000000000000000000, 2.135044278125299400E-015, -1.000000000000000000 ) ) ;
#1811 = CARTESIAN_POINT ( 'NONE',  ( -3.069053646057427800, 2.353967828060297100, 4.154939406650944600 ) ) ;
#1812 = DIRECTION ( 'NONE',  ( -0.08715574274765845700, 2.322295495842179000E-016, 0.9961946980917454300 ) ) ;
#1813 = CARTESIAN_POINT ( 'NONE',  ( 0.5905511811023622700, 3.038205597340712500, 0.2480314960629921300 ) ) ;
#1814 = DIRECTION ( 'NONE',  ( 0.9961946980917454300, 0.0000000000000000000, 0.08715574274765836000 ) ) ;
#1815 = DIRECTION ( 'NONE',  ( -0.0000000000000000000, 1.000000000000000000, 0.0000000000000000000 ) ) ;
#1816 = CARTESIAN_POINT ( 'NONE',  ( 0.6036245425145135800, -0.01256760501056440400, 0.2486022913492301800 ) ) ;
#1817 = CARTESIAN_POINT ( 'NONE',  ( -1.968503937007874100, 2.353967828060299400, 1.104422805726893900 ) ) ;
#1818 = DIRECTION ( 'NONE',  ( -0.0000000000000000000, 1.000000000000000000, 1.715124499442879900E-015 ) ) ;
#1819 = DIRECTION ( 'NONE',  ( -2.664535259100380000E-015, -1.000000000000000000, 0.0000000000000000000 ) ) ;
#1820 = DIRECTION ( 'NONE',  ( 1.000000000000000000, 0.0000000000000000000, 0.0000000000000000000 ) ) ;
#1821 = DIRECTION ( 'NONE',  ( 0.0000000000000000000, 1.000000000000000000, -0.0000000000000000000 ) ) ;
#1822 = CARTESIAN_POINT ( 'NONE',  ( -3.543307086614173200, 2.353967828060299400, 1.104422805726893900 ) ) ;
#1823 = CARTESIAN_POINT ( 'NONE',  ( -2.450748668653231400, 2.353967828060293600, 6.087722359139854200 ) ) ;
#1824 = CARTESIAN_POINT ( 'NONE',  ( 2.761553769599689900, 2.120436819125291400, 0.1884176993268566700 ) ) ;
#1825 = CARTESIAN_POINT ( 'NONE',  ( -0.5305586140654685600, -0.7999691798137162900, -0.09960481329715266400 ) ) ;
#1826 = CARTESIAN_POINT ( 'NONE',  ( -2.984762985237460000, 2.105936331997304100, 3.174303377329968700 ) ) ;
#1827 = DIRECTION ( 'NONE',  ( 0.0000000000000000000, -1.000000000000000000, -1.715124499442879900E-015 ) ) ;
#1828 = CARTESIAN_POINT ( 'NONE',  ( -3.543307086614173200, 2.353967828060299400, 0.5756398537024213200 ) ) ;
#1829 = DIRECTION ( 'NONE',  ( -0.9961946980917454300, 2.677705070082072200E-016, -0.08715574274765863800 ) ) ;
#1830 = DIRECTION ( 'NONE',  ( 0.08715574274765845700, -2.322295495842179000E-016, -0.9961946980917455500 ) ) ;
#1831 = DIRECTION ( 'NONE',  ( 0.0000000000000000000, 1.715124499442879700E-015, -1.000000000000000000 ) ) ;
#1832 = CARTESIAN_POINT ( 'NONE',  ( 1.111793369187700900, -0.7999691798137168500, 0.2930613028404047700 ) ) ;
#1833 = DIRECTION ( 'NONE',  ( -0.0000000000000000000, 1.000000000000000000, 1.715124499442879900E-015 ) ) ;
#1834 = CARTESIAN_POINT ( 'NONE',  ( 0.2997742221919476600, 1.562235544595732600, 0.0000000000000000000 ) ) ;
#1835 = CARTESIAN_POINT ( 'NONE',  ( -1.574803149606299300, 1.168534757194157600, 0.0000000000000000000 ) ) ;
#1836 = CARTESIAN_POINT ( 'NONE',  ( -0.6141732283464567100, 0.2079048359343165500, 0.2480314960629921300 ) ) ;
#1837 = DIRECTION ( 'NONE',  ( 3.965082230804130700E-016, 1.000000000000000000, -0.0000000000000000000 ) ) ;
#1838 = DIRECTION ( 'NONE',  ( -1.000000000000000000, -9.912705577010330500E-017, -0.0000000000000000000 ) ) ;
#1839 = CARTESIAN_POINT ( 'NONE',  ( 0.5905511811023641500, 0.8304910535544348700, 0.2480314960629921300 ) ) ;
#1840 = CARTESIAN_POINT ( 'NONE',  ( -3.543307086614173200, 2.509422645316240300, 0.2480314960629921300 ) ) ;
#1841 = CARTESIAN_POINT ( 'NONE',  ( -1.968503937007874100, 0.7748339697925827900, 0.2480314960629921300 ) ) ;
#1842 = DIRECTION ( 'NONE',  ( 0.9961946980917454300, 0.0000000000000000000, 0.08715574274765845700 ) ) ;
#1843 = DIRECTION ( 'NONE',  ( -0.0000000000000000000, -0.0000000000000000000, -1.000000000000000000 ) ) ;
#1844 = CARTESIAN_POINT ( 'NONE',  ( 0.6137762453632356100, 0.8361558830523320200, 0.0005115141803909121900 ) ) ;
#1845 = CARTESIAN_POINT ( 'NONE',  ( 0.6252419117786945900, -0.01256760501056446200, 0.001514630011513585800 ) ) ;
#1846 = CARTESIAN_POINT ( 'NONE',  ( 0.5905511811023640400, -0.7999691798137165100, 0.3980314960629921000 ) ) ;
#1847 = CARTESIAN_POINT ( 'NONE',  ( -2.755905511811024100, 0.7072855937084054900, 0.2480314960629921300 ) ) ;
#1848 = DIRECTION ( 'NONE',  ( 1.000000000000000000, 0.0000000000000000000, 0.0000000000000000000 ) ) ;
#1849 = DIRECTION ( 'NONE',  ( 0.0000000000000000000, 0.0000000000000000000, -1.000000000000000000 ) ) ;
#1850 = DIRECTION ( 'NONE',  ( -0.0000000000000000000, -0.0000000000000000000, -1.000000000000000000 ) ) ;
#1851 = CARTESIAN_POINT ( 'NONE',  ( 0.9842519685039370400, 0.7748339697925827900, 0.2480314960629921300 ) ) ;
#1852 = DIRECTION ( 'NONE',  ( -0.0000000000000000000, -0.0000000000000000000, -1.000000000000000000 ) ) ;
#1853 = DIRECTION ( 'NONE',  ( 0.0000000000000000000, 1.000000000000000000, -0.0000000000000000000 ) ) ;
#1854 = CARTESIAN_POINT ( 'NONE',  ( -3.543307086614173200, 1.955936331997307300, 0.3980314960629921000 ) ) ;
#1855 = DIRECTION ( 'NONE',  ( 1.000000000000000000, 0.0000000000000000000, 0.0000000000000000000 ) ) ;
#1856 = DIRECTION ( 'NONE',  ( -1.000000000000000000, 0.0000000000000000000, 0.0000000000000000000 ) ) ;
#1857 = DIRECTION ( 'NONE',  ( 1.000000000000000000, 0.0000000000000000000, 0.0000000000000000000 ) ) ;
#1858 = CARTESIAN_POINT ( 'NONE',  ( -3.543307086614173200, -0.7999691798137165100, 0.2480314960629921300 ) ) ;
#1859 = CARTESIAN_POINT ( 'NONE',  ( 0.6021982514803312400, 0.8332735229960774900, -6.420759149329555200E-017 ) ) ;
#1860 = DIRECTION ( 'NONE',  ( 1.000000000000000000, 0.0000000000000000000, 0.0000000000000000000 ) ) ;
#1861 = CARTESIAN_POINT ( 'NONE',  ( 0.6252419117786973700, 0.8391381337232009000, 0.001514630011513933600 ) ) ;
#1862 = DIRECTION ( 'NONE',  ( 1.000000000000000000, 1.776356839400250100E-016, -0.0000000000000000000 ) ) ;
#1863 = DIRECTION ( 'NONE',  ( -0.7071067811865469100, 0.7071067811865479100, -0.0000000000000000000 ) ) ;
#1864 = DIRECTION ( 'NONE',  ( -1.000000000000000000, 9.868649107779168700E-017, -0.0000000000000000000 ) ) ;
#1865 = DIRECTION ( 'NONE',  ( 1.000000000000000000, -2.731847993664264000E-015, 4.553079989440439900E-015 ) ) ;
#1866 = DIRECTION ( 'NONE',  ( 0.0000000000000000000, 0.0000000000000000000, -1.000000000000000000 ) ) ;
#1867 = DIRECTION ( 'NONE',  ( -2.960594732333750100E-016, -1.000000000000000000, -0.0000000000000000000 ) ) ;
#1868 = CARTESIAN_POINT ( 'NONE',  ( 0.5905511811023642600, 0.8304910535544347500, 0.0000000000000000000 ) ) ;
#1869 = CARTESIAN_POINT ( 'NONE',  ( -2.952755905511811100, -0.2094179987113527500, 0.2480314960629921300 ) ) ;
#1870 = DIRECTION ( 'NONE',  ( -2.664535259100380000E-015, -1.000000000000000000, 0.0000000000000000000 ) ) ;
#1871 = DIRECTION ( 'NONE',  ( 2.664535259100380000E-015, 1.000000000000000000, -0.0000000000000000000 ) ) ;
#1872 = CARTESIAN_POINT ( 'NONE',  ( -0.1732283464566929400, 0.2079048359343165500, 0.2480314960629921300 ) ) ;
#1873 = CARTESIAN_POINT ( 'NONE',  ( 0.2997742221919476600, 1.562235544595732600, 0.2480314960629921300 ) ) ;
#1874 = CARTESIAN_POINT ( 'NONE',  ( -0.1732283464566929400, -0.2330400459554472500, 0.2480314960629921300 ) ) ;
#1875 = CARTESIAN_POINT ( 'NONE',  ( -0.5487822063341810700, 1.955936331997307300, 0.2480314960629921300 ) ) ;
#1876 = CARTESIAN_POINT ( 'NONE',  ( -0.6141732283464567100, -0.2330400459554472500, 0.2480314960629921300 ) ) ;
#1877 = CARTESIAN_POINT ( 'NONE',  ( 0.5905511811023640400, -0.7999691798137162900, 0.3980314960629921000 ) ) ;
#1878 = CARTESIAN_POINT ( 'NONE',  ( 0.5949404331438884500, 0.8332735229960605000, 0.2480314960629920500 ) ) ;
#1879 = DIRECTION ( 'NONE',  ( -0.0000000000000000000, -0.0000000000000000000, -1.000000000000000000 ) ) ;
#1880 = DIRECTION ( 'NONE',  ( -1.000000000000000000, -0.0000000000000000000, 0.0000000000000000000 ) ) ;
#1881 = CARTESIAN_POINT ( 'NONE',  ( -1.968503937007874100, 1.955936331997307300, 0.3980314960629921000 ) ) ;
#1882 = DIRECTION ( 'NONE',  ( -1.000000000000000000, -0.0000000000000000000, -0.0000000000000000000 ) ) ;
#1883 = DIRECTION ( 'NONE',  ( -0.0000000000000000000, -0.0000000000000000000, -1.000000000000000000 ) ) ;
#1884 = CARTESIAN_POINT ( 'NONE',  ( -0.1732283464566928800, 3.038205597340712500, 0.0000000000000000000 ) ) ;
#1885 = CARTESIAN_POINT ( 'NONE',  ( 0.5905511811023672600, 0.8304910535544344200, 0.0000000000000000000 ) ) ;
#1886 = DIRECTION ( 'NONE',  ( 0.08715574274765845700, -2.322295495842179000E-016, -0.9961946980917455500 ) ) ;
#1887 = DIRECTION ( 'NONE',  ( 1.000000000000000000, 0.0000000000000000000, 0.0000000000000000000 ) ) ;
#1888 = CARTESIAN_POINT ( 'NONE',  ( 1.977148495511700900, 2.120436819125291400, 0.1197911302342119500 ) ) ;
#1889 = CARTESIAN_POINT ( 'NONE',  ( 0.6144332271466077500, 0.8391381337232009000, 0.1250584606803720500 ) ) ;
#1890 = DIRECTION ( 'NONE',  ( 1.000000000000000000, 0.0000000000000000000, -0.0000000000000000000 ) ) ;
#1891 = DIRECTION ( 'NONE',  ( 0.0000000000000000000, -1.000000000000000000, -0.0000000000000000000 ) ) ;
#1892 = CARTESIAN_POINT ( 'NONE',  ( -0.5487822063341810700, 0.7748339697925826800, 0.0000000000000000000 ) ) ;
#1893 = DIRECTION ( 'NONE',  ( 0.0000000000000000000, 0.0000000000000000000, 1.000000000000000000 ) ) ;
#1894 = CARTESIAN_POINT ( 'NONE',  ( -3.154836857423235100, 2.353967828060294000, 4.879540487449904000 ) ) ;
#1895 = DIRECTION ( 'NONE',  ( 1.000000000000000000, -9.912705577010340300E-017, -0.0000000000000000000 ) ) ;
#1896 = CARTESIAN_POINT ( 'NONE',  ( -1.574803149606299300, 0.7748339697925826800, 0.0000000000000000000 ) ) ;
#1897 = CARTESIAN_POINT ( 'NONE',  ( -3.154836857423235100, 2.353967828060293100, 5.391351511071952100 ) ) ;
#1898 = DIRECTION ( 'NONE',  ( 3.965082230804130700E-016, -1.000000000000000000, -0.0000000000000000000 ) ) ;
#1899 = CARTESIAN_POINT ( 'NONE',  ( 0.3147688010639259600, 1.562235544595732600, -0.02564824750565791000 ) ) ;
#1900 = DIRECTION ( 'NONE',  ( 0.08715574274761941900, -0.0000000000000000000, -0.9961946980917488800 ) ) ;
#1901 = DIRECTION ( 'NONE',  ( 0.9961946980917455500, 0.0000000000000000000, 0.08715574274765845700 ) ) ;
#1902 = CARTESIAN_POINT ( 'NONE',  ( -0.5487822063341810700, -0.7999691798137162900, 0.0000000000000000000 ) ) ;
#1903 = CARTESIAN_POINT ( 'NONE',  ( 0.2997742221919476600, 0.7748339697925826800, 0.0000000000000000000 ) ) ;
#1904 = CARTESIAN_POINT ( 'NONE',  ( -2.036052313092051600, -0.7999691798137155100, 0.0000000000000000000 ) ) ;
#1905 = DIRECTION ( 'NONE',  ( 0.0000000000000000000, 0.0000000000000000000, 1.000000000000000000 ) ) ;
#1906 = DIRECTION ( 'NONE',  ( -2.664535259100380000E-015, -1.000000000000000000, 0.0000000000000000000 ) ) ;
#1907 = CARTESIAN_POINT ( 'NONE',  ( -1.574803149606299300, 1.168534757194157600, 0.2480314960629921300 ) ) ;
#1908 = DIRECTION ( 'NONE',  ( -1.000000000000000000, -0.0000000000000000000, 0.0000000000000000000 ) ) ;
#1909 = CARTESIAN_POINT ( 'NONE',  ( 0.5993036533905621300, 0.8361558830523151400, 0.2482242625345318100 ) ) ;
#1910 = DIRECTION ( 'NONE',  ( 1.000000000000000000, -2.745358616778329900E-015, 0.0000000000000000000 ) ) ;
#1911 = CARTESIAN_POINT ( 'NONE',  ( 0.6036245425145183600, 0.8391381337232004500, 0.2486022913492303400 ) ) ;
#1912 = DIRECTION ( 'NONE',  ( 0.0000000000000000000, -1.821231995776175500E-015, -1.000000000000000000 ) ) ;
#1913 = DIRECTION ( 'NONE',  ( 0.0000000000000000000, 0.0000000000000000000, 1.000000000000000000 ) ) ;
#1914 = DIRECTION ( 'NONE',  ( 0.08715574274765845700, -2.322295495842179000E-016, -0.9961946980917455500 ) ) ;
#1915 = CARTESIAN_POINT ( 'NONE',  ( -1.968503937007874100, 1.168534757194157600, 0.0000000000000000000 ) ) ;
#1916 = DIRECTION ( 'NONE',  ( -0.0000000000000000000, 1.000000000000000000, 1.715124499442879900E-015 ) ) ;
#1917 = DIRECTION ( 'NONE',  ( 0.0000000000000000000, 2.135044278125301700E-015, -1.000000000000000000 ) ) ;
#1918 = CARTESIAN_POINT ( 'NONE',  ( -2.900472324417491700, 2.105936331997305000, 2.193667348008993700 ) ) ;
#1919 = CARTESIAN_POINT ( 'NONE',  ( -3.154836857423235100, 2.353967828060293600, 5.135445999260928000 ) ) ;
#1920 = DIRECTION ( 'NONE',  ( 0.9961946980917455500, 0.0000000000000000000, 0.08715574274765847100 ) ) ;
#1921 = DIRECTION ( 'NONE',  ( 0.9961946980917455500, 0.0000000000000000000, 0.08715574274765847100 ) ) ;
#1922 = DIRECTION ( 'NONE',  ( -0.0000000000000000000, 1.000000000000000000, 1.715124499442879900E-015 ) ) ;
#1923 = CARTESIAN_POINT ( 'NONE',  ( 0.2931514317997429600, 1.562235544595732600, 0.2214394138320581500 ) ) ;
#1924 = CARTESIAN_POINT ( 'NONE',  ( 1.133410738451883900, -0.7999691798137156300, 0.04597364150268819900 ) ) ;
#1925 = DIRECTION ( 'NONE',  ( 0.08715574274765845700, -2.322295495842179000E-016, -0.9961946980917454300 ) ) ;
#1926 = CARTESIAN_POINT ( 'NONE',  ( -3.237634772407845600, 2.353967828060293600, 6.116209193298161000 ) ) ;
#1927 = DIRECTION ( 'NONE',  ( 0.0000000000000000000, -0.0000000000000000000, -1.000000000000000000 ) ) ;
#1928 = CARTESIAN_POINT ( 'NONE',  ( -3.543307086614173200, 2.105936331997307200, 0.5756398537024213200 ) ) ;
#1929 = DIRECTION ( 'NONE',  ( 0.0000000000000000000, -1.000000000000000000, -1.715124499442879900E-015 ) ) ;
#1930 = DIRECTION ( 'NONE',  ( 0.0000000000000000000, 2.135044278125299400E-015, -1.000000000000000000 ) ) ;
#1931 = DIRECTION ( 'NONE',  ( 0.0000000000000000000, -1.000000000000000000, -1.715124499442879700E-015 ) ) ;
#1932 = DIRECTION ( 'NONE',  ( -0.08715574274765845700, 2.322295495842179000E-016, 0.9961946980917455500 ) ) ;
#1933 = CARTESIAN_POINT ( 'NONE',  ( -2.984762985237460000, -0.7999691798137227300, 3.430208889140987400 ) ) ;
#1934 = DIRECTION ( 'NONE',  ( 0.0000000000000000000, -1.000000000000000000, -1.715124499442879700E-015 ) ) ;
#1935 = DIRECTION ( 'NONE',  ( 0.0000000000000000000, 0.0000000000000000000, 1.000000000000000000 ) ) ;
#1936 = DIRECTION ( 'NONE',  ( -0.0000000000000000000, 1.000000000000000000, 1.715124499442879700E-015 ) ) ;
#1937 = CARTESIAN_POINT ( 'NONE',  ( -3.069053646057427800, 2.105936331997305000, 4.154939406650942900 ) ) ;
#1938 = CARTESIAN_POINT ( 'NONE',  ( 1.688069026957994300, -0.5693445980708404800, 0.09449995387766427200 ) ) ;
#1939 = DIRECTION ( 'NONE',  ( -0.0000000000000000000, 1.000000000000000000, 1.715124499442879900E-015 ) ) ;
#1940 = DIRECTION ( 'NONE',  ( -0.08715574274765845700, 2.322295495842179000E-016, 0.9961946980917454300 ) ) ;
#1941 = CARTESIAN_POINT ( 'NONE',  ( -3.312682504871299100, 0.1505086006481332600, 0.0000000000000000000 ) ) ;
#1942 = DIRECTION ( 'NONE',  ( -0.0000000000000000000, -0.0000000000000000000, -1.000000000000000000 ) ) ;
#1943 = CARTESIAN_POINT ( 'NONE',  ( -1.968503937007874100, 3.038205597340712500, 0.0000000000000000000 ) ) ;
#1944 = CARTESIAN_POINT ( 'NONE',  ( -0.5487822063341810700, 0.2079048359343167500, 0.0000000000000000000 ) ) ;
#1945 = DIRECTION ( 'NONE',  ( 0.0000000000000000000, 2.135044278125299400E-015, -1.000000000000000000 ) ) ;
#1946 = DIRECTION ( 'NONE',  ( 0.0000000000000000000, 0.0000000000000000000, 1.000000000000000000 ) ) ;
#1947 = DIRECTION ( 'NONE',  ( 1.000000000000000000, 0.0000000000000000000, -0.0000000000000000000 ) ) ;
#1948 = DIRECTION ( 'NONE',  ( -0.0000000000000000000, 1.000000000000000000, 0.0000000000000000000 ) ) ;
#1949 = CARTESIAN_POINT ( 'NONE',  ( -2.036052313092051100, -0.01256760501056571100, 0.0000000000000000000 ) ) ;
#1950 = CARTESIAN_POINT ( 'NONE',  ( -3.154836857423235100, 2.105936331997301000, 5.135445999260927200 ) ) ;
#1951 = DIRECTION ( 'NONE',  ( 1.000000000000000000, 0.0000000000000000000, 0.0000000000000000000 ) ) ;
#1952 = CARTESIAN_POINT ( 'NONE',  ( -3.237634772407845600, 2.353967828060293100, 6.372114705109185100 ) ) ;
#1953 = CARTESIAN_POINT ( 'NONE',  ( -0.1732283464566929400, -0.2330400459554472500, 0.0000000000000000000 ) ) ;
#1954 = DIRECTION ( 'NONE',  ( 0.0000000000000000000, 2.135044278125299400E-015, -1.000000000000000000 ) ) ;
#1955 = ORIENTED_EDGE ( 'NONE', *, *, #1027, .T. ) ;
#1956 = ORIENTED_EDGE ( 'NONE', *, *, #1057, .T. ) ;
#1957 = ORIENTED_EDGE ( 'NONE', *, *, #1000, .F. ) ;
#1958 = ORIENTED_EDGE ( 'NONE', *, *, #1041, .F. ) ;
#1959 = PRODUCT_DEFINITION_CONTEXT ( 'detailed design', #1269, 'design' ) ;
#1960 = PRODUCT_DEFINITION_SHAPE ( 'NONE', 'NONE',  #668 ) ;
#1961 = ORIENTED_EDGE ( 'NONE', *, *, #1041, .T. ) ;
#1962 = ORIENTED_EDGE ( 'NONE', *, *, #868, .T. ) ;
#1963 = ORIENTED_EDGE ( 'NONE', *, *, #872, .F. ) ;
#1964 = ORIENTED_EDGE ( 'NONE', *, *, #1001, .F. ) ;
#1965 = ORIENTED_EDGE ( 'NONE', *, *, #1018, .F. ) ;
#1966 = ORIENTED_EDGE ( 'NONE', *, *, #1042, .F. ) ;
#1967 = ORIENTED_EDGE ( 'NONE', *, *, #1020, .T. ) ;
#1968 = ORIENTED_EDGE ( 'NONE', *, *, #1061, .T. ) ;
#1969 = ORIENTED_EDGE ( 'NONE', *, *, #1022, .F. ) ;
#1970 = ORIENTED_EDGE ( 'NONE', *, *, #859, .T. ) ;
#1971 = ORIENTED_EDGE ( 'NONE', *, *, #1019, .T. ) ;
#1972 = ORIENTED_EDGE ( 'NONE', *, *, #853, .T. ) ;
#1973 = ORIENTED_EDGE ( 'NONE', *, *, #855, .F. ) ;
#1974 =( LENGTH_UNIT ( ) NAMED_UNIT ( * ) SI_UNIT ( $, .METRE. ) );
#1975 =( CONVERSION_BASED_UNIT ( 'INCH', #1518 ) LENGTH_UNIT ( ) NAMED_UNIT ( #2379 ) );
#1976 =( NAMED_UNIT ( * ) PLANE_ANGLE_UNIT ( ) SI_UNIT ( $, .RADIAN. ) );
#1977 =( NAMED_UNIT ( * ) SI_UNIT ( $, .STERADIAN. ) SOLID_ANGLE_UNIT ( ) );
#1978 = FILL_AREA_STYLE_COLOUR ( '', #1512 ) ;
#1979 = SURFACE_SIDE_STYLE ('',( #1510 ) ) ;
#1980 = FILL_AREA_STYLE_COLOUR ( '', #1524 ) ;
#1981 = FILL_AREA_STYLE ('',( #1980 ) ) ;
#1982 = SURFACE_SIDE_STYLE ('',( #1516 ) ) ;
#1983 = ORIENTED_EDGE ( 'NONE', *, *, #866, .T. ) ;
#1984 = ORIENTED_EDGE ( 'NONE', *, *, #1049, .T. ) ;
#1985 = VECTOR ( 'NONE', #1942, 39.37007874015748100 ) ;
#1986 = ORIENTED_EDGE ( 'NONE', *, *, #913, .T. ) ;
#1987 = LINE ( 'NONE', #1944, #311 ) ;
#1988 = ORIENTED_EDGE ( 'NONE', *, *, #1033, .T. ) ;
#1989 = ORIENTED_EDGE ( 'NONE', *, *, #902, .T. ) ;
#1990 = ORIENTED_EDGE ( 'NONE', *, *, #856, .T. ) ;
#1991 = CLOSED_SHELL ( 'NONE', ( #1358, #1332, #1351, #1352, #1315, #1336, #1350, #1362, #1328, #1337, #1340, #1324, #1348, #1359, #1319, #1325, #1357, #1316, #1323, #1363, #1320, #1342, #1355, #1341, #1317, #1326, #1339, #1356, #1333, #1321, #1322, #1344, #1318, #1338, #1343, #1327, #1364, #1354, #1349, #1330, #1329, #1331, #1345, #1360, #1334, #1346, #1347 ) ) ;
#1992 = ORIENTED_EDGE ( 'NONE', *, *, #1028, .T. ) ;
#1993 = ORIENTED_EDGE ( 'NONE', *, *, #880, .T. ) ;
#1994 = ORIENTED_EDGE ( 'NONE', *, *, #1006, .F. ) ;
#1995 = ORIENTED_EDGE ( 'NONE', *, *, #1003, .T. ) ;
#1996 = ORIENTED_EDGE ( 'NONE', *, *, #1052, .T. ) ;
#1997 = ORIENTED_EDGE ( 'NONE', *, *, #864, .F. ) ;
#1998 = ORIENTED_EDGE ( 'NONE', *, *, #1045, .T. ) ;
#1999 = ORIENTED_EDGE ( 'NONE', *, *, #1058, .T. ) ;
#2000 = ORIENTED_EDGE ( 'NONE', *, *, #1060, .F. ) ;
#2001 = ORIENTED_EDGE ( 'NONE', *, *, #1063, .T. ) ;
#2002 = DIRECTION ( 'NONE',  ( 0.7071067811865469100, -0.7071067811865479100, 0.0000000000000000000 ) ) ;
#2003 = CARTESIAN_POINT ( 'NONE',  ( -3.237634772407845600, 2.353967828060293600, 6.116209193298161000 ) ) ;
#2004 = FILL_AREA_STYLE_COLOUR ( '', #1526 ) ;
#2005 = FILL_AREA_STYLE ('',( #2004 ) ) ;
#2006 = SURFACE_SIDE_STYLE ('',( #1501 ) ) ;
#2007 = SURFACE_STYLE_USAGE ( .BOTH. , #2006 ) ;
#2008 = DIRECTION ( 'NONE',  ( 0.0000000000000000000, -1.000000000000000000, -1.715124499442879900E-015 ) ) ;
#2009 = DIRECTION ( 'NONE',  ( -0.7071067811865480200, -0.7071067811865470200, 0.0000000000000000000 ) ) ;
#2010 = DIRECTION ( 'NONE',  ( 0.0000000000000000000, 0.0000000000000000000, -1.000000000000000000 ) ) ;
#2011 = DIRECTION ( 'NONE',  ( 0.0000000000000000000, 2.135044278125299400E-015, -1.000000000000000000 ) ) ;
#2012 = FILL_AREA_STYLE ('',( #1978 ) ) ;
#2013 = CARTESIAN_POINT ( 'NONE',  ( -2.900472324417491700, -0.7999691798137207300, 2.193667348008988800 ) ) ;
#2014 = DIRECTION ( 'NONE',  ( -0.0000000000000000000, 1.000000000000000000, 1.715124499442879900E-015 ) ) ;
#2015 = DIRECTION ( 'NONE',  ( 1.000000000000000000, 0.0000000000000000000, 0.0000000000000000000 ) ) ;
#2016 = FILL_AREA_STYLE_COLOUR ( '', #1503 ) ;
#2017 = SURFACE_SIDE_STYLE ('',( #1483 ) ) ;
#2018 =( CONVERSION_BASED_UNIT ( 'INCH', #1482 ) LENGTH_UNIT ( ) NAMED_UNIT ( #2371 ) );
#2019 = CARTESIAN_POINT ( 'NONE',  ( -2.657480314960630100, 1.955936331997307300, 0.3980314960629921000 ) ) ;
#2020 = FILL_AREA_STYLE ('',( #2016 ) ) ;
#2021 =( NAMED_UNIT ( * ) PLANE_ANGLE_UNIT ( ) SI_UNIT ( $, .RADIAN. ) );
#2022 = PLANE ( 'NONE',  #1666 ) ;
#2023 = DIRECTION ( 'NONE',  ( 0.0000000000000000000, 0.0000000000000000000, -1.000000000000000000 ) ) ;
#2024 = CARTESIAN_POINT ( 'NONE',  ( -2.952755905511811100, -0.2094179987113527500, 0.0000000000000000000 ) ) ;
#2025 =( LENGTH_UNIT ( ) NAMED_UNIT ( * ) SI_UNIT ( $, .METRE. ) );
#2026 = SURFACE_STYLE_USAGE ( .BOTH. , #2017 ) ;
#2027 =( NAMED_UNIT ( * ) SI_UNIT ( $, .STERADIAN. ) SOLID_ANGLE_UNIT ( ) );
#2028 = ORIENTED_EDGE ( 'NONE', *, *, #1018, .T. ) ;
#2029 = ORIENTED_EDGE ( 'NONE', *, *, #1054, .T. ) ;
#2030 = ORIENTED_EDGE ( 'NONE', *, *, #1032, .F. ) ;
#2031 = ORIENTED_EDGE ( 'NONE', *, *, #1050, .T. ) ;
#2032 = ORIENTED_EDGE ( 'NONE', *, *, #858, .F. ) ;
#2033 = ORIENTED_EDGE ( 'NONE', *, *, #857, .F. ) ;
#2034 = ORIENTED_EDGE ( 'NONE', *, *, #1062, .T. ) ;
#2035 = ORIENTED_EDGE ( 'NONE', *, *, #1028, .F. ) ;
#2036 = ORIENTED_EDGE ( 'NONE', *, *, #1051, .T. ) ;
#2037 = ORIENTED_EDGE ( 'NONE', *, *, #1042, .T. ) ;
#2038 = ORIENTED_EDGE ( 'NONE', *, *, #1000, .T. ) ;
#2039 = ORIENTED_EDGE ( 'NONE', *, *, #1010, .T. ) ;
#2040 = ORIENTED_EDGE ( 'NONE', *, *, #1025, .T. ) ;
#2041 = ORIENTED_EDGE ( 'NONE', *, *, #863, .T. ) ;
#2042 = ORIENTED_EDGE ( 'NONE', *, *, #1008, .F. ) ;
#2043 = ORIENTED_EDGE ( 'NONE', *, *, #1005, .T. ) ;
#2044 =( LENGTH_UNIT ( ) NAMED_UNIT ( * ) SI_UNIT ( $, .METRE. ) );
#2045 =( CONVERSION_BASED_UNIT ( 'INCH', #1484 ) LENGTH_UNIT ( ) NAMED_UNIT ( #2388 ) );
#2046 =( NAMED_UNIT ( * ) SI_UNIT ( $, .STERADIAN. ) SOLID_ANGLE_UNIT ( ) );
#2047 = CARTESIAN_POINT ( 'NONE',  ( 0.6252419117786969200, 0.8391381337232009000, 0.001514630011513921200 ) ) ;
#2048 = CARTESIAN_POINT ( 'NONE',  ( 0.5905511811023661500, 0.8304910535544369800, 0.1653543307086614600 ) ) ;
#2049 = CARTESIAN_POINT ( 'NONE',  ( 0.6089526826573071800, 0.8361560678294921400, 0.08308248582034449800 ) ) ;
#2050 = CARTESIAN_POINT ( 'NONE',  ( 0.6108303322692442100, 0.8391381337232009000, 0.1662397375699913600 ) ) ;
#2051 = CARTESIAN_POINT ( 'NONE',  ( 0.5993039552502205100, 0.8361560678294921400, 0.2482242889438299200 ) ) ;
#2052 = CARTESIAN_POINT ( 'NONE',  ( 0.5997783559570787300, 0.8332733119325866900, 0.08267716535433072800 ) ) ;
#2053 =( LENGTH_UNIT ( ) NAMED_UNIT ( * ) SI_UNIT ( $, .METRE. ) );
#2054 = CARTESIAN_POINT ( 'NONE',  ( 0.5949401369321377600, 0.8332733119325866900, 0.2480314960629921300 ) ) ;
#2055 =( CONVERSION_BASED_UNIT ( 'INCH', #1513 ) LENGTH_UNIT ( ) NAMED_UNIT ( #2369 ) );
#2056 = FILL_AREA_STYLE_COLOUR ( '', #1489 ) ;
#2057 = CARTESIAN_POINT ( 'NONE',  ( 0.5973592464446102500, 0.8332733119325866900, 0.1653543307086614600 ) ) ;
#2058 = CARTESIAN_POINT ( 'NONE',  ( 0.6036245425145158100, 0.8391381337232009000, 0.2486022913492303400 ) ) ;
#2059 =( NAMED_UNIT ( * ) PLANE_ANGLE_UNIT ( ) SI_UNIT ( $, .RADIAN. ) );
#2060 = CARTESIAN_POINT ( 'NONE',  ( 0.6041283189537638400, 0.8361560678294921400, 0.1656533873820869900 ) ) ;
#2061 = FILL_AREA_STYLE ('',( #2056 ) ) ;
#2062 = SURFACE_SIDE_STYLE ('',( #1492 ) ) ;
#2063 = SURFACE_STYLE_USAGE ( .BOTH. , #1982 ) ;
#2064 = CARTESIAN_POINT ( 'NONE',  ( 0.5905511811023661500, 0.8304910535544369800, 0.2480314960629921300 ) ) ;
#2065 = SURFACE_STYLE_USAGE ( .BOTH. , #2062 ) ;
#2066 =( NAMED_UNIT ( * ) PLANE_ANGLE_UNIT ( ) SI_UNIT ( $, .RADIAN. ) );
#2067 = CARTESIAN_POINT ( 'NONE',  ( 0.5905511811023661500, 0.8304910535544369800, 0.08267716535433072800 ) ) ;
#2068 = CARTESIAN_POINT ( 'NONE',  ( 0.6180361220239725100, 0.8391381337232009000, 0.08387718379075276300 ) ) ;
#2069 = ORIENTED_EDGE ( 'NONE', *, *, #1023, .T. ) ;
#2070 = ORIENTED_EDGE ( 'NONE', *, *, #1037, .F. ) ;
#2071 = ORIENTED_EDGE ( 'NONE', *, *, #875, .T. ) ;
#2072 = ORIENTED_EDGE ( 'NONE', *, *, #863, .F. ) ;
#2073 = ORIENTED_EDGE ( 'NONE', *, *, #1043, .T. ) ;
#2074 = ORIENTED_EDGE ( 'NONE', *, *, #906, .T. ) ;
#2075 = ORIENTED_EDGE ( 'NONE', *, *, #1030, .T. ) ;
#2076 = ORIENTED_EDGE ( 'NONE', *, *, #854, .F. ) ;
#2077 = ORIENTED_EDGE ( 'NONE', *, *, #999, .T. ) ;
#2078 = ORIENTED_EDGE ( 'NONE', *, *, #1032, .T. ) ;
#2079 = ORIENTED_EDGE ( 'NONE', *, *, #871, .T. ) ;
#2080 = ORIENTED_EDGE ( 'NONE', *, *, #1024, .T. ) ;
#2081 = ORIENTED_EDGE ( 'NONE', *, *, #1056, .T. ) ;
#2082 = ORIENTED_EDGE ( 'NONE', *, *, #889, .T. ) ;
#2083 = ORIENTED_EDGE ( 'NONE', *, *, #891, .T. ) ;
#2084 = ORIENTED_EDGE ( 'NONE', *, *, #879, .T. ) ;
#2085 = ORIENTED_EDGE ( 'NONE', *, *, #1019, .F. ) ;
#2086 = ORIENTED_EDGE ( 'NONE', *, *, #998, .T. ) ;
#2087 = ORIENTED_EDGE ( 'NONE', *, *, #871, .F. ) ;
#2088 = ORIENTED_EDGE ( 'NONE', *, *, #1025, .F. ) ;
#2089 = ORIENTED_EDGE ( 'NONE', *, *, #1013, .F. ) ;
#2090 = ORIENTED_EDGE ( 'NONE', *, *, #1046, .F. ) ;
#2091 = ORIENTED_EDGE ( 'NONE', *, *, #872, .T. ) ;
#2092 = ORIENTED_EDGE ( 'NONE', *, *, #1016, .F. ) ;
#2093 = ORIENTED_EDGE ( 'NONE', *, *, #881, .T. ) ;
#2094 = ORIENTED_EDGE ( 'NONE', *, *, #1010, .F. ) ;
#2095 = ORIENTED_EDGE ( 'NONE', *, *, #1023, .F. ) ;
#2096 = ORIENTED_EDGE ( 'NONE', *, *, #873, .T. ) ;
#2097 = ORIENTED_EDGE ( 'NONE', *, *, #1004, .T. ) ;
#2098 = ORIENTED_EDGE ( 'NONE', *, *, #1015, .F. ) ;
#2099 = ORIENTED_EDGE ( 'NONE', *, *, #1043, .F. ) ;
#2100 = ORIENTED_EDGE ( 'NONE', *, *, #1024, .F. ) ;
#2101 = ORIENTED_EDGE ( 'NONE', *, *, #888, .F. ) ;
#2102 = ORIENTED_EDGE ( 'NONE', *, *, #1052, .F. ) ;
#2103 = ORIENTED_EDGE ( 'NONE', *, *, #865, .F. ) ;
#2104 = ORIENTED_EDGE ( 'NONE', *, *, #885, .F. ) ;
#2105 = ORIENTED_EDGE ( 'NONE', *, *, #1038, .T. ) ;
#2106 = ORIENTED_EDGE ( 'NONE', *, *, #1013, .T. ) ;
#2107 = ORIENTED_EDGE ( 'NONE', *, *, #1031, .F. ) ;
#2108 = ORIENTED_EDGE ( 'NONE', *, *, #1009, .T. ) ;
#2109 = ORIENTED_EDGE ( 'NONE', *, *, #858, .T. ) ;
#2110 = ORIENTED_EDGE ( 'NONE', *, *, #1046, .T. ) ;
#2111 = ORIENTED_EDGE ( 'NONE', *, *, #852, .T. ) ;
#2112 = ORIENTED_EDGE ( 'NONE', *, *, #1001, .T. ) ;
#2113 = ORIENTED_EDGE ( 'NONE', *, *, #1006, .T. ) ;
#2114 = ORIENTED_EDGE ( 'NONE', *, *, #915, .F. ) ;
#2115 = ORIENTED_EDGE ( 'NONE', *, *, #1035, .F. ) ;
#2116 = ORIENTED_EDGE ( 'NONE', *, *, #1034, .T. ) ;
#2117 = ORIENTED_EDGE ( 'NONE', *, *, #874, .T. ) ;
#2118 = ORIENTED_EDGE ( 'NONE', *, *, #1045, .F. ) ;
#2119 = ORIENTED_EDGE ( 'NONE', *, *, #1048, .T. ) ;
#2120 = ORIENTED_EDGE ( 'NONE', *, *, #884, .T. ) ;
#2121 = ORIENTED_EDGE ( 'NONE', *, *, #886, .F. ) ;
#2122 = ORIENTED_EDGE ( 'NONE', *, *, #1027, .F. ) ;
#2123 = ORIENTED_EDGE ( 'NONE', *, *, #1051, .F. ) ;
#2124 = ORIENTED_EDGE ( 'NONE', *, *, #855, .T. ) ;
#2125 = ORIENTED_EDGE ( 'NONE', *, *, #903, .T. ) ;
#2126 = ORIENTED_EDGE ( 'NONE', *, *, #1037, .T. ) ;
#2127 = ORIENTED_EDGE ( 'NONE', *, *, #1008, .T. ) ;
#2128 = ORIENTED_EDGE ( 'NONE', *, *, #1056, .F. ) ;
#2129 = ORIENTED_EDGE ( 'NONE', *, *, #1014, .T. ) ;
#2130 = ORIENTED_EDGE ( 'NONE', *, *, #1015, .T. ) ;
#2131 = ORIENTED_EDGE ( 'NONE', *, *, #999, .F. ) ;
#2132 = ORIENTED_EDGE ( 'NONE', *, *, #894, .T. ) ;
#2133 = ORIENTED_EDGE ( 'NONE', *, *, #1011, .T. ) ;
#2134 = ORIENTED_EDGE ( 'NONE', *, *, #897, .F. ) ;
#2135 = ORIENTED_EDGE ( 'NONE', *, *, #896, .F. ) ;
#2136 = ORIENTED_EDGE ( 'NONE', *, *, #908, .F. ) ;
#2137 = ORIENTED_EDGE ( 'NONE', *, *, #1058, .F. ) ;
#2138 = ORIENTED_EDGE ( 'NONE', *, *, #1047, .F. ) ;
#2139 = ORIENTED_EDGE ( 'NONE', *, *, #1048, .F. ) ;
#2140 = ORIENTED_EDGE ( 'NONE', *, *, #899, .F. ) ;
#2141 = ORIENTED_EDGE ( 'NONE', *, *, #911, .T. ) ;
#2142 = ORIENTED_EDGE ( 'NONE', *, *, #1035, .T. ) ;
#2143 = ORIENTED_EDGE ( 'NONE', *, *, #1002, .F. ) ;
#2144 = ORIENTED_EDGE ( 'NONE', *, *, #908, .T. ) ;
#2145 = ORIENTED_EDGE ( 'NONE', *, *, #1029, .F. ) ;
#2146 = ORIENTED_EDGE ( 'NONE', *, *, #904, .T. ) ;
#2147 = ORIENTED_EDGE ( 'NONE', *, *, #1040, .F. ) ;
#2148 = ORIENTED_EDGE ( 'NONE', *, *, #1044, .T. ) ;
#2149 = ORIENTED_EDGE ( 'NONE', *, *, #1062, .F. ) ;
#2150 = ORIENTED_EDGE ( 'NONE', *, *, #896, .T. ) ;
#2151 = ORIENTED_EDGE ( 'NONE', *, *, #1033, .F. ) ;
#2152 = ORIENTED_EDGE ( 'NONE', *, *, #905, .F. ) ;
#2153 = ORIENTED_EDGE ( 'NONE', *, *, #1034, .F. ) ;
#2154 = ORIENTED_EDGE ( 'NONE', *, *, #887, .F. ) ;
#2155 = ORIENTED_EDGE ( 'NONE', *, *, #1055, .F. ) ;
#2156 = ORIENTED_EDGE ( 'NONE', *, *, #916, .T. ) ;
#2157 = ORIENTED_EDGE ( 'NONE', *, *, #892, .T. ) ;
#2158 = ORIENTED_EDGE ( 'NONE', *, *, #901, .T. ) ;
#2159 = ORIENTED_EDGE ( 'NONE', *, *, #910, .F. ) ;
#2160 = ORIENTED_EDGE ( 'NONE', *, *, #1039, .F. ) ;
#2161 = ORIENTED_EDGE ( 'NONE', *, *, #1017, .F. ) ;
#2162 = ORIENTED_EDGE ( 'NONE', *, *, #1055, .T. ) ;
#2163 = ORIENTED_EDGE ( 'NONE', *, *, #1022, .T. ) ;
#2164 = ORIENTED_EDGE ( 'NONE', *, *, #889, .F. ) ;
#2165 = ORIENTED_EDGE ( 'NONE', *, *, #1004, .F. ) ;
#2166 = ORIENTED_EDGE ( 'NONE', *, *, #877, .T. ) ;
#2167 = ORIENTED_EDGE ( 'NONE', *, *, #900, .F. ) ;
#2168 = ORIENTED_EDGE ( 'NONE', *, *, #854, .T. ) ;
#2169 = ORIENTED_EDGE ( 'NONE', *, *, #1016, .T. ) ;
#2170 = ORIENTED_EDGE ( 'NONE', *, *, #911, .F. ) ;
#2171 = ORIENTED_EDGE ( 'NONE', *, *, #890, .F. ) ;
#2172 = ORIENTED_EDGE ( 'NONE', *, *, #907, .F. ) ;
#2173 = ORIENTED_EDGE ( 'NONE', *, *, #888, .T. ) ;
#2174 = ORIENTED_EDGE ( 'NONE', *, *, #1044, .F. ) ;
#2175 = ORIENTED_EDGE ( 'NONE', *, *, #1014, .F. ) ;
#2176 = ORIENTED_EDGE ( 'NONE', *, *, #853, .F. ) ;
#2177 = ORIENTED_EDGE ( 'NONE', *, *, #898, .F. ) ;
#2178 = ORIENTED_EDGE ( 'NONE', *, *, #891, .F. ) ;
#2179 = ORIENTED_EDGE ( 'NONE', *, *, #913, .F. ) ;
#2180 = ORIENTED_EDGE ( 'NONE', *, *, #882, .F. ) ;
#2181 = ORIENTED_EDGE ( 'NONE', *, *, #901, .F. ) ;
#2182 = ORIENTED_EDGE ( 'NONE', *, *, #894, .F. ) ;
#2183 = ORIENTED_EDGE ( 'NONE', *, *, #877, .F. ) ;
#2184 = ORIENTED_EDGE ( 'NONE', *, *, #904, .F. ) ;
#2185 = ORIENTED_EDGE ( 'NONE', *, *, #890, .T. ) ;
#2186 = ORIENTED_EDGE ( 'NONE', *, *, #924, .F. ) ;
#2187 = ORIENTED_EDGE ( 'NONE', *, *, #1007, .T. ) ;
#2188 = ORIENTED_EDGE ( 'NONE', *, *, #906, .F. ) ;
#2189 = ORIENTED_EDGE ( 'NONE', *, *, #998, .F. ) ;
#2190 = ORIENTED_EDGE ( 'NONE', *, *, #1040, .T. ) ;
#2191 = ORIENTED_EDGE ( 'NONE', *, *, #1053, .F. ) ;
#2192 = ORIENTED_EDGE ( 'NONE', *, *, #1026, .F. ) ;
#2193 = ORIENTED_EDGE ( 'NONE', *, *, #1012, .F. ) ;
#2194 = ORIENTED_EDGE ( 'NONE', *, *, #866, .F. ) ;
#2195 = ORIENTED_EDGE ( 'NONE', *, *, #910, .T. ) ;
#2196 = ORIENTED_EDGE ( 'NONE', *, *, #1017, .T. ) ;
#2197 = ORIENTED_EDGE ( 'NONE', *, *, #1007, .F. ) ;
#2198 = ORIENTED_EDGE ( 'NONE', *, *, #1049, .F. ) ;
#2199 = ORIENTED_EDGE ( 'NONE', *, *, #885, .T. ) ;
#2200 = ORIENTED_EDGE ( 'NONE', *, *, #887, .T. ) ;
#2201 = ORIENTED_EDGE ( 'NONE', *, *, #895, .T. ) ;
#2202 = SURFACE_STYLE_FILL_AREA ( #244 ) ;
#2203 = ORIENTED_EDGE ( 'NONE', *, *, #1031, .T. ) ;
#2204 = ORIENTED_EDGE ( 'NONE', *, *, #924, .T. ) ;
#2205 = ORIENTED_EDGE ( 'NONE', *, *, #893, .T. ) ;
#2206 = ORIENTED_EDGE ( 'NONE', *, *, #903, .F. ) ;
#2207 = VECTOR ( 'NONE', #1788, 39.37007874015748100 ) ;
#2208 = LINE ( 'NONE', #1782, #2209 ) ;
#2209 = VECTOR ( 'NONE', #1791, 39.37007874015748100 ) ;
#2210 = PRESENTATION_STYLE_ASSIGNMENT (( #222 ) ) ;
#2211 = STYLED_ITEM ( 'NONE', ( #2210 ), #263 ) ;
#2212 = ORIENTED_EDGE ( 'NONE', *, *, #895, .F. ) ;
#2213 = ORIENTED_EDGE ( 'NONE', *, *, #902, .F. ) ;
#2214 = ORIENTED_EDGE ( 'NONE', *, *, #1003, .F. ) ;
#2215 = ORIENTED_EDGE ( 'NONE', *, *, #912, .F. ) ;
#2216 = ORIENTED_EDGE ( 'NONE', *, *, #909, .F. ) ;
#2217 = ORIENTED_EDGE ( 'NONE', *, *, #914, .F. ) ;
#2218 = COLOUR_RGB ( '',0.7529411764705882200, 0.7529411764705882200, 0.7529411764705882200 ) ;
#2219 = ORIENTED_EDGE ( 'NONE', *, *, #892, .F. ) ;
#2220 = ORIENTED_EDGE ( 'NONE', *, *, #905, .T. ) ;
#2221 = LINE ( 'NONE', #1760, #2207 ) ;
#2222 = ORIENTED_EDGE ( 'NONE', *, *, #916, .F. ) ;
#2223 = ORIENTED_EDGE ( 'NONE', *, *, #893, .F. ) ;
#2224 = LINE ( 'NONE', #1770, #2226 ) ;
#2225 = ORIENTED_EDGE ( 'NONE', *, *, #1012, .T. ) ;
#2226 = VECTOR ( 'NONE', #1778, 39.37007874015748100 ) ;
#2227 = ORIENTED_EDGE ( 'NONE', *, *, #876, .T. ) ;
#2228 = ORIENTED_EDGE ( 'NONE', *, *, #898, .T. ) ;
#2229 = ORIENTED_EDGE ( 'NONE', *, *, #914, .T. ) ;
#2230 = ORIENTED_EDGE ( 'NONE', *, *, #897, .T. ) ;
#2231 = ORIENTED_EDGE ( 'NONE', *, *, #900, .T. ) ;
#2232 = LENGTH_MEASURE_WITH_UNIT ( LENGTH_MEASURE( 0.02539999999999999900 ), #242 );
#2233 =( GEOMETRIC_REPRESENTATION_CONTEXT ( 3 ) GLOBAL_UNCERTAINTY_ASSIGNED_CONTEXT ( ( #260 ) ) GLOBAL_UNIT_ASSIGNED_CONTEXT ( ( #215, #245, #254 ) ) REPRESENTATION_CONTEXT ( 'NONE', 'WORKASPACE' ) );
#2234 = LINE ( 'NONE', #1767, #2239 ) ;
#2235 = ORIENTED_EDGE ( 'NONE', *, *, #899, .T. ) ;
#2236 = ORIENTED_EDGE ( 'NONE', *, *, #909, .T. ) ;
#2237 = ORIENTED_EDGE ( 'NONE', *, *, #907, .T. ) ;
#2238 = CIRCLE ( 'NONE', #922, 0.2559055118110238300 ) ;
#2239 = VECTOR ( 'NONE', #1758, 39.37007874015748100 ) ;
#2240 = ORIENTED_EDGE ( 'NONE', *, *, #886, .T. ) ;
#2241 = CIRCLE ( 'NONE', #921, 0.2559055118110235600 ) ;
#2242 = LINE ( 'NONE', #1943, #2296 ) ;
#2243 = ORIENTED_EDGE ( 'NONE', *, *, #912, .T. ) ;
#2244 = ORIENTED_EDGE ( 'NONE', *, *, #915, .T. ) ;
#2245 = LINE ( 'NONE', #1822, #2277 ) ;
#2246 = LINE ( 'NONE', #1756, #2254 ) ;
#2247 = CIRCLE ( 'NONE', #932, 0.7874015748031496500 ) ;
#2248 = LINE ( 'NONE', #1790, #2258 ) ;
#2249 = LINE ( 'NONE', #1771, #2285 ) ;
#2250 = VECTOR ( 'NONE', #1812, 39.37007874015748100 ) ;
#2251 = VECTOR ( 'NONE', #1821, 39.37007874015748100 ) ;
#2252 = VECTOR ( 'NONE', #1794, 39.37007874015748100 ) ;
#2253 = VECTOR ( 'NONE', #1797, 39.37007874015748900 ) ;
#2254 = VECTOR ( 'NONE', #1785, 39.37007874015748900 ) ;
#2255 = CIRCLE ( 'NONE', #944, 0.2559055118110238300 ) ;
#2256 = LINE ( 'NONE', #1832, #2274 ) ;
#2257 = VECTOR ( 'NONE', #1768, 39.37007874015748100 ) ;
#2258 = VECTOR ( 'NONE', #1757, 39.37007874015748100 ) ;
#2259 = CIRCLE ( 'NONE', #943, 0.2559055118110238300 ) ;
#2260 = LINE ( 'NONE', #1806, #2281 ) ;
#2261 = CIRCLE ( 'NONE', #936, 0.7874015748031495400 ) ;
#2262 = LINE ( 'NONE', #1808, #2264 ) ;
#2263 = CIRCLE ( 'NONE', #942, 0.2559055118110238300 ) ;
#2264 = VECTOR ( 'NONE', #1815, 39.37007874015748100 ) ;
#2265 = VECTOR ( 'NONE', #1769, 39.37007874015748100 ) ;
#2266 = VECTOR ( 'NONE', #1798, 39.37007874015748100 ) ;
#2267 = LINE ( 'NONE', #1824, #2250 ) ;
#2268 = LINE ( 'NONE', #1825, #2294 ) ;
#2269 = LINE ( 'NONE', #1776, #2280 ) ;
#2270 = LINE ( 'NONE', #1840, #2289 ) ;
#2271 = LINE ( 'NONE', #1823, #2286 ) ;
#2272 = CIRCLE ( 'NONE', #960, 0.2559055118110238300 ) ;
#2273 = VECTOR ( 'NONE', #1802, 39.37007874015748100 ) ;
#2274 = VECTOR ( 'NONE', #1829, 39.37007874015748100 ) ;
#2275 = LINE ( 'NONE', #1765, #2257 ) ;
#2276 = LINE ( 'NONE', #1817, #2252 ) ;
#2277 = VECTOR ( 'NONE', #1831, 39.37007874015748100 ) ;
#2278 = LINE ( 'NONE', #1786, #2265 ) ;
#2279 = CIRCLE ( 'NONE', #918, 0.7874015748031495400 ) ;
#2280 = VECTOR ( 'NONE', #1763, 39.37007874015748900 ) ;
#2281 = VECTOR ( 'NONE', #1801, 39.37007874015748900 ) ;
#2282 = CIRCLE ( 'NONE', #938, 0.2559055118110235600 ) ;
#2283 = CIRCLE ( 'NONE', #961, 0.2559055118110238300 ) ;
#2284 = LINE ( 'NONE', #1793, #2266 ) ;
#2285 = VECTOR ( 'NONE', #1772, 39.37007874015748100 ) ;
#2286 = VECTOR ( 'NONE', #1803, 39.37007874015748100 ) ;
#2287 = LINE ( 'NONE', #1828, #2251 ) ;
#2288 = LINE ( 'NONE', #1816, #2293 ) ;
#2289 = VECTOR ( 'NONE', #1853, 39.37007874015748100 ) ;
#2290 = CIRCLE ( 'NONE', #937, 0.7874015748031496500 ) ;
#2291 = CIRCLE ( 'NONE', #920, 0.7874015748031503200 ) ;
#2292 = LINE ( 'NONE', #1796, #2253 ) ;
#2293 = VECTOR ( 'NONE', #1819, 39.37007874015748100 ) ;
#2294 = VECTOR ( 'NONE', #1842, 39.37007874015748100 ) ;
#2295 = LINE ( 'NONE', #1872, #2314 ) ;
#2296 = VECTOR ( 'NONE', #1948, 39.37007874015748100 ) ;
#2297 = LINE ( 'NONE', #1813, #2273 ) ;
#2298 = VECTOR ( 'NONE', #1862, 39.37007874015748100 ) ;
#2299 = CIRCLE ( 'NONE', #926, 0.7874015748031497600 ) ;
#2300 = VECTOR ( 'NONE', #1870, 39.37007874015748100 ) ;
#2301 = VECTOR ( 'NONE', #1905, 39.37007874015748100 ) ;
#2302 = LINE ( 'NONE', #1892, #2319 ) ;
#2303 = LINE ( 'NONE', #1869, #2344 ) ;
#2304 = LINE ( 'NONE', #1845, #2300 ) ;
#2305 = VECTOR ( 'NONE', #1867, 39.37007874015748100 ) ;
#2306 = LINE ( 'NONE', #1903, #2316 ) ;
#2307 = LINE ( 'NONE', #1875, #2312 ) ;
#2308 = LINE ( 'NONE', #1904, #2301 ) ;
#2309 = LINE ( 'NONE', #1836, #2335 ) ;
#2310 = CIRCLE ( 'NONE', #931, 0.7874015748031497600 ) ;
#2311 = LINE ( 'NONE', #1858, #2326 ) ;
#2312 = VECTOR ( 'NONE', #1880, 39.37007874015748100 ) ;
#2313 = VECTOR ( 'NONE', #1900, 39.37007874015748900 ) ;
#2314 = VECTOR ( 'NONE', #1837, 39.37007874015748100 ) ;
#2315 = LINE ( 'NONE', #1851, #2298 ) ;
#2316 = VECTOR ( 'NONE', #1883, 39.37007874015748100 ) ;
#2317 = VECTOR ( 'NONE', #1895, 39.37007874015748100 ) ;
#2318 = LINE ( 'NONE', #1896, #2350 ) ;
#2319 = VECTOR ( 'NONE', #1908, 39.37007874015748100 ) ;
#2320 = LINE ( 'NONE', #1874, #2317 ) ;
#2321 = LINE ( 'NONE', #1894, #2347 ) ;
#2322 = CIRCLE ( 'NONE', #957, 0.3980314960629921000 ) ;
#2323 = CIRCLE ( 'NONE', #939, 0.3937007874015748800 ) ;
#2324 = CIRCLE ( 'NONE', #951, 0.3937007874015748800 ) ;
#2325 = LINE ( 'NONE', #1902, #2340 ) ;
#2326 = VECTOR ( 'NONE', #1864, 39.37007874015748100 ) ;
#2327 = VECTOR ( 'NONE', #1893, 39.37007874015748100 ) ;
#2328 = CIRCLE ( 'NONE', #953, 0.1499999999999999900 ) ;
#2329 = LINE ( 'NONE', #1889, #2313 ) ;
#2330 = CIRCLE ( 'NONE', #935, 0.2559055118110235600 ) ;
#2331 = LINE ( 'NONE', #1884, #2332 ) ;
#2332 = VECTOR ( 'NONE', #1891, 39.37007874015748100 ) ;
#2333 = LINE ( 'NONE', #1885, #2327 ) ;
#2334 = LINE ( 'NONE', #1897, #2338 ) ;
#2335 = VECTOR ( 'NONE', #1838, 39.37007874015748100 ) ;
#2336 = VECTOR ( 'NONE', #1898, 39.37007874015748100 ) ;
#2337 = CIRCLE ( 'NONE', #954, 0.7874015748031496500 ) ;
#2338 = VECTOR ( 'NONE', #1931, 39.37007874015748100 ) ;
#2339 = LINE ( 'NONE', #1841, #2305 ) ;
#2340 = VECTOR ( 'NONE', #1890, 39.37007874015748100 ) ;
#2341 = LINE ( 'NONE', #1876, #2336 ) ;
#2342 = CIRCLE ( 'NONE', #934, 0.7874015748031496500 ) ;
#2343 = LINE ( 'NONE', #1915, #2348 ) ;
#2344 = VECTOR ( 'NONE', #1863, 39.37007874015748900 ) ;
#2345 = LINE ( 'NONE', #1953, #1985 ) ;
#2346 = CIRCLE ( 'NONE', #940, 0.1499999999999999900 ) ;
#2347 = VECTOR ( 'NONE', #1934, 39.37007874015748100 ) ;
#2348 = VECTOR ( 'NONE', #1927, 39.37007874015748100 ) ;
#2349 = CIRCLE ( 'NONE', #933, 0.1499999999999999700 ) ;
#2350 = VECTOR ( 'NONE', #1913, 39.37007874015748100 ) ;
#2351 = CIRCLE ( 'NONE', #956, 0.2559055118110238300 ) ;
#2352 = VECTOR ( 'NONE', #1925, 39.37007874015748100 ) ;
#2353 = CIRCLE ( 'NONE', #959, 0.2559055118110238300 ) ;
#2354 = LINE ( 'NONE', #1933, #2363 ) ;
#2355 = LINE ( 'NONE', #1924, #2352 ) ;
#2356 = LINE ( 'NONE', #1928, #2360 ) ;
#2357 = LINE ( 'NONE', #1938, #2359 ) ;
#2358 = CIRCLE ( 'NONE', #927, 0.7874015748031496500 ) ;
#2359 = VECTOR ( 'NONE', #1940, 39.37007874015748100 ) ;
#2360 = VECTOR ( 'NONE', #1935, 39.37007874015748100 ) ;
#2361 = CIRCLE ( 'NONE', #928, 0.7874015748031497600 ) ;
#2362 = CIRCLE ( 'NONE', #950, 0.2559055118110238300 ) ;
#2363 = VECTOR ( 'NONE', #1936, 39.37007874015748100 ) ;
#2364 = DIMENSIONAL_EXPONENTS ( 1.000000000000000000, 0.0000000000000000000, 0.0000000000000000000, 0.0000000000000000000, 0.0000000000000000000, 0.0000000000000000000, 0.0000000000000000000 ) ;
#2365 = DIMENSIONAL_EXPONENTS ( 1.000000000000000000, 0.0000000000000000000, 0.0000000000000000000, 0.0000000000000000000, 0.0000000000000000000, 0.0000000000000000000, 0.0000000000000000000 ) ;
#2366 = DIMENSIONAL_EXPONENTS ( 1.000000000000000000, 0.0000000000000000000, 0.0000000000000000000, 0.0000000000000000000, 0.0000000000000000000, 0.0000000000000000000, 0.0000000000000000000 ) ;
#2367 = DIMENSIONAL_EXPONENTS ( 1.000000000000000000, 0.0000000000000000000, 0.0000000000000000000, 0.0000000000000000000, 0.0000000000000000000, 0.0000000000000000000, 0.0000000000000000000 ) ;
#2368 = DIMENSIONAL_EXPONENTS ( 1.000000000000000000, 0.0000000000000000000, 0.0000000000000000000, 0.0000000000000000000, 0.0000000000000000000, 0.0000000000000000000, 0.0000000000000000000 ) ;
#2369 = DIMENSIONAL_EXPONENTS ( 1.000000000000000000, 0.0000000000000000000, 0.0000000000000000000, 0.0000000000000000000, 0.0000000000000000000, 0.0000000000000000000, 0.0000000000000000000 ) ;
#2370 = DIMENSIONAL_EXPONENTS ( 1.000000000000000000, 0.0000000000000000000, 0.0000000000000000000, 0.0000000000000000000, 0.0000000000000000000, 0.0000000000000000000, 0.0000000000000000000 ) ;
#2371 = DIMENSIONAL_EXPONENTS ( 1.000000000000000000, 0.0000000000000000000, 0.0000000000000000000, 0.0000000000000000000, 0.0000000000000000000, 0.0000000000000000000, 0.0000000000000000000 ) ;
#2372 = DIMENSIONAL_EXPONENTS ( 1.000000000000000000, 0.0000000000000000000, 0.0000000000000000000, 0.0000000000000000000, 0.0000000000000000000, 0.0000000000000000000, 0.0000000000000000000 ) ;
#2373 = DIMENSIONAL_EXPONENTS ( 1.000000000000000000, 0.0000000000000000000, 0.0000000000000000000, 0.0000000000000000000, 0.0000000000000000000, 0.0000000000000000000, 0.0000000000000000000 ) ;
#2374 = DIMENSIONAL_EXPONENTS ( 1.000000000000000000, 0.0000000000000000000, 0.0000000000000000000, 0.0000000000000000000, 0.0000000000000000000, 0.0000000000000000000, 0.0000000000000000000 ) ;
#2375 = DIMENSIONAL_EXPONENTS ( 1.000000000000000000, 0.0000000000000000000, 0.0000000000000000000, 0.0000000000000000000, 0.0000000000000000000, 0.0000000000000000000, 0.0000000000000000000 ) ;
#2376 = DIMENSIONAL_EXPONENTS ( 1.000000000000000000, 0.0000000000000000000, 0.0000000000000000000, 0.0000000000000000000, 0.0000000000000000000, 0.0000000000000000000, 0.0000000000000000000 ) ;
#2377 = DIMENSIONAL_EXPONENTS ( 1.000000000000000000, 0.0000000000000000000, 0.0000000000000000000, 0.0000000000000000000, 0.0000000000000000000, 0.0000000000000000000, 0.0000000000000000000 ) ;
#2378 = DIMENSIONAL_EXPONENTS ( 1.000000000000000000, 0.0000000000000000000, 0.0000000000000000000, 0.0000000000000000000, 0.0000000000000000000, 0.0000000000000000000, 0.0000000000000000000 ) ;
#2379 = DIMENSIONAL_EXPONENTS ( 1.000000000000000000, 0.0000000000000000000, 0.0000000000000000000, 0.0000000000000000000, 0.0000000000000000000, 0.0000000000000000000, 0.0000000000000000000 ) ;
#2380 = DIMENSIONAL_EXPONENTS ( 1.000000000000000000, 0.0000000000000000000, 0.0000000000000000000, 0.0000000000000000000, 0.0000000000000000000, 0.0000000000000000000, 0.0000000000000000000 ) ;
#2381 = DIMENSIONAL_EXPONENTS ( 1.000000000000000000, 0.0000000000000000000, 0.0000000000000000000, 0.0000000000000000000, 0.0000000000000000000, 0.0000000000000000000, 0.0000000000000000000 ) ;
#2382 = DIMENSIONAL_EXPONENTS ( 1.000000000000000000, 0.0000000000000000000, 0.0000000000000000000, 0.0000000000000000000, 0.0000000000000000000, 0.0000000000000000000, 0.0000000000000000000 ) ;
#2383 = DIMENSIONAL_EXPONENTS ( 1.000000000000000000, 0.0000000000000000000, 0.0000000000000000000, 0.0000000000000000000, 0.0000000000000000000, 0.0000000000000000000, 0.0000000000000000000 ) ;
#2384 = DIMENSIONAL_EXPONENTS ( 1.000000000000000000, 0.0000000000000000000, 0.0000000000000000000, 0.0000000000000000000, 0.0000000000000000000, 0.0000000000000000000, 0.0000000000000000000 ) ;
#2385 = DIMENSIONAL_EXPONENTS ( 1.000000000000000000, 0.0000000000000000000, 0.0000000000000000000, 0.0000000000000000000, 0.0000000000000000000, 0.0000000000000000000, 0.0000000000000000000 ) ;
#2386 = DIMENSIONAL_EXPONENTS ( 1.000000000000000000, 0.0000000000000000000, 0.0000000000000000000, 0.0000000000000000000, 0.0000000000000000000, 0.0000000000000000000, 0.0000000000000000000 ) ;
#2387 = DIMENSIONAL_EXPONENTS ( 1.000000000000000000, 0.0000000000000000000, 0.0000000000000000000, 0.0000000000000000000, 0.0000000000000000000, 0.0000000000000000000, 0.0000000000000000000 ) ;
#2388 = DIMENSIONAL_EXPONENTS ( 1.000000000000000000, 0.0000000000000000000, 0.0000000000000000000, 0.0000000000000000000, 0.0000000000000000000, 0.0000000000000000000, 0.0000000000000000000 ) ;
#2389 = DIMENSIONAL_EXPONENTS ( 1.000000000000000000, 0.0000000000000000000, 0.0000000000000000000, 0.0000000000000000000, 0.0000000000000000000, 0.0000000000000000000, 0.0000000000000000000 ) ;
#2390 = DIMENSIONAL_EXPONENTS ( 1.000000000000000000, 0.0000000000000000000, 0.0000000000000000000, 0.0000000000000000000, 0.0000000000000000000, 0.0000000000000000000, 0.0000000000000000000 ) ;
#2391 = DIMENSIONAL_EXPONENTS ( 1.000000000000000000, 0.0000000000000000000, 0.0000000000000000000, 0.0000000000000000000, 0.0000000000000000000, 0.0000000000000000000, 0.0000000000000000000 ) ;
#2392 = DIMENSIONAL_EXPONENTS ( 1.000000000000000000, 0.0000000000000000000, 0.0000000000000000000, 0.0000000000000000000, 0.0000000000000000000, 0.0000000000000000000, 0.0000000000000000000 ) ;
#2393 = DIMENSIONAL_EXPONENTS ( 1.000000000000000000, 0.0000000000000000000, 0.0000000000000000000, 0.0000000000000000000, 0.0000000000000000000, 0.0000000000000000000, 0.0000000000000000000 ) ;
#2394 = DIMENSIONAL_EXPONENTS ( 1.000000000000000000, 0.0000000000000000000, 0.0000000000000000000, 0.0000000000000000000, 0.0000000000000000000, 0.0000000000000000000, 0.0000000000000000000 ) ;
#2395 = DIMENSIONAL_EXPONENTS ( 1.000000000000000000, 0.0000000000000000000, 0.0000000000000000000, 0.0000000000000000000, 0.0000000000000000000, 0.0000000000000000000, 0.0000000000000000000 ) ;
#2396 = DIMENSIONAL_EXPONENTS ( 1.000000000000000000, 0.0000000000000000000, 0.0000000000000000000, 0.0000000000000000000, 0.0000000000000000000, 0.0000000000000000000, 0.0000000000000000000 ) ;
#2397 = DIMENSIONAL_EXPONENTS ( 1.000000000000000000, 0.0000000000000000000, 0.0000000000000000000, 0.0000000000000000000, 0.0000000000000000000, 0.0000000000000000000, 0.0000000000000000000 ) ;
#2398 = DIMENSIONAL_EXPONENTS ( 1.000000000000000000, 0.0000000000000000000, 0.0000000000000000000, 0.0000000000000000000, 0.0000000000000000000, 0.0000000000000000000, 0.0000000000000000000 ) ;
#2399 = DIMENSIONAL_EXPONENTS ( 1.000000000000000000, 0.0000000000000000000, 0.0000000000000000000, 0.0000000000000000000, 0.0000000000000000000, 0.0000000000000000000, 0.0000000000000000000 ) ;
#2400 = DIMENSIONAL_EXPONENTS ( 1.000000000000000000, 0.0000000000000000000, 0.0000000000000000000, 0.0000000000000000000, 0.0000000000000000000, 0.0000000000000000000, 0.0000000000000000000 ) ;
#2401 = DIMENSIONAL_EXPONENTS ( 1.000000000000000000, 0.0000000000000000000, 0.0000000000000000000, 0.0000000000000000000, 0.0000000000000000000, 0.0000000000000000000, 0.0000000000000000000 ) ;
#2402 = DIMENSIONAL_EXPONENTS ( 1.000000000000000000, 0.0000000000000000000, 0.0000000000000000000, 0.0000000000000000000, 0.0000000000000000000, 0.0000000000000000000, 0.0000000000000000000 ) ;
#2403 = DIMENSIONAL_EXPONENTS ( 1.000000000000000000, 0.0000000000000000000, 0.0000000000000000000, 0.0000000000000000000, 0.0000000000000000000, 0.0000000000000000000, 0.0000000000000000000 ) ;
#2404 = DIMENSIONAL_EXPONENTS ( 1.000000000000000000, 0.0000000000000000000, 0.0000000000000000000, 0.0000000000000000000, 0.0000000000000000000, 0.0000000000000000000, 0.0000000000000000000 ) ;
#2405 = DIMENSIONAL_EXPONENTS ( 1.000000000000000000, 0.0000000000000000000, 0.0000000000000000000, 0.0000000000000000000, 0.0000000000000000000, 0.0000000000000000000, 0.0000000000000000000 ) ;
#2406 = DIMENSIONAL_EXPONENTS ( 1.000000000000000000, 0.0000000000000000000, 0.0000000000000000000, 0.0000000000000000000, 0.0000000000000000000, 0.0000000000000000000, 0.0000000000000000000 ) ;
ENDSEC;
END-ISO-10303-21;
